Date,HO.PA,BA.L,RHM.DE,AIR.PA,RR.L,SAF.PA,LDO.MI,SAAB-B.ST,AM.PA,KOG.OL
2021-08-06,79.6869125366211,574.0557861328125,79.31285095214844,107.24816131591797,112.39680480957031,107.40186309814453,6.401339530944824,63.15957260131836,93.69903564453125,44.919944763183594
2021-08-09,79.07379913330078,568.6627807617188,78.18357849121094,105.28485870361328,109.05750274658203,105.01726531982422,6.391948699951172,62.24281692504883,92.50131225585938,44.564849853515625
2021-08-10,79.27217102050781,570.2606811523438,78.07064056396484,105.65182495117188,109.99729919433594,104.52127075195312,6.382556438446045,62.17044448852539,92.31704711914062,44.42280960083008
2021-08-11,79.39839172363281,577.651123046875,77.99535369873047,106.16558074951172,111.57696533203125,104.54034423828125,6.536579608917236,61.83268737792969,93.05410766601562,44.387298583984375
2021-08-12,78.98363494873047,578.2504272460938,77.48717498779297,105.7802734375,109.53738403320312,104.63573455810547,6.485864639282227,61.66381072998047,91.94852447509766,44.24525833129883
2021-08-13,78.69511413574219,579.4488525390625,78.9928970336914,105.90870666503906,111.15705871582031,104.67388153076172,6.585416316986084,61.68794250488281,91.62604522705078,44.52933883666992
2021-08-16,78.67707824707031,579.2489624023438,78.69175720214844,105.15641021728516,109.67736053466797,102.708984375,6.478351593017578,61.494930267333984,90.84292602539062,44.13872528076172
2021-08-17,77.93773651123047,577.651123046875,78.37177276611328,104.16558074951172,111.43700408935547,101.69791412353516,6.384434700012207,61.08481216430664,89.55305480957031,43.854652404785156
2021-08-18,77.8656005859375,574.4554443359375,78.33413696289062,104.23897552490234,112.97667694091797,101.6597671508789,6.489621162414551,61.181312561035156,89.3687973022461,44.13872528076172
2021-08-19,76.02625274658203,569.2620239257812,77.33661651611328,100.95455932617188,111.19705200195312,99.50410461425781,6.346868515014648,60.409305572509766,87.06548309326172,43.32200622558594
2021-08-20,75.6475601196289,573.0570678710938,76.71549987792969,101.35823059082031,110.13727569580078,99.79025268554688,6.284883499145508,60.43342971801758,88.07894134521484,43.74811935424805
2021-08-23,75.90003204345703,571.2593383789062,77.35543060302734,102.49585723876953,113.71652221679688,99.29425811767578,6.360016345977783,60.77117919921875,88.5856704711914,44.20975112915039
2021-08-24,76.13446044921875,570.8599243164062,79.1058120727539,104.0921859741211,118.25559997558594,100.47701263427734,6.538458347320557,61.519065856933594,88.44747161865234,43.677101135253906
2021-08-25,76.49510192871094,567.2647094726562,78.29649353027344,106.34907531738281,116.45597076416016,102.0985336303711,6.504648208618164,62.266944885253906,88.12500762939453,44.387298583984375
2021-08-26,76.81969451904297,568.263427734375,77.86360931396484,105.50503540039062,116.03605651855469,102.07945251464844,6.452054977416992,61.880943298339844,88.12500762939453,44.564849853515625
2021-08-27,77.61314392089844,570.2606811523438,78.6352767944336,105.52337646484375,116.71590423583984,102.17484283447266,6.485864639282227,63.01482391357422,89.0002670288086,44.13872528076172
2021-08-30,77.23445892333984,570.2606811523438,78.37177276611328,105.37659454345703,116.71590423583984,101.41177368164062,6.461446762084961,62.0498161315918,88.9542007446289,43.712615966796875
2021-08-31,77.4869155883789,567.6641845703125,77.95771789550781,106.14723205566406,114.8363037109375,101.35454559326172,6.478351593017578,62.0498161315918,87.98680114746094,43.03792953491211
2021-09-01,78.33445739746094,565.4669189453125,76.54611206054688,108.25733947753906,114.9162826538086,103.24312591552734,6.624860763549805,61.30194091796875,89.23059844970703,43.78363800048828
2021-09-02,77.7393798828125,567.4642944335938,76.30145263671875,107.13806915283203,114.2164306640625,102.06036376953125,6.600442409515381,60.96417999267578,89.18453979492188,43.42853546142578
2021-09-03,77.37871551513672,563.4695434570312,76.18850708007812,105.02796936035156,111.67694854736328,99.61856079101562,6.534701347351074,61.68794250488281,86.88121795654297,43.10894775390625
2021-09-06,77.54100036621094,563.6693115234375,75.26627349853516,106.3123779296875,112.01688385009766,99.4087142944336,6.684967041015625,61.4708137512207,87.52613830566406,43.32200622558594
2021-09-07,75.7738037109375,556.0791015625,74.17464447021484,104.6793441772461,110.85712432861328,98.11150360107422,6.581659317016602,60.43342971801758,85.5452880859375,42.57630157470703
2021-09-08,75.21479034423828,554.2815551757812,72.76304626464844,104.33071899414062,111.23704528808594,96.94782257080078,6.4990129470825195,59.32368087768555,84.99249267578125,41.65304183959961
2021-09-09,75.82788848876953,555.2801513671875,72.6689453125,105.68851470947266,110.9970932006836,99.98101806640625,6.48022985458374,59.637306213378906,85.49922943115234,42.32773208618164
2021-09-10,74.94429779052734,553.6821899414062,72.46190643310547,104.9178695678711,109.157470703125,99.86654663085938,6.365651607513428,59.396053314208984,83.97903442382812,42.2212028503418
2021-09-13,76.00823211669922,554.2815551757812,73.66646575927734,105.57843780517578,111.86891174316406,102.3465347290039,6.453933238983154,59.46842956542969,85.08463287353516,42.39875030517578
2021-09-14,74.98035430908203,550.8858032226562,72.74423217773438,103.44998168945312,109.13748168945312,98.87457275390625,6.416366100311279,59.10654830932617,84.62396240234375,42.860382080078125
2021-09-15,73.82625579833984,548.2892456054688,73.13947296142578,103.0830078125,105.47823333740234,97.63457489013672,6.339354991912842,59.03417205810547,84.7160873413086,42.39875030517578
2021-09-16,73.5557632446289,553.4826049804688,73.25239562988281,105.39495086669922,109.0374984741211,99.79025268554688,6.360016345977783,59.227176666259766,83.5644302368164,42.32773208618164
2021-09-17,72.79837799072266,559.4747314453125,73.42179107666016,103.70686340332031,110.97709655761719,100.41976928710938,6.292396545410156,58.28630065917969,84.439697265625,42.2212028503418
2021-09-20,73.2852783203125,557.2775268554688,74.79573822021484,102.69768524169922,115.67613220214844,102.68991088867188,6.2416815757751465,58.74467468261719,84.53182983398438,40.83631896972656
2021-09-21,73.48363494873047,556.8782348632812,75.09687805175781,103.92704010009766,119.55533599853516,104.06343078613281,6.354381561279297,58.913551330566406,85.17675018310547,41.75957489013672
2021-09-22,74.16887664794922,562.4708862304688,76.5837631225586,106.27567291259766,122.15479278564453,105.26526641845703,6.442662715911865,60.457557678222656,85.40708923339844,41.79508590698242
2021-09-23,74.78199005126953,559.6744995117188,77.63775634765625,107.04631805419922,126.91381072998047,106.54340362548828,6.489621162414551,60.409305572509766,87.0194091796875,42.18568801879883
2021-09-24,75.14264678955078,561.0726318359375,77.73185729980469,105.87201690673828,132.47267150878906,106.23817443847656,6.442662715911865,60.55405807495117,86.09808349609375,41.901611328125
2021-09-27,77.10823059082031,565.866455078125,78.57881927490234,107.56008911132812,147.44955444335938,109.71012878417969,6.713141918182373,61.3984375,87.1115493774414,42.079158782958984
2021-09-28,75.7557601928711,565.866455078125,77.82595825195312,104.00044250488281,142.63055419921875,104.57850646972656,6.536579608917236,60.02330780029297,85.17675018310547,42.04364776611328
2021-09-29,76.13446044921875,570.0609741210938,78.5976333618164,107.6151351928711,144.57017517089844,107.32554626464844,6.7225341796875,60.38518142700195,87.24974822998047,42.75384521484375
2021-09-30,75.88199615478516,564.46826171875,79.78337860107422,105.59677124023438,140.111083984375,104.59758758544922,6.681210517883301,60.02330780029297,89.7373275756836,43.28649139404297
2021-10-01,76.63938903808594,564.2684936523438,79.87748718261719,106.95458221435547,142.85052490234375,106.0283432006836,6.715020656585693,60.50580978393555,86.3744888305664,43.002418518066406
2021-10-04,76.26070404052734,563.269775390625,80.29154968261719,104.27568054199219,142.1106719970703,104.1588134765625,6.820207118988037,59.56492614746094,86.14414978027344,42.43425750732422
2021-10-05,76.15248107910156,564.2684936523438,79.80220794677734,105.57843780517578,144.01026916503906,105.87571716308594,6.865286350250244,59.10654830932617,86.78907775878906,43.25098419189453
2021-10-06,74.87218475341797,562.0714111328125,79.16228485107422,104.05549621582031,140.47100830078125,105.1126480102539,6.7225341796875,58.913551330566406,83.70262908935547,42.824867248535156
2021-10-07,75.70166015625,568.8624877929688,80.7809066772461,104.77108764648438,141.1908416748047,108.26031494140625,6.694358825683594,59.902679443359375,84.99249267578125,44.2807731628418
2021-10-08,76.2967529296875,574.2554931640625,81.3831787109375,103.87200927734375,143.6703338623047,109.8055191040039,6.654913902282715,59.950923919677734,85.08463287353516,44.706886291503906
2021-10-11,76.63938903808594,585.0415649414062,81.43965148925781,104.4224624633789,145.44998168945312,110.39690399169922,6.7319254875183105,60.48168182373047,86.74301147460938,45.06198501586914
2021-10-12,75.41314697265625,590.6343383789062,81.477294921875,103.89035034179688,143.8703155517578,107.49723815917969,6.788275241851807,60.43342971801758,86.0059585571289,45.452598571777344
2021-10-13,74.24101257324219,591.8327026367188,80.856201171875,103.06465148925781,143.29043579101562,107.53538513183594,6.737560749053955,60.52993392944336,85.72956085205078,45.63014602661133
2021-10-14,75.35903930664062,596.2269897460938,81.94783020019531,104.00044250488281,143.410400390625,108.66092681884766,6.262343406677246,60.626434326171875,85.8216781616211,45.843204498291016
2021-10-15,75.14264678955078,598.6239624023438,81.36436462402344,105.41329956054688,144.53016662597656,110.62582397460938,6.316815376281738,60.91593551635742,86.3744888305664,47.47665786743164
2021-10-18,74.43937683105469,593.0311889648438,79.93395233154297,103.94539642333984,142.61056518554688,108.22216033935547,6.262343406677246,60.457557678222656,85.0385513305664,47.61869812011719
2021-10-19,73.26724243164062,591.8327026367188,79.95276641845703,103.04631042480469,139.41123962402344,105.87571716308594,6.204115867614746,59.44430160522461,84.30149841308594,47.334617614746094
2021-10-20,73.35741424560547,595.2283935546875,79.55752563476562,102.89952087402344,138.25146484375,103.98712158203125,6.221020221710205,60.84355926513672,84.439697265625,47.58318328857422
2021-10-21,73.70003509521484,584.7393188476562,79.04934692382812,102.18392181396484,137.97152709960938,105.49417877197266,6.157157897949219,61.133056640625,84.439697265625,47.654205322265625
2021-10-22,73.48363494873047,588.9343872070312,79.36931610107422,100.71602630615234,135.0721435546875,105.41787719726562,6.14588737487793,58.96179962158203,83.84083557128906,48.54195022583008
2021-10-25,73.32133483886719,573.3521118164062,78.46588897705078,99.15638732910156,132.51263427734375,102.78529357910156,6.136495113372803,58.14154815673828,82.64310455322266,48.364402770996094
2021-10-26,73.3393783569336,562.164794921875,78.72940063476562,100.8628158569336,134.93214416503906,107.26831817626953,6.164670467376709,58.599918365478516,83.2419662475586,48.1158332824707
2021-10-27,73.01477813720703,557.5698852539062,78.9928970336914,100.91786193847656,133.89236450195312,106.82955932617188,6.106441974639893,58.79292297363281,82.91950988769531,48.61296463012695
2021-10-28,72.60002899169922,554.7731323242188,78.12711334228516,102.75273132324219,131.9927520751953,108.81352996826172,6.0463361740112305,58.093292236328125,83.38016510009766,47.54767990112305
2021-10-29,71.82462310791016,551.1771850585938,78.89877319335938,101.46832275390625,131.8127899169922,110.68304443359375,5.952419281005859,57.61079406738281,83.14984130859375,49.18113327026367
2021-11-01,72.05903625488281,552.9750366210938,79.61398315429688,100.6059341430664,133.39247131347656,109.71012878417969,6.042579174041748,57.36954116821289,83.6104965209961,47.3701286315918
2021-11-02,72.74427795410156,553.3746948242188,78.9928970336914,101.1930923461914,132.87255859375,109.86276245117188,6.057605743408203,57.586669921875,84.76216125488281,46.30482864379883
2021-11-03,73.23118591308594,559.9672241210938,80.19745635986328,99.0829849243164,132.57264709472656,108.71814727783203,6.213508129119873,57.73141860961914,85.26889038085938,47.90277099609375
2021-11-04,74.42133331298828,566.3600463867188,80.51741027832031,100.00041961669922,135.05213928222656,109.30952453613281,6.213508129119873,58.14154815673828,86.2823486328125,48.47093200683594
2021-11-05,75.84593200683594,573.3521118164062,82.3995361328125,104.495849609375,142.9105224609375,114.80361938476562,6.12522554397583,59.15480041503906,88.67780303955078,47.97378921508789
2021-11-08,74.8360824584961,570.9547729492188,80.63034057617188,106.09219360351562,141.73074340820312,114.57469940185547,6.159036159515381,59.34780502319336,88.03287506103516,48.364402770996094
2021-11-09,75.37706756591797,567.1590576171875,81.32672119140625,106.7160415649414,146.82969665527344,115.05162811279297,6.149643898010254,59.66143035888672,88.03287506103516,48.64847946166992
2021-11-10,75.17870330810547,569.3566284179688,81.83489227294922,106.60594940185547,147.16961669921875,117.32174682617188,6.2247772216796875,59.78205490112305,88.30927276611328,49.110107421875
2021-11-11,74.07872772216797,570.3555297851562,81.72196960449219,105.22980499267578,145.3699951171875,115.96729278564453,6.192844867706299,59.61317825317383,86.2823486328125,49.92683410644531
2021-11-12,73.30330657958984,570.1556396484375,82.83242797851562,102.88116455078125,143.2504425048828,115.52853393554688,6.151522636413574,59.68555450439453,85.36102294921875,49.678260803222656
2021-11-15,73.73609161376953,570.1556396484375,83.30294799804688,104.62429809570312,143.97027587890625,115.08977508544922,6.149643898010254,59.396053314208984,85.59136199951172,49.64276123046875
2021-11-16,73.08690643310547,562.9638671875,83.24649047851562,105.50503540039062,143.89031982421875,113.96424865722656,6.108320713043213,60.722930908203125,84.80823516845703,49.89133071899414
2021-11-17,71.95084381103516,564.56201171875,82.02311706542969,104.99127197265625,140.41102600097656,110.83566284179688,6.055727481842041,59.950923919677734,84.02510070800781,48.719505310058594
2021-11-18,72.49183654785156,568.1580200195312,81.36436462402344,103.90869903564453,141.4508056640625,110.47320556640625,6.027552604675293,60.19218063354492,84.76216125488281,48.68399429321289
2021-11-19,70.54428100585938,564.3622436523438,80.38566589355469,100.36740112304688,135.971923828125,107.7452392578125,5.8171796798706055,59.54080581665039,82.04424285888672,49.07460021972656
2021-11-22,70.12953186035156,563.16357421875,80.66798400878906,99.79859161376953,135.7919921875,106.4480209350586,5.832206726074219,60.168052673339844,81.44538116455078,49.18113327026367
2021-11-23,70.7967529296875,567.9581298828125,79.93395233154297,101.1563949584961,135.83197021484375,107.0394058227539,5.841597557067871,59.227176666259766,81.72177124023438,49.07460021972656
2021-11-24,70.85084533691406,563.16357421875,78.7105712890625,102.25730895996094,134.9921417236328,107.28739929199219,5.920487880706787,59.17892837524414,81.62964630126953,49.1456184387207
2021-11-25,70.81478118896484,560.5665893554688,78.14592742919922,102.99127197265625,137.51161193847656,107.45909118652344,5.965568542480469,59.902679443359375,82.55097198486328,48.719505310058594
2021-11-26,67.1360855102539,549.1793823242188,74.88984680175781,91.15634155273438,121.534912109375,96.4327392578125,5.695089340209961,57.007667541503906,78.03646087646484,47.19257736206055
2021-11-29,66.61314392089844,549.1793823242188,74.34403228759766,91.4591064453125,122.4747314453125,96.90966796875,5.676305294036865,57.56254196166992,77.80613708496094,47.61869812011719
2021-11-30,65.35084533691406,547.5812377929688,73.9864273071289,90.5691909790039,122.4747314453125,94.2198486328125,5.618077278137207,56.93528747558594,77.02300262451172,47.29910659790039
2021-12-01,65.8738021850586,552.9750366210938,74.87102508544922,93.5049819946289,126.11396789550781,98.35950469970703,5.736412048339844,57.51428985595703,78.68138885498047,47.86726760864258
2021-12-02,65.27872467041016,550.9773559570312,75.02159881591797,92.75269317626953,125.41412353515625,97.42472839355469,5.66127872467041,57.1282958984375,77.52973175048828,47.93828201293945
2021-12-03,66.03608703613281,550.1783447265625,75.28508758544922,90.4132308959961,124.87423706054688,94.10540008544922,5.618077278137207,56.59754180908203,82.55097198486328,48.47093200683594
2021-12-06,67.47870635986328,558.1692504882812,76.50848388671875,94.3490219116211,129.67323303222656,98.98902893066406,5.6913323402404785,53.48539733886719,85.68348693847656,47.15707015991211
2021-12-07,67.87864685058594,557.5698852539062,78.10828399658203,97.13802337646484,131.77281188964844,101.16376495361328,5.74204683303833,54.836395263671875,85.91381072998047,48.1158332824707
2021-12-08,67.75140380859375,553.5745239257812,78.46588897705078,98.40408325195312,128.61346435546875,102.55636596679688,5.719507694244385,54.42627716064453,86.0059585571289,48.186851501464844
2021-12-09,67.1151351928711,549.379150390625,77.20486450195312,96.78939819335938,124.27435302734375,101.06838989257812,5.668792247772217,54.35390090942383,85.31494903564453,48.47093200683594
2021-12-10,66.38800048828125,549.379150390625,76.90372467041016,96.86280059814453,122.77466583251953,99.02717590332031,5.633103847503662,53.82314682006836,84.76216125488281,47.83176040649414
2021-12-13,65.18821716308594,544.1849975585938,75.8685531616211,94.5692138671875,116.9158706665039,96.03213500976562,5.529796123504639,52.59276580810547,82.32063293457031,47.47665786743164
2021-12-14,65.24275970458984,538.5914306640625,76.47083282470703,94.03709411621094,117.11582946777344,95.91767883300781,5.629347324371338,52.544517517089844,81.85997009277344,46.801971435546875
2021-12-15,64.44290161132812,530.400634765625,75.9250259399414,91.73432159423828,112.99667358398438,93.95277404785156,5.603050708770752,52.66514205932617,80.93865203857422,47.19257736206055
2021-12-16,65.38817596435547,534.5958251953125,76.64022827148438,93.94535064697266,113.35659790039062,95.38352966308594,5.666913986206055,53.22002410888672,82.5970458984375,47.47665786743164
2021-12-17,65.93354797363281,531.998779296875,76.47083282470703,95.54168701171875,114.27642059326172,96.56627655029297,5.721385478973389,53.65427017211914,84.439697265625,47.050540924072266
2021-12-20,65.09732818603516,528.203125,74.64517211914062,93.63343048095703,110.45720672607422,94.8493881225586,5.584267616271973,52.95464324951172,83.42623901367188,46.375850677490234
2021-12-21,66.40617370605469,538.5914306640625,76.41436004638672,97.98206329345703,114.5363540649414,96.85243225097656,5.74204683303833,54.25740432739258,83.65657043457031,47.97378921508789
2021-12-22,67.46053314208984,543.5857543945312,77.16722106933594,101.90868377685547,118.3155746459961,99.73301696777344,5.881043434143066,54.54690170288086,85.36102294921875,48.89704895019531
2021-12-23,67.98771667480469,543.1860961914062,77.95771789550781,102.6059341430664,120.8150634765625,102.0985336303711,5.884799957275391,55.1500244140625,87.06548309326172,49.71377944946289
2021-12-24,67.6968765258789,544.5845947265625,77.95771789550781,102.45914459228516,121.59490966796875,101.77423095703125,5.884799957275391,55.1500244140625,87.0194091796875,49.71377944946289
2021-12-27,68.22404479980469,544.5845947265625,78.37177276611328,103.06465148925781,121.59490966796875,101.75515747070312,5.967446327209473,55.24653244018555,86.78907775878906,50.4949951171875
2021-12-28,68.66032409667969,544.5845947265625,78.57881927490234,104.05549621582031,121.59490966796875,101.94591522216797,5.973081588745117,55.897911071777344,87.1576156616211,50.35295867919922
2021-12-29,68.33309936523438,548.1805419921875,78.56000518798828,102.86282348632812,121.85485076904297,101.06838989257812,5.920487880706787,54.98115158081055,86.88121795654297,50.672542572021484
2021-12-30,68.44217681884766,548.7798461914062,78.16474914550781,103.37659454345703,123.05461120605469,102.13668823242188,5.916731357574463,55.56016159057617,87.1576156616211,50.77906799316406
2021-12-31,67.98771667480469,549.1793823242188,78.16474914550781,103.0830078125,122.85465240478516,102.68991088867188,5.916731357574463,55.56016159057617,87.52613830566406,50.77906799316406
2022-01-03,68.84209442138672,549.1793823242188,79.87748718261719,106.55091094970703,122.85465240478516,104.99819946289062,5.999377727508545,55.75315856933594,88.9542007446289,51.1341667175293
2022-01-04,70.35093688964844,553.9739379882812,81.19498443603516,109.0646743774414,127.05377960205078,105.70402526855469,6.042579174041748,56.81466293334961,92.40918731689453,51.453758239746094
2022-01-05,70.0418930053711,546.382568359375,82.90771484375,110.45918273925781,128.5134735107422,106.54340362548828,6.050092697143555,56.30803298950195,93.05410766601562,50.85009002685547
2022-01-06,70.22367095947266,549.1793823242188,81.70315551757812,108.84449768066406,126.25394439697266,106.58155059814453,5.9280009269714355,56.30803298950195,95.91022491455078,51.34722900390625
2022-01-07,70.45999908447266,557.969482421875,82.13603210449219,107.98210906982422,127.11376953125,106.98217010498047,5.963689804077148,57.1282958984375,95.17316436767578,51.02764129638672
2022-01-10,71.6052474975586,571.3543090820312,81.85372161865234,108.1839370727539,127.6336669921875,107.44001007080078,6.0745110511779785,56.621665954589844,95.8180923461914,49.96234893798828
2022-01-11,71.44163513183594,570.5552978515625,83.15238952636719,108.64266204833984,126.97379302978516,105.76126098632812,6.166548728942871,57.44191360473633,95.35742950439453,50.74356460571289
2022-01-12,71.1871337890625,573.1522827148438,82.92652893066406,108.88119506835938,126.85381317138672,104.80742645263672,6.151522636413574,56.452789306640625,94.3439712524414,51.986412048339844
2022-01-13,71.51436614990234,577.5473022460938,84.0558090209961,107.6151351928711,127.67365264892578,107.17293548583984,6.232290267944336,56.35628890991211,94.52822875976562,52.30598831176758
2022-01-14,73.25948333740234,579.1455688476562,86.5778579711914,107.6518325805664,125.21415710449219,107.5926284790039,6.3506245613098145,56.88703918457031,96.37088775634766,51.595802307128906
2022-01-17,74.3683853149414,589.7335815429688,86.97310638427734,107.11972045898438,125.8740234375,107.36370849609375,6.365651607513428,57.417789459228516,96.1866226196289,51.70232391357422
2022-01-18,75.6954116821289,598.3239135742188,88.51644897460938,106.3123779296875,125.63408660888672,106.88677978515625,6.408853054046631,56.30803298950195,96.64729309082031,50.81459045410156
2022-01-19,75.80448150634766,597.7247314453125,88.85523986816406,105.61512756347656,123.11458587646484,107.00125122070312,6.489621162414551,56.57341384887695,95.0810317993164,50.24642562866211
2022-01-20,75.8408432006836,598.3239135742188,88.59172821044922,106.16558074951172,123.69447326660156,107.49723815917969,6.493377685546875,56.54928207397461,95.54169464111328,49.4652099609375
2022-01-21,74.62288665771484,596.3260498046875,87.93299102783203,104.0371322631836,119.69529724121094,106.00926208496094,6.386313438415527,56.33216094970703,94.06756591796875,48.47093200683594
2022-01-24,73.09587860107422,597.3248901367188,84.94041442871094,98.47747802734375,112.97667694091797,99.21794128417969,6.200358867645264,55.22240447998047,92.13278198242188,46.7309455871582
2022-01-25,73.85939025878906,602.3194580078125,84.95923614501953,99.39491271972656,115.81609344482422,100.9920883178711,5.847232818603516,54.281524658203125,94.15969848632812,46.90850067138672
2022-01-26,75.29548645019531,607.3136596679688,86.31436157226562,104.78943634033203,117.65571594238281,104.19696807861328,5.950541019439697,54.90877914428711,98.30567932128906,48.57746505737305
2022-01-27,74.87737274169922,603.3182373046875,87.57539367675781,104.9729232788086,115.4761734008789,103.03329467773438,6.008769512176514,54.040279388427734,97.38434600830078,48.82603073120117
2022-01-28,74.16841888427734,591.5316162109375,87.55656433105469,102.18392181396484,112.99667358398438,99.14163970947266,6.066997051239014,52.95464324951172,96.09449768066406,47.58318328857422
2022-01-31,74.02299499511719,576.5485229492188,86.67196655273438,102.86282348632812,114.47637939453125,101.69791412353516,5.993742942810059,52.9787712097168,96.46302032470703,47.654205322265625
2022-02-01,75.29548645019531,579.7447509765625,87.72596740722656,105.90870666503906,117.19581604003906,105.85664367675781,6.048214912414551,54.7640266418457,99.50340270996094,47.86726760864258
2022-02-02,72.9686279296875,571.5541381835938,87.01074981689453,103.94539642333984,115.17622375488281,104.7883529663086,6.014404773712158,54.37802505493164,97.93714904785156,47.796241760253906
2022-02-03,72.7141342163086,571.9536743164062,87.14250183105469,102.42244720458984,116.63593292236328,102.46097564697266,5.959933280944824,54.474525451660156,97.84500122070312,47.725223541259766
2022-02-04,71.29621124267578,571.9536743164062,85.1850814819336,101.21144104003906,113.5765609741211,101.2591552734375,5.77209997177124,53.82314682006836,97.84500122070312,47.7607421875
2022-02-07,72.02335357666016,575.7493896484375,85.9002914428711,103.61511993408203,115.55615234375,102.57545471191406,5.71199369430542,54.57102584838867,98.30567932128906,47.405635833740234
2022-02-08,73.27765655517578,584.9388427734375,88.36587524414062,106.09219360351562,117.19581604003906,103.72004699707031,5.850989818572998,56.0667839050293,100.42472839355469,47.7607421875
2022-02-09,74.53199005126953,590.9322509765625,89.41986846923828,107.79862213134766,119.83527374267578,107.45909118652344,5.931758403778076,56.33216094970703,101.43818664550781,49.1456184387207
2022-02-10,76.3134765625,596.3260498046875,90.36093139648438,108.53257751464844,122.6946792602539,109.76737213134766,6.089537620544434,57.321292877197266,106.59761810302734,48.82603073120117
2022-02-11,76.47708892822266,601.1207885742188,91.2267074584961,108.71605682373047,120.87506103515625,109.71012878417969,6.132739543914795,55.70490264892578,107.2425537109375,49.110107421875
2022-02-14,75.49545288085938,599.3228149414062,90.41738891601562,106.69769287109375,117.67571258544922,107.0394058227539,6.068875789642334,54.93290710449219,106.22911071777344,50.60152053833008
2022-02-15,76.56798553466797,601.520263671875,92.16777801513672,108.62432098388672,120.29517364501953,109.69105529785156,6.36752986907959,55.72903060913086,109.08521270751953,50.99212646484375
2022-02-16,76.85884094238281,597.5247192382812,92.39363861083984,108.1472396850586,121.69487762451172,110.6448974609375,6.373165130615234,55.70490264892578,108.34815216064453,50.77906799316406
2022-02-17,76.67704010009766,593.7291259765625,91.09496307373047,106.7160415649414,117.99564361572266,109.08060455322266,6.2416815757751465,55.4154052734375,107.7032241821289,50.35295867919922
2022-02-18,76.74976348876953,596.7257690429688,90.75618743896484,105.50503540039062,117.03584289550781,108.20307922363281,6.198480606079102,54.61928176879883,105.95269775390625,50.38846206665039
2022-02-21,75.51362609863281,591.1318359375,88.30941772460938,102.88116455078125,114.69632720947266,105.87571716308594,6.023796558380127,52.39976501464844,103.74150848388672,49.99785614013672
2022-02-22,75.877197265625,592.33056640625,90.24800872802734,104.6609878540039,117.99564361572266,107.955078125,6.025673866271973,51.6036376953125,106.13695526123047,50.81459045410156
2022-02-23,76.58616638183594,600.1217651367188,91.07614135742188,104.53255462646484,117.67571258544922,107.15385437011719,6.010647296905518,51.09701156616211,105.6762924194336,50.956626892089844
2022-02-24,80.3127670288086,631.0868530273438,94.15342712402344,99.9270248413086,102.35887145996094,103.1095962524414,6.271735191345215,54.957027435302734,110.09867095947266,50.60152053833008
2022-02-25,83.60306549072266,652.262939453125,100.74087524414062,106.34907531738281,106.05811309814453,109.2522964477539,6.527187347412109,58.455177307128906,114.70531463623047,52.199459075927734
2022-02-28,93.52854919433594,718.7877197265625,125.72611236572266,105.41329956054688,103.47864532470703,109.4049072265625,7.513309955596924,69.02198791503906,123.73432922363281,55.075767517089844
2022-03-01,98.34586334228516,745.3577270507812,147.37057495117188,95.57838439941406,91.98101043701172,98.9127197265625,7.622252941131592,70.46947479248047,120.6939468383789,58.20063018798828
2022-03-02,93.52854919433594,723.1827392578125,142.8534698486328,100.62428283691406,98.20972442626953,103.26220703125,7.507674694061279,73.46100616455078,119.77262115478516,59.834083557128906
2022-03-03,97.07337951660156,693.2166137695312,139.9361572265625,96.34902954101562,94.98039245605469,98.96996307373047,7.498283386230469,73.46100616455078,120.6939468383789,58.378177642822266
2022-03-04,97.84596252441406,690.8192749023438,139.9361572265625,89.08293914794922,90.21138000488281,92.52202606201172,7.098199844360352,73.09912109375,119.77262115478516,58.555728912353516
2022-03-07,104.34478759765625,739.9637451171875,146.14720153808594,86.22972106933594,88.1917953491211,90.91004180908203,7.545241832733154,77.34513854980469,120.78607940673828,56.7092170715332
2022-03-08,105.16281127929688,753.5484008789062,142.10061645507812,86.358154296875,91.36114501953125,91.04357147216797,7.5377278327941895,77.56226348876953,122.35233306884766,58.236141204833984
2022-03-09,100.70909118652344,721.7843627929688,135.37200927734375,94.62425231933594,94.36051940917969,99.6567153930664,7.577172756195068,74.66724395751953,115.53450775146484,55.50188064575195
2022-03-10,101.66344451904297,733.3712158203125,142.99462890625,91.55084228515625,91.7110824584961,96.58537292480469,7.689872741699219,80.21602630615234,119.77262115478516,57.6679801940918
2022-03-11,101.84524536132812,732.172607421875,146.00601196289062,95.00956726074219,93.49071502685547,99.33240509033203,8.57644271850586,85.35468292236328,121.7074203491211,57.81002426147461
2022-03-14,99.663818359375,722.7831420898438,142.47705078125,95.92700958251953,93.76065063476562,100.47701263427734,8.437446594238281,84.9928207397461,121.9837875366211,58.59123611450195
2022-03-15,101.29988861083984,731.5733642578125,145.44137573242188,94.60590362548828,92.25096130371094,98.41673278808594,8.572687149047852,86.87456512451172,123.1815185546875,57.95206069946289
2022-03-16,100.11827087402344,705.203125,147.08827209472656,98.00041961669922,94.36051940917969,103.0523681640625,8.155696868896484,82.7732925415039,119.40408325195312,58.307159423828125
2022-03-17,101.7997817993164,722.58349609375,153.39337158203125,98.3857421875,94.16056060791016,101.90776062011719,8.279667854309082,84.43793487548828,120.87821197509766,59.12388229370117
2022-03-18,102.07247161865234,721.9840698242188,159.5102996826172,97.3765640258789,93.16077423095703,101.62161254882812,8.22707462310791,84.4620590209961,118.8512954711914,59.017356872558594
2022-03-21,104.572021484375,730.3746948242188,174.04971313476562,96.62425994873047,93.0807876586914,98.77919006347656,8.469378471374512,88.85283660888672,123.6421890258789,60.863861083984375
2022-03-22,105.11737823486328,735.9682006835938,167.60345458984375,99.32152557373047,94.77043914794922,100.09547424316406,8.503188133239746,86.53681182861328,125.48484802246094,61.60957336425781
2022-03-23,105.43549346923828,734.1702880859375,169.3444061279297,98.3857421875,92.04100036621094,99.50410461425781,8.728588104248047,85.16168212890625,125.3927230834961,62.24875259399414
2022-03-24,107.25334930419922,747.9547729492188,184.4014129638672,98.53252410888672,92.28096771240234,99.73301696777344,8.753005027770996,85.88543701171875,127.41963195800781,62.46180725097656
2022-03-25,109.3438949584961,754.147705078125,190.09486389160156,98.66096496582031,110.11727142333984,99.63764190673828,8.884489059448242,88.1531982421875,131.9341278076172,63.456085205078125
2022-03-28,107.2079086303711,730.7741088867188,182.8486785888672,98.8077621459961,98.35970306396484,98.83642578125,8.627158164978027,84.7998046875,130.82855224609375,61.822635650634766
2022-03-29,101.84524536132812,712.1952514648438,175.03785705566406,104.18392944335938,102.35887145996094,105.03634643554688,8.424298286437988,82.21842956542969,130.3678741455078,60.72182846069336
2022-03-30,103.84486389160156,729.7753295898438,179.79022216796875,102.16556549072266,103.03873443603516,103.0523681640625,8.640305519104004,82.0495376586914,131.5655975341797,62.426292419433594
2022-03-31,103.57219696044922,716.5902099609375,180.77833557128906,101.24813842773438,101.07913970947266,102.30838012695312,8.471258163452148,82.45965576171875,132.39480590820312,62.31977081298828
2022-04-01,102.34514617919922,712.9942626953125,181.484130859375,101.85364532470703,99.34949493408203,102.04129791259766,8.533242225646973,82.17017364501953,132.11839294433594,62.46180725097656
2022-04-04,105.43549346923828,726.3792114257812,192.8239288330078,101.00960540771484,100.33928680419922,101.69791412353516,8.762397766113281,83.78654479980469,134.6060028076172,63.74016189575195
2022-04-05,105.98085021972656,739.9637451171875,196.11766052246094,96.55087280273438,98.6396484375,98.41673278808594,8.753005027770996,83.18341064453125,136.26437377929688,64.48587036132812
2022-04-06,106.75344848632812,733.9705200195312,190.09486389160156,95.22976684570312,96.44010162353516,96.4327392578125,8.653454780578613,83.66592407226562,135.6194610595703,63.8822021484375
2022-04-07,107.25334930419922,733.9705200195312,184.58963012695312,93.5600357055664,94.7304458618164,96.0702896118164,8.486283302307129,82.4423828125,134.05320739746094,64.09526062011719
2022-04-08,109.02574920654297,742.7606201171875,182.80162048339844,94.86279296875,94.26054382324219,97.00505828857422,8.514458656311035,85.89276885986328,134.51385498046875,64.98300170898438
2022-04-11,111.7979736328125,764.1365356445312,190.09486389160156,95.8169174194336,94.98039245605469,97.29119873046875,8.910784721374512,89.78363800048828,142.62155151367188,65.76422882080078
2022-04-12,113.66129302978516,770.72900390625,195.74124145507812,96.01876831054688,89.77146911621094,96.85243225097656,9.15496826171875,91.2274169921875,143.72714233398438,67.04257202148438
2022-04-13,114.34297943115234,759.3419799804688,197.90570068359375,95.74352264404297,90.01142120361328,97.31027221679688,9.31650447845459,97.05148315429688,144.64845275878906,69.13766479492188
2022-04-14,116.79706573486328,764.5361328125,197.99978637695312,97.35822296142578,93.41072082519531,99.08440399169922,9.513728141784668,98.73998260498047,147.22817993164062,69.13766479492188
2022-04-19,117.25153350830078,759.1421508789062,202.32870483398438,96.98596954345703,95.48029327392578,98.05426788330078,9.37661075592041,98.05479431152344,146.7675323486328,71.87191772460938
2022-04-20,115.93359375,763.7369995117188,204.21083068847656,98.47491455078125,93.40072631835938,100.28623962402344,9.53720760345459,96.65995788574219,145.66192626953125,72.4045639038086
2022-04-21,113.797607421875,740.5105590820312,204.6813507080078,100.98749542236328,96.58006286621094,104.40681457519531,9.49494457244873,93.13615417480469,146.39898681640625,72.7241439819336
2022-04-22,113.161376953125,744.3070678710938,204.30494689941406,97.39544677734375,91.55110931396484,102.02222442626953,9.485553741455078,95.0204086303711,145.56980895996094,71.90742492675781
2022-04-25,112.20699310302734,731.5188598632812,202.32870483398438,95.85066223144531,86.81208038330078,99.25609588623047,9.396332740783691,94.99593353271484,144.92486572265625,71.76538848876953
2022-04-26,112.0706558227539,726.3236694335938,202.51690673828125,94.95729064941406,84.0926513671875,100.34346771240234,9.452682495117188,96.65995788574219,146.1226043701172,71.48130798339844
2022-04-27,111.70708465576172,724.3255615234375,202.32870483398438,95.03174591064453,82.36299896240234,99.61856079101562,9.290206909179688,100.2082290649414,145.29339599609375,71.3747787475586
2022-04-28,110.61637878417969,730.91943359375,201.76405334472656,96.16705322265625,83.29280090332031,100.59147644042969,9.192534446716309,101.5296630859375,146.6753692626953,71.3747787475586
2022-04-29,110.88905334472656,739.3116455078125,202.14048767089844,98.21435546875,83.27281188964844,98.41673278808594,9.22634506225586,102.48402404785156,147.59671020507812,72.08497619628906
2022-05-02,109.79835510253906,739.3116455078125,199.12908935546875,96.76263427734375,83.27281188964844,95.00199127197266,9.046024322509766,102.0435562133789,147.13604736328125,71.48130798339844
2022-05-03,113.4794921875,765.8869018554688,209.29254150390625,99.14494323730469,84.18262481689453,95.84137725830078,9.363463401794434,104.00121307373047,152.20333862304688,73.50536346435547
2022-05-04,111.61619567871094,764.8878173828125,200.5406951904297,95.45980834960938,83.20282745361328,94.12447357177734,9.250763893127441,102.72872924804688,147.7809600830078,74.2865982055664
2022-05-05,111.34351348876953,759.2930908203125,198.564453125,101.45279693603516,81.72312927246094,92.62694549560547,9.171873092651367,102.948974609375,147.87310791015625,73.18578338623047
2022-05-06,110.02557373046875,755.2967529296875,195.5530242919922,100.0383071899414,80.2934341430664,91.01496887207031,9.200048446655273,102.45956420898438,146.49111938476562,71.1617202758789
2022-05-09,107.43512725830078,743.5077514648438,176.0259552001953,96.52068328857422,78.48380279541016,88.01992797851562,9.327774047851562,100.4774169921875,143.35861206054688,70.416015625
2022-05-10,106.16263580322266,745.1063232421875,171.1794891357422,97.33959197998047,78.23384857177734,88.38238525390625,9.04790210723877,97.81008911132812,141.9766082763672,57.13533020019531
2022-05-11,106.98066711425781,744.1072387695312,179.0867156982422,100.01969909667969,80.4833984375,91.43465423583984,9.160602569580078,100.96683502197266,143.635009765625,55.537391662597656
2022-05-12,103.84486389160156,730.7197265625,171.89833068847656,97.15348052978516,81.36319732666016,89.44112396240234,8.955865859985352,98.71551513671875,141.5159454345703,59.737701416015625
2022-05-13,103.57219696044922,740.5105590820312,176.25927734375,98.9774398803711,83.83269500732422,92.07372283935547,8.997188568115234,101.23601531982422,143.45074462890625,63.060611724853516
2022-05-16,105.48094940185547,752.8989868164062,180.380615234375,98.4935302734375,80.6633529663086,92.02603149414062,9.171873092651367,103.0468521118164,143.81927490234375,62.87392807006836
2022-05-17,106.73831939697266,757.294921875,182.7288360595703,100.76416778564453,81.1932373046875,94.0672378540039,9.263911247253418,102.23931121826172,144.92486572265625,62.87392807006836
2022-05-18,105.90623474121094,754.49755859375,182.4892120361328,100.44776916503906,84.76249694824219,93.39002227783203,9.25451946258545,101.82331848144531,145.01699829101562,64.1806869506836
2022-05-19,104.75055694580078,747.1044311523438,181.38699340820312,99.01466369628906,83.01286315917969,91.45372772216797,9.250763893127441,101.50518798828125,142.62155151367188,63.54597473144531
2022-05-20,105.21282958984375,747.9036254882812,183.8310546875,99.49856567382812,83.29280090332031,91.57772827148438,9.260154724121094,99.91458129882812,142.4373016357422,63.28463363647461
2022-05-23,106.96944427490234,762.290283203125,180.4764862060547,99.74051666259766,83.12284088134766,91.69219207763672,9.29771900177002,101.70095825195312,142.8961181640625,64.29269409179688
2022-05-24,107.29305267333984,768.684326171875,184.40611267089844,95.60869598388672,80.0634765625,87.83869171142578,9.41981315612793,102.53296661376953,142.3342742919922,64.4420394897461
2022-05-25,106.92323303222656,764.0885620117188,185.316650390625,97.48849487304688,83.50276184082031,90.34728240966797,9.452682495117188,105.02900695800781,144.39437866210938,64.74073028564453
2022-05-26,108.58740234375,770.2828979492188,186.37095642089844,101.49002075195312,86.42215728759766,94.02909088134766,9.584165573120117,105.02900695800781,147.10997009277344,64.74073028564453
2022-05-27,108.77230834960938,766.0866088867188,185.8917236328125,104.0956802368164,86.89207458496094,94.94477081298828,9.654603004455566,103.75652313232422,147.95272827148438,66.15949249267578
2022-05-30,107.61663818359375,760.8914794921875,188.81500244140625,104.72847747802734,88.97164154052734,95.29769134521484,9.62642765045166,104.27039337158203,148.23365783691406,64.21803283691406
2022-05-31,105.02791595458984,755.2967529296875,180.4764862060547,101.22946166992188,86.672119140625,92.26840209960938,9.410420417785645,101.55413055419922,147.6717987060547,62.35122299194336
2022-06-01,105.72132873535156,777.4761352539062,184.16651916503906,100.74555969238281,88.71170043945312,92.6326904296875,9.551295280456543,105.053466796875,150.29376220703125,62.276554107666016
2022-06-02,105.67510223388672,777.4761352539062,189.7255401611328,101.39696502685547,88.71170043945312,94.02271270751953,9.593558311462402,106.66854095458984,152.8220672607422,63.69532012939453
2022-06-03,105.62886047363281,777.4761352539062,199.8372039794922,101.13639831542969,88.71170043945312,92.21089935302734,9.781389236450195,107.45161437988281,153.10299682617188,63.135276794433594
2022-06-06,106.32228088378906,793.4613037109375,197.72860717773438,103.61177062988281,92.90082550048828,94.44448852539062,9.729735374450684,107.45161437988281,154.13304138183594,63.135276794433594
2022-06-07,106.96944427490234,793.0617065429688,203.2876434326172,102.60673522949219,91.84104919433594,93.6584243774414,10.049051284790039,108.87091827392578,154.88217163085938,64.47937774658203
2022-06-08,105.49018096923828,791.8627319335938,207.69650268554688,100.80138397216797,92.37093353271484,94.02271270751953,10.086617469787598,108.06338500976562,152.8220672607422,62.94860076904297
2022-06-09,104.61187744140625,776.6768798828125,199.26211547851562,98.08407592773438,91.67108154296875,91.13722229003906,9.833044052124023,103.92780303955078,149.82554626464844,63.060611724853516
2022-06-10,103.22506713867188,770.4826049804688,194.5657196044922,94.9200668334961,87.97183990478516,87.87786865234375,9.424508094787598,102.67979431152344,146.0799102783203,60.63376235961914
2022-06-13,105.39773559570312,764.2884521484375,194.5657196044922,90.75102233886719,86.15221405029297,84.68562316894531,9.049781799316406,97.32067108154297,145.70535278320312,60.14839172363281
2022-06-14,104.93546295166016,774.079345703125,198.1119842529297,89.67154693603516,87.90185546875,85.03073120117188,9.072319984436035,96.97808074951172,145.23715209960938,61.828514099121094
2022-06-15,105.2590560913086,762.8897094726562,201.46656799316406,89.75529479980469,90.6712875366211,87.90662384033203,9.230101585388184,98.88681030273438,145.6116943359375,61.0817985534668
2022-06-16,103.96469116210938,756.895263671875,197.34519958496094,86.54476165771484,87.07202911376953,86.0277099609375,9.079834938049316,95.70559692382812,143.1770477294922,60.18572998046875
2022-06-17,103.73355865478516,753.6982421875,202.52085876464844,87.5870361328125,87.69190216064453,87.36978912353516,9.11176586151123,93.72345733642578,142.98976135253906,62.05253982543945
2022-06-20,106.59963989257812,757.294921875,208.94248962402344,90.2485122680664,91.48111724853516,92.34510040283203,9.279479026794434,97.02702331542969,142.52154541015625,62.649906158447266
2022-06-21,106.78455352783203,761.2911987304688,214.69320678710938,89.4109878540039,90.81126403808594,91.35770416259766,9.605375289916992,98.91128540039062,142.7088165283203,63.09794616699219
2022-06-22,104.19583129882812,759.2930908203125,208.5591278076172,86.5075454711914,86.09223175048828,90.05396270751953,9.224209785461426,96.92914581298828,138.77590942382812,61.04446792602539
2022-06-23,103.1788330078125,763.2893676757812,196.86598205566406,84.60913848876953,81.8331069946289,88.57767486572266,9.071743965148926,94.16393280029297,134.37478637695312,59.96171188354492
2022-06-24,104.98169708251953,782.2716674804688,197.82444763183594,86.0794677734375,80.92330169677734,91.07012176513672,9.138447761535645,94.16393280029297,137.6522216796875,60.559085845947266
2022-06-27,106.22981262207031,797.8572387695312,205.87545776367188,86.74019622802734,81.7931137084961,89.02822875976562,9.052685737609863,96.3663101196289,137.83950805664062,62.575233459472656
2022-06-28,108.03268432617188,825.8311157226562,212.9679718017578,88.35010528564453,87.12202453613281,92.47930908203125,9.38620662689209,98.76445770263672,141.67877197265625,64.66605377197266
2022-06-29,107.24681854248047,826.230712890625,213.63888549804688,85.80960083007812,84.18262481689453,89.57464599609375,9.28329086303711,99.35175323486328,138.4949951171875,63.02326583862305
2022-06-30,108.21759033203125,829.427734375,211.1469268798828,86.0329360961914,82.93287658691406,90.31278991699219,9.222305297851562,103.41392517089844,139.431396484375,65.89814758300781
2022-07-01,111.08364868164062,837.6202392578125,203.76686096191406,88.62928771972656,86.0622329711914,91.16597747802734,9.397640228271484,101.7988510131836,141.11692810058594,67.01823425292969
2022-07-04,109.28080749511719,835.2223510742188,201.37074279785156,86.91700744628906,86.52214813232422,90.97425079345703,9.336654663085938,99.37622833251953,139.7123260498047,67.46626281738281
2022-07-05,103.27128601074219,803.8515625,180.42855834960938,83.21326446533203,79.10367584228516,88.00249481201172,8.639121055603027,95.33853149414062,128.10086059570312,63.28463363647461
2022-07-06,107.20059204101562,817.0392456054688,178.8471221923828,86.22837829589844,82.10305786132812,91.38646697998047,8.816363334655762,95.58323669433594,129.50546264648438,62.649906158447266
2022-07-07,108.95722961425781,815.640625,186.4188690185547,88.108154296875,85.2424087524414,94.63623046875,9.106048583984375,99.76776123046875,134.09385681152344,65.71147155761719
2022-07-08,110.85252380371094,809.0466918945312,186.8981170654297,89.37374877929688,87.11202239990234,95.30726623535156,9.481496810913086,101.01577758789062,136.99673461914062,65.56211853027344
2022-07-11,111.49969482421875,811.2446899414062,181.4349365234375,89.99724578857422,86.72210693359375,94.31988525390625,9.533906936645508,97.6387939453125,136.4348907470703,64.9647445678711
2022-07-12,113.9959716796875,819.6368408203125,183.01637268066406,93.4869613647461,88.76168060302734,97.12867736816406,9.838839530944824,101.4807357788086,139.89959716796875,65.97283172607422
2022-07-13,112.47047424316406,808.8468627929688,178.75125122070312,94.25003814697266,88.56172180175781,96.8410873413086,9.562495231628418,99.89009857177734,134.46844482421875,63.39663314819336
2022-07-14,111.17611694335938,796.2586669921875,171.9941864013672,92.70527648925781,85.30239868164062,96.5534896850586,9.20134162902832,98.6421127319336,130.9100799560547,61.380489349365234
2022-07-15,113.34879302978516,791.8627319335938,179.23048400878906,96.52068328857422,89.77146911621094,99.64028930664062,9.418604850769043,100.7955322265625,135.40484619140625,62.23921585083008
2022-07-18,113.62615966796875,809.24658203125,181.53077697753906,97.09764099121094,92.17097473144531,99.96621704101562,9.491025924682617,101.26046752929688,133.7193145751953,62.575233459472656
2022-07-19,115.10542297363281,810.4454956054688,184.5978240966797,98.4935302734375,93.83063507080078,99.9087142944336,9.867426872253418,101.74989318847656,135.21755981445312,62.50056457519531
2022-07-20,112.97897338867188,802.4529418945312,181.2432403564453,97.39544677734375,92.0110092163086,99.39105224609375,9.681609153747559,101.60307312011719,132.7828826904297,62.31389236450195
2022-07-21,112.51670837402344,782.4714965820312,173.0484619140625,97.30237579345703,92.33094024658203,98.77751922607422,9.302348136901855,96.65995788574219,130.44187927246094,62.20186996459961
2022-07-22,110.8062973022461,779.2745361328125,173.958984375,98.25157928466797,92.58089447021484,99.21849822998047,9.340465545654297,100.2571792602539,132.314697265625,63.39663314819336
2022-07-25,109.5119400024414,780.0736694335938,172.04209899902344,98.4935302734375,91.9310302734375,98.35572052001953,9.32903003692627,91.52107238769531,131.09735107421875,62.94860076904297
2022-07-26,111.68461608886719,786.2679443359375,170.6044158935547,97.71183776855469,87.67191314697266,99.16097259521484,9.336654663085938,92.13284301757812,129.78639221191406,63.95667266845703
2022-07-27,112.74783325195312,781.2725219726562,175.9717559814453,98.79132080078125,87.35196685791016,99.64028930664062,9.355711936950684,89.8570556640625,130.2545928955078,64.66605377197266
2022-07-28,114.68937683105469,778.6751098632812,176.11550903320312,95.88788604736328,86.42215728759766,101.05906677246094,9.426227569580078,90.64012145996094,130.9100799560547,64.81541442871094
2022-07-29,112.19309997558594,769.28369140625,171.41912841796875,97.60016632080078,89.25157928466797,102.5545425415039,8.705824851989746,89.71023559570312,130.62916564941406,66.2715072631836
2022-08-01,115.66014099121094,786.2679443359375,179.90139770507812,95.36675262451172,89.02162170410156,102.49701690673828,8.835420608520508,93.06273651123047,134.74935913085938,67.50360107421875
2022-08-02,116.7233657836914,801.4539184570312,185.316650390625,95.60869598388672,87.7818832397461,102.70792388916016,8.896407127380371,93.13615417480469,136.52853393554688,69.18372344970703
2022-08-03,115.47523498535156,796.0587768554688,187.3773193359375,96.87430572509766,90.7712631225586,103.3022689819336,8.831608772277832,91.7413101196289,135.77940368652344,68.06364440917969
2022-08-04,114.64314270019531,793.0617065429688,181.29115295410156,96.63233947753906,82.63294982910156,102.88047790527344,8.589568138122559,91.2274169921875,133.15745544433594,66.83155059814453
2022-08-05,114.18087768554688,791.4630126953125,159.9176788330078,97.5071029663086,82.98287200927734,101.6725845336914,8.557168960571289,89.9059829711914,134.5620880126953,66.71955108642578
2022-08-08,113.85728454589844,790.8635864257812,160.92404174804688,98.69824981689453,86.68211364746094,102.8996353149414,8.570510864257812,90.68907165527344,135.59213256835938,65.3381118774414
2022-08-09,115.05918884277344,798.0570068359375,158.04869079589844,99.0518798828125,84.64253997802734,103.51317596435547,8.604816436767578,91.44766998291016,136.90309143066406,65.22610473632812
2022-08-10,113.53369140625,788.8654174804688,156.51519775390625,100.05691528320312,85.5323486328125,105.27705383300781,8.566699981689453,90.73799896240234,135.12391662597656,66.45818328857422
2022-08-11,114.13463592529297,789.6648559570312,160.44482421875,100.35470581054688,84.74251556396484,105.35374450683594,8.63149642944336,91.27635955810547,136.4348907470703,66.15949249267578
2022-08-12,111.86952209472656,777.2763061523438,160.10935974121094,100.89444732666016,84.99246215820312,105.20036315917969,8.505712509155273,90.56671142578125,132.4083251953125,63.54597473144531
2022-08-15,112.28556060791016,781.0728149414062,162.88888549804688,101.24807739257812,85.73230743408203,107.34770202636719,8.505712509155273,91.34977722167969,134.37478637695312,64.51671600341797
2022-08-16,115.15164947509766,798.6564331054688,168.9271240234375,102.86729431152344,85.88227081298828,107.80784606933594,8.66199016571045,92.98932647705078,137.6522216796875,67.39158630371094
2022-08-17,116.26110076904297,798.856201171875,167.24984741210938,100.63387298583984,83.4827651977539,107.00260162353516,8.547640800476074,93.13615417480469,137.0903778076172,66.6448745727539
2022-08-18,115.24410247802734,797.4574584960938,163.75149536132812,101.1177978515625,83.58274841308594,106.9642562866211,8.458066940307617,92.86697387695312,138.77590942382812,67.61560821533203
2022-08-19,115.66014099121094,802.2529907226562,161.16366577148438,98.86576080322266,81.24323272705078,105.37291717529297,8.284637451171875,90.64012145996094,137.9331512451172,65.63678741455078
2022-08-22,115.7525863647461,807.6481323242188,156.8985595703125,96.07398986816406,80.38340759277344,103.37895202636719,8.191251754760742,90.98271942138672,134.00022888183594,65.3381118774414
2022-08-23,115.15164947509766,796.2586669921875,158.04869079589844,95.73898315429688,80.11347198486328,102.59288024902344,8.240802764892578,91.15401458740234,133.34474182128906,65.22610473632812
2022-08-24,114.36577606201172,806.4491577148438,155.84426879882812,96.14844512939453,80.2934341430664,102.95716857910156,8.208404541015625,90.76248168945312,132.6892547607422,65.52478790283203
2022-08-25,115.42900848388672,809.0466918945312,157.76116943359375,96.68819427490234,80.51338195800781,102.66957092285156,8.223649978637695,91.27635955810547,132.4083251953125,65.86080932617188
2022-08-26,114.55068969726562,812.2437133789062,159.9176788330078,94.84561920166016,78.46381378173828,100.46471405029297,8.086430549621582,90.78694915771484,131.6592254638672,65.0394058227539
2022-08-29,112.70161437988281,812.2437133789062,155.98802185058594,93.41251373291016,78.46381378173828,99.12263488769531,7.880600929260254,88.51115417480469,130.1609344482422,64.5540542602539
2022-08-30,112.37801361083984,789.26513671875,153.83151245117188,93.63585662841797,78.1838607788086,98.89256286621094,7.8729777336120605,87.77703094482422,127.91357421875,63.4713020324707
2022-08-31,111.08364868164062,775.4779663085938,151.81874084472656,91.09535217285156,76.98411560058594,97.68468475341797,7.781498432159424,87.31208038330078,128.28814697265625,63.4713020324707
2022-09-01,108.63363647460938,760.2921142578125,143.00099182128906,88.3780288696289,71.29528045654297,95.35520935058594,7.52039909362793,83.66592407226562,125.10433959960938,62.94860076904297
2022-09-02,111.12989044189453,763.6889038085938,145.5888214111328,92.09107208251953,75.05451202392578,98.12564849853516,7.518493175506592,84.42451477050781,127.44536590576172,62.87392807006836
2022-09-05,113.71859741210938,786.6676025390625,150.09356689453125,90.13684844970703,74.10470581054688,96.59184265136719,7.470848083496094,88.56009674072266,128.4754180908203,64.62872314453125
2022-09-06,113.71859741210938,782.4714965820312,149.90185546875,90.35086822509766,76.69416809082031,96.95612335205078,7.436542510986328,88.53562927246094,127.8199234008789,63.1726188659668
2022-09-07,112.23934173583984,778.0755615234375,146.49935913085938,89.30860900878906,76.73416900634766,98.39407348632812,7.345063209533691,86.60242462158203,125.47891235351562,60.63376235961914
2022-09-08,109.7430648803711,786.6676025390625,147.7932586669922,89.59709930419922,78.26384735107422,98.37490844726562,7.346969127655029,88.58457946777344,125.1979751586914,61.00712203979492
2022-09-09,107.70909118652344,783.6703491210938,147.93702697753906,89.33653259277344,78.42381286621094,99.50608825683594,7.299323081970215,86.89608001708984,124.07427978515625,61.119140625
2022-09-12,110.02043914794922,789.864501953125,151.0040740966797,92.7704086303711,80.65335845947266,101.53838348388672,7.4860944747924805,86.40665435791016,124.07427978515625,61.79117202758789
2022-09-13,110.43647003173828,793.2614135742188,146.115966796875,90.73241424560547,78.25384521484375,99.71698760986328,7.3927083015441895,85.89276885986328,124.16793060302734,62.12720489501953
2022-09-14,108.21759033203125,770.6824951171875,141.4674835205078,88.8526382446289,75.14450073242188,98.72000885009766,7.339345932006836,83.3967514038086,121.1714096069336,59.70036315917969
2022-09-15,106.73831939697266,774.079345703125,138.68797302246094,88.3128890991211,76.84413146972656,97.4737777709961,7.341251373291016,84.0329818725586,120.32864379882812,59.10298538208008
2022-09-16,105.12036895751953,764.0885620117188,138.40042114257812,85.37222290039062,75.75436401367188,94.45408630371094,7.293605804443359,82.34449005126953,121.0777816772461,57.721553802490234
2022-09-19,106.09113311767578,764.0885620117188,143.48023986816406,86.95423126220703,75.75436401367188,95.01969146728516,7.373651027679443,83.47016143798828,121.63961029052734,58.95363998413086
2022-09-20,104.61187744140625,771.0821533203125,144.15113830566406,85.58625793457031,75.80435180664062,92.52723693847656,7.362215042114258,82.51579284667969,117.89398193359375,58.72962951660156
2022-09-21,108.77230834960938,804.251220703125,157.61740112304688,86.88909149169922,74.3046646118164,93.3228988647461,7.770063400268555,87.14078521728516,121.7332534790039,60.59642791748047
2022-09-22,107.24681854248047,809.24658203125,154.7899627685547,85.93057250976562,73.25487518310547,91.74115753173828,7.775779724121094,86.96949005126953,121.35870361328125,59.5136833190918
2022-09-23,101.37596893310547,795.0597534179688,148.56002807617188,85.59556579589844,71.86516571044922,88.72147369384766,7.308852195739746,83.59251403808594,118.1749038696289,57.34818649291992
2022-09-26,103.73355865478516,812.3866577148438,155.22128295898438,85.13027954101562,72.6550064086914,89.04740142822266,7.472753524780273,83.00521087646484,117.51941680908203,58.094913482666016
2022-09-27,102.39298248291016,800.8543701171875,152.87306213378906,83.56688690185547,69.21571350097656,87.91621398925781,7.383179664611816,82.63814544677734,112.18187713623047,58.95363998413086
2022-09-28,102.16183471679688,808.0476684570312,153.687744140625,83.09228515625,66.68623352050781,88.68312072753906,6.984861373901367,82.56473541259766,109.46630096435547,58.91630554199219
2022-09-29,104.98169708251953,824.232666015625,155.3650360107422,81.97557067871094,68.24591827392578,89.16244506835938,7.051565647125244,83.3967514038086,109.5599365234375,60.671104431152344
2022-09-30,104.47319793701172,789.0653686523438,151.62705993652344,82.72004699707031,69.57563781738281,90.12107849121094,6.929592609405518,85.06075286865234,109.5599365234375,61.97785949707031
2022-10-03,105.49018096923828,798.2567749023438,154.7899627685547,83.01783752441406,69.75559997558594,90.29362487792969,7.040131092071533,86.13748168945312,111.80731964111328,62.799259185791016
2022-10-04,105.76754760742188,813.8423461914062,147.8891143798828,88.12676239013672,74.45462799072266,95.0484390258789,7.150669097900391,86.03960418701172,115.92752838134766,62.724586486816406
2022-10-05,105.8600082397461,820.6360473632812,146.9306640625,86.87046813964844,73.90473937988281,95.7003173828125,7.0344133377075195,86.38218688964844,115.45932006835938,62.35122299194336
2022-10-06,104.7967758178711,817.8385620117188,144.72622680664062,86.67505645751953,71.27529907226562,95.33602905273438,6.87241792678833,85.96617889404297,114.71018981933594,63.135276794433594
2022-10-07,103.87223052978516,845.4129028320312,148.12872314453125,85.92127227783203,70.5854263305664,95.4702377319336,7.085870265960693,86.18643188476562,117.05120849609375,63.91933822631836
2022-10-10,105.02791595458984,836.8209228515625,141.37164306640625,86.5540771484375,68.87578582763672,95.02926635742188,7.146856784820557,87.26313781738281,118.92402648925781,63.80733108520508
2022-10-11,104.33450317382812,833.4241333007812,141.56332397460938,87.41021728515625,69.47565460205078,94.73209381103516,7.019166946411133,87.50785827636719,119.76679992675781,63.84467315673828
2022-10-12,102.39298248291016,821.8347778320312,141.9467315673828,86.77741241455078,66.22633361816406,93.29415130615234,6.687552452087402,89.53892517089844,118.92402648925781,62.61257553100586
2022-10-13,104.7043228149414,818.8375244140625,144.39076232910156,90.17406463623047,69.99555206298828,97.81889343261719,6.843830108642578,91.30084228515625,122.38874053955078,63.20995330810547
2022-10-14,102.439208984375,790.064453125,139.50265502929688,89.88558197021484,70.0355453491211,98.0106201171875,6.8133368492126465,90.49330139160156,121.45233154296875,62.16453552246094
2022-10-17,105.4439697265625,789.6648559570312,145.7325897216797,92.22135925292969,71.55523681640625,101.19327545166016,7.017260551452637,91.86367797851562,127.44536590576172,63.65798568725586
2022-10-18,106.04491424560547,798.0570068359375,146.59521484375,93.2822265625,74.26466369628906,102.42032623291016,7.003920078277588,91.93707275390625,128.943603515625,65.41278839111328
2022-10-19,107.24681854248047,808.8468627929688,144.1032257080078,93.8778076171875,73.98473358154297,101.65342712402344,7.097305774688721,92.47543334960938,132.6892547607422,66.71955108642578
2022-10-20,109.14212799072266,808.7510375976562,152.34591674804688,94.32449340820312,73.1349105834961,103.05302429199219,7.242148399353027,94.06604766845703,133.6256561279297,66.86888122558594
2022-10-21,109.04966735839844,812.3480834960938,150.23731994628906,93.91503143310547,73.5648193359375,103.66654968261719,7.425107955932617,93.82134246826172,134.84298706054688,66.45818328857422
2022-10-24,110.2053451538086,812.3480834960938,152.82513427734375,95.42259216308594,73.4848403930664,104.95111846923828,7.404144287109375,94.60440826416016,137.46493530273438,66.45818328857422
2022-10-25,112.42424774169922,804.7542724609375,158.3841552734375,96.83708190917969,73.67479705810547,105.77554321289062,7.377461910247803,95.68112182617188,139.24411010742188,67.09291076660156
2022-10-26,116.7233657836914,814.346435546875,162.21795654296875,98.54936218261719,74.45462799072266,107.36687469482422,7.508964538574219,95.33853149414062,142.7088165283203,68.32498168945312
2022-10-27,117.23185729980469,805.5535888671875,162.5534210205078,98.75410461425781,76.3242416381836,106.46575164794922,7.577574253082275,93.65003967285156,139.7123260498047,67.05555725097656
2022-10-28,119.26585388183594,813.7469482421875,162.02627563476562,102.36478424072266,76.97411346435547,108.99654388427734,7.701452732086182,99.13152313232422,142.14700317382812,70.00511932373047
2022-10-31,118.9422607421875,813.7469482421875,157.66531372070312,101.97393035888672,78.13387298583984,108.05709075927734,7.749098777770996,95.48535919189453,140.83599853515625,69.55707550048828
2022-11-01,118.24885559082031,819.9420166015625,158.62376403808594,104.70985412597656,81.48318481445312,108.72813415527344,7.781498432159424,97.34513854980469,140.92965698242188,73.02933502197266
2022-11-02,119.35830688476562,818.3433227539062,158.14456176757812,104.0956802368164,83.04286193847656,106.73417663574219,7.874883651733398,100.08587646484375,141.3978729248047,72.69332122802734
2022-11-03,118.98847961425781,822.7398681640625,156.03594970703125,103.66761016845703,80.14346313476562,107.44356536865234,7.813897609710693,98.61763000488281,142.42791748046875,72.91732788085938
2022-11-04,115.89126586914062,798.1595458984375,147.7932586669922,106.08712768554688,85.09244537353516,108.90068054199219,7.209749221801758,99.15599060058594,139.52505493164062,70.37847900390625
2022-11-07,115.10542297363281,787.9677124023438,151.2436981201172,106.06852722167969,86.33218383789062,108.65144348144531,7.194502353668213,96.70890045166016,138.40135192871094,70.04244995117188
2022-11-08,115.15164947509766,786.1692504882812,150.71653747558594,105.30543518066406,88.42176055908203,108.8048324584961,6.89528751373291,96.14607238769531,136.90309143066406,70.52782440185547
2022-11-09,115.7525863647461,799.9580078125,153.4002227783203,105.43572235107422,88.60172271728516,109.28414154052734,6.9410271644592285,92.5488510131836,135.40484619140625,71.3492202758789
2022-11-10,113.57991790771484,776.3770141601562,160.1573028564453,105.28682708740234,85.94226837158203,107.55859375,6.840018272399902,91.05613708496094,135.59213256835938,71.61055755615234
2022-11-11,103.77979278564453,713.427490234375,158.2404022216797,105.15654754638672,89.29157257080078,106.21651458740234,6.754255771636963,85.52570343017578,131.28465270996094,69.51974487304688
2022-11-14,104.24205780029297,725.6177368164062,168.87921142578125,105.0262680053711,91.58109283447266,104.81690979003906,6.950556755065918,86.25983428955078,132.6892547607422,69.63175201416016
2022-11-15,107.43172454833984,738.0077514648438,172.6171875,106.44075012207031,91.09120178222656,107.07928466796875,7.120175361633301,88.41327667236328,134.9366455078125,70.75183868408203
2022-11-16,110.25157165527344,769.182861328125,172.90469360351562,106.32908630371094,87.2020034790039,107.61611938476562,7.274547100067139,91.20294952392578,136.80946350097656,70.67716979980469
2022-11-17,108.54117584228516,773.7791137695312,168.39996337890625,105.21238708496094,86.5821304321289,107.69280242919922,7.051565647125244,91.30084228515625,137.0903778076172,70.67716979980469
2022-11-18,108.17137145996094,769.5824584960938,173.0484619140625,106.68270874023438,85.47236633300781,109.9935302734375,7.064906597137451,91.47212982177734,136.99673461914062,70.71450805664062
2022-11-21,109.88175201416016,781.3729248046875,178.51162719726562,106.254638671875,84.79249572753906,109.9935302734375,7.042036056518555,91.76577758789062,138.8695526123047,71.42388916015625
2022-11-22,111.5921630859375,797.5599365234375,191.06735229492188,106.16157531738281,85.27240753173828,110.77960205078125,7.194502353668213,93.79686737060547,141.67877197265625,73.14134979248047
2022-11-23,112.56293487548828,797.3602294921875,185.70001220703125,105.8637924194336,88.39176177978516,111.56568145751953,7.175444602966309,93.5521469116211,140.46144104003906,72.99199676513672
2022-11-24,113.02519226074219,797.1602172851562,187.52108764648438,105.39849853515625,91.03121185302734,111.62320709228516,7.230712890625,92.98932647705078,141.02330017089844,73.70138549804688
2022-11-25,113.53369140625,806.153076171875,188.67123413085938,105.91963195800781,90.83125305175781,112.37094116210938,7.297417163848877,94.99593353271484,143.1770477294922,74.44810485839844
2022-11-28,113.16387939453125,810.9492797851562,184.26234436035156,99.90802001953125,88.60172271728516,110.53036499023438,7.358404159545898,94.40863037109375,140.46144104003906,74.63478088378906
2022-11-29,112.6553726196289,809.7501831054688,185.41250610351562,101.60169982910156,89.10161590576172,111.68071746826172,7.4327311515808105,94.43311309814453,141.5851593017578,74.672119140625
2022-11-30,112.93274688720703,821.9403686523438,186.32301330566406,101.62030029296875,90.9012451171875,112.56266784667969,7.303134918212891,94.94699096679688,141.5851593017578,75.4935073852539
2022-12-01,112.74783325195312,814.346435546875,183.35183715820312,102.49506378173828,86.91206359863281,111.71907806396484,7.327910900115967,95.55877685546875,141.77243041992188,75.41885375976562
2022-12-02,112.70161437988281,812.5479125976562,187.85655212402344,103.27677154541016,90.23137664794922,112.31341552734375,7.383179664611816,96.7578353881836,144.3007354736328,75.75487518310547
2022-12-05,113.16387939453125,815.345703125,184.40611267089844,102.66256713867188,90.57129669189453,111.77658081054688,7.320287704467773,96.70890045166016,143.92617797851562,75.4935073852539
2022-12-06,114.65166473388672,825.3377075195312,186.5147247314453,103.14646911621094,93.47071075439453,111.29727172851562,7.375556468963623,97.3696060180664,145.51806640625,76.01622009277344
2022-12-07,112.04804992675781,822.5399780273438,184.50196838378906,100.87583923339844,90.51132202148438,111.14388275146484,7.364121913909912,97.81008911132812,144.3007354736328,75.60551452636719
2022-12-08,114.1402359008789,830.7333374023438,188.91087341308594,102.49506378173828,91.37114715576172,111.94914245605469,7.38889741897583,98.54421997070312,146.36083984375,76.5389175415039
2022-12-09,111.58311462402344,824.93798828125,188.38369750976562,103.89093780517578,94.03059387207031,112.33258819580078,7.266923904418945,97.4185562133789,146.17356872558594,76.87496185302734
2022-12-12,112.9779052734375,830.333740234375,190.6360626220703,104.31901550292969,92.82083892822266,112.25590515136719,7.30504035949707,97.71220397949219,146.17356872558594,76.240234375
2022-12-13,109.86288452148438,820.3416137695312,188.62332153320312,105.60322570800781,90.59130096435547,113.21453094482422,7.345063209533691,96.61101531982422,144.3007354736328,76.31491088867188
2022-12-14,111.25765228271484,833.5311279296875,189.43798828125,105.15654754638672,90.27136993408203,113.27205657958984,7.373651027679443,97.88350677490234,146.4544677734375,75.82953643798828
2022-12-15,111.30416870117188,836.7285766601562,191.2111358642578,102.99757385253906,89.11161041259766,111.12471008300781,7.375556468963623,99.25387573242188,147.95272827148438,75.82953643798828
2022-12-16,111.1181869506836,840.1258544921875,193.0321807861328,102.34616088867188,87.3119888305664,111.02884674072266,7.402237892150879,99.57199096679688,147.6717987060547,76.16556549072266
2022-12-19,111.21117401123047,843.1234130859375,178.0324249267578,103.2395248413086,88.8216552734375,111.75741577148438,7.293605804443359,99.54752349853516,150.0128173828125,76.12823486328125
2022-12-20,111.1181869506836,850.517578125,173.09640502929688,103.36981201171875,88.41175842285156,112.06417846679688,7.4327311515808105,99.79222869873047,150.5746612548828,76.12823486328125
2022-12-21,112.79193878173828,859.7101440429688,179.03880310058594,105.43572235107422,91.10120391845703,114.59496307373047,7.59282112121582,100.23270416259766,151.88565063476562,77.62167358398438
2022-12-22,112.04804992675781,860.9091186523438,183.2559814453125,104.07705688476562,91.0811996459961,113.0036392211914,7.5413641929626465,100.91789245605469,151.9792938232422,77.28565216064453
2022-12-23,110.28131866455078,854.3143920898438,178.99087524414062,103.98400115966797,91.66108703613281,112.6968765258789,7.695735931396484,99.44964599609375,150.48104858398438,77.06163024902344
2022-12-27,110.79273223876953,854.3143920898438,182.2975311279297,104.98904418945312,91.66108703613281,114.42240905761719,7.775779724121094,101.08918762207031,151.51109313964844,78.18172454833984
2022-12-28,110.09534454345703,866.3048706054688,185.22080993652344,103.8723373413086,92.62088775634766,113.0995101928711,7.739569664001465,101.18707275390625,150.38739013671875,77.95768737792969
2022-12-29,111.02521514892578,861.308837890625,185.46043395996094,104.24456024169922,92.43092346191406,113.1378402709961,7.794839382171631,101.11366271972656,149.91920471191406,78.33104705810547
2022-12-30,110.93222045898438,855.3136596679688,178.3199462890625,103.31398010253906,93.1807632446289,112.08334350585938,7.6804890632629395,100.50189208984375,148.1400146484375,77.58433532714844
2023-01-02,111.58311462402344,855.3136596679688,188.76708984375,105.95684814453125,93.1807632446289,113.6363296508789,7.903470993041992,101.87225341796875,151.0428924560547,78.10704040527344
2023-01-03,107.9101791381836,861.5087280273438,192.16958618164062,106.58965301513672,98.88960266113281,113.11868286132812,7.853919506072998,101.89672088623047,147.85910034179688,77.808349609375
2023-01-04,105.95746612548828,849.3184814453125,190.73190307617188,107.37134552001953,101.37907409667969,114.07730865478516,7.709076881408691,98.88681030273438,142.8961181640625,77.58433532714844
2023-01-05,105.53903198242188,846.9203491210938,193.703125,107.2038345336914,102.6388168334961,113.88558197021484,7.667147636413574,101.13812255859375,141.21060180664062,77.28565216064453
2023-01-06,107.81718444824219,857.1121826171875,200.69979858398438,108.45083618164062,102.87877655029297,117.336669921875,7.7662506103515625,101.13812255859375,143.3643341064453,78.77909088134766
2023-01-09,106.56188201904297,834.5303955078125,204.1502227783203,109.34419250488281,103.73858642578125,117.08740997314453,7.697641372680664,102.67979431152344,142.24061584472656,73.73872375488281
2023-01-10,107.49173736572266,838.7269897460938,202.80841064453125,107.11077880859375,100.9991455078125,116.79981994628906,7.6804890632629395,102.55742645263672,141.67877197265625,73.21601867675781
2023-01-11,105.53903198242188,824.3385620117188,199.54965209960938,105.99407196044922,102.55883026123047,118.00769805908203,7.670959949493408,100.50189208984375,139.24411010742188,72.20793914794922
2023-01-12,105.86448669433594,832.5319213867188,204.1502227783203,108.1716537475586,103.9785385131836,120.05917358398438,7.823426723480225,100.9423599243164,140.46144104003906,71.90925598144531
2023-01-13,104.93461608886719,832.1321411132812,201.37074279785156,108.73001098632812,108.73755645751953,121.3053970336914,7.838672161102295,100.40399932861328,142.42791748046875,72.39462280273438
2023-01-16,107.5382308959961,830.9332275390625,206.9297332763672,107.31551361083984,107.13788604736328,121.45877838134766,7.853919506072998,101.89672088623047,142.42791748046875,72.61864471435547
2023-01-17,108.7470474243164,837.7278442382812,212.1053924560547,108.24609375,108.5176010131836,122.68582916259766,8.238897323608398,103.82991790771484,144.76895141601562,73.1786880493164
2023-01-18,108.00316619873047,836.7285766601562,211.72198486328125,110.31201171875,108.2376708984375,123.95122528076172,8.275106430053711,104.0501708984375,147.20359802246094,73.70138549804688
2023-01-19,109.72339630126953,842.7238159179688,213.9264373779297,108.80445098876953,105.05831909179688,121.95726776123047,8.43138599395752,104.80876159667969,148.88914489746094,73.32801818847656
2023-01-20,111.81558227539062,852.515869140625,214.69320678710938,110.66563415527344,106.5780029296875,124.0662612915039,8.490466117858887,105.22476196289062,154.03939819335938,74.41077423095703
2023-01-23,112.9779052734375,851.31689453125,213.15966796875,110.94480895996094,108.17766571044922,125.9451904296875,8.783964157104492,104.09910583496094,155.16307067871094,74.44810485839844
2023-01-24,114.27971649169922,858.3112182617188,213.8306121826172,112.39652252197266,111.37701416015625,125.84930419921875,8.77634048461914,104.2214584350586,148.60821533203125,74.70946502685547
2023-01-25,112.69894409179688,844.3224487304688,211.72198486328125,111.80094909667969,111.69695281982422,124.90985107421875,9.001228332519531,104.24593353271484,146.36083984375,74.29875946044922
2023-01-26,114.51217651367188,856.9122924804688,218.04779052734375,112.54542541503906,113.45659637451172,126.53953552246094,9.117483139038086,105.32263946533203,147.39088439941406,74.18675231933594
2023-01-27,112.79193878173828,850.71728515625,218.71868896484375,108.52527618408203,110.17726135253906,126.73126220703125,9.098424911499023,104.61299133300781,145.8926239013672,74.44810485839844
2023-01-30,114.55866241455078,855.1138305664062,217.76023864746094,107.50162506103516,109.09748840332031,126.34781646728516,9.163223266601562,104.8332290649414,146.36083984375,74.29875946044922
2023-01-31,112.88492584228516,856.1129760742188,205.1086883544922,106.86882781982422,105.71817779541016,126.34781646728516,9.0088529586792,104.5151138305664,146.7353973388672,73.9253921508789
2023-02-01,113.67530059814453,853.315185546875,210.28431701660156,107.98553466796875,105.15829467773438,125.9643325805664,9.147977828979492,105.49395751953125,147.01632690429688,73.29067993164062
2023-02-02,109.90937042236328,829.3344116210938,216.610107421875,109.58615112304688,108.7175521850586,127.15306854248047,9.119389533996582,104.5151138305664,145.70535278320312,73.1786880493164
2023-02-03,110.60676574707031,844.5223388671875,218.04779052734375,108.9905776977539,109.05750274658203,126.92298889160156,9.048872947692871,105.32263946533203,146.64175415039062,72.76797485351562
2023-02-06,110.65326690673828,838.527099609375,217.08934020996094,107.70635223388672,108.05770111083984,125.350830078125,9.035533905029297,105.39606475830078,145.8926239013672,72.61864471435547
2023-02-07,108.7470474243164,836.328857421875,216.3225555419922,104.50513458251953,107.9377212524414,124.04708862304688,9.027908325195312,105.22476196289062,141.77243041992188,71.61055755615234
2023-02-08,110.46729278564453,838.527099609375,216.22674560546875,105.43572235107422,109.19746398925781,124.79481506347656,9.180375099182129,106.6196060180664,142.802490234375,72.95466613769531
2023-02-09,110.65326690673828,842.5238647460938,216.41842651367188,105.77074432373047,108.69757843017578,125.48502349853516,9.304255485534668,105.20028686523438,143.83253479003906,72.99199676513672
2023-02-10,113.44282531738281,849.1185913085938,222.07327270507812,105.84518432617188,107.45782470703125,124.60309600830078,9.393829345703125,117.65596771240234,145.42442321777344,71.05052185058594
2023-02-13,116.23241424560547,862.9075317382812,224.85281372070312,107.5760726928711,109.43741607666016,127.07637023925781,9.552964210510254,126.31866455078125,148.32728576660156,74.59745025634766
2023-02-14,118.51057434082031,864.7061157226562,226.86553955078125,107.9297103881836,108.33763885498047,124.39219665527344,9.62919807434082,125.0951156616211,149.54461669921875,77.39765167236328
2023-02-15,119.48692321777344,877.8955688476562,230.6993408203125,110.79591369628906,111.97689056396484,126.8462905883789,9.734020233154297,126.80807495117188,151.0428924560547,78.1443862915039
2023-02-16,119.7658920288086,887.2879638671875,237.79190063476562,116.26778411865234,113.77651977539062,128.55267333984375,9.9531888961792,130.67446899414062,152.8220672607422,79.3391342163086
2023-02-17,120.6027603149414,893.0833129882812,239.22958374023438,116.93780517578125,112.43679809570312,131.19847106933594,9.96271800994873,129.4019775390625,153.57118225097656,80.3845443725586
2023-02-20,120.04483795166016,888.6868286132812,238.6544952392578,114.31354522705078,111.77693176269531,129.2045440673828,9.748311996459961,130.03822326660156,153.00933837890625,81.20592498779297
2023-02-21,122.7414321899414,906.0729370117188,246.51380920410156,114.29492950439453,109.95731353759766,128.80191040039062,9.972248077392578,136.10702514648438,156.84861755371094,80.98191833496094
2023-02-22,122.9273910522461,901.2767333984375,236.45005798339844,114.25769805908203,107.59779357910156,128.59100341796875,9.857898712158203,136.44960021972656,154.97579956054688,80.01117706298828
2023-02-23,122.13703918457031,901.0769653320312,235.2040557861328,115.802490234375,133.07254028320312,129.26202392578125,9.9531888961792,139.53294372558594,154.6949005126953,80.72057342529297
2023-02-24,124.1827163696289,917.0640869140625,234.72482299804688,113.47601318359375,136.01190185546875,127.78575897216797,9.977012634277344,143.98666381835938,155.25672912597656,81.31793975830078
2023-02-27,124.36869049072266,911.8682250976562,233.76638793945312,115.0580062866211,144.9700927734375,129.31956481933594,10.124713897705078,145.69960021972656,154.41395568847656,81.4299545288086
2023-02-28,122.9273910522461,897.2798461914062,230.603515625,115.41162872314453,144.91009521484375,128.41845703125,10.115184783935547,147.9019775390625,152.35386657714844,80.6832275390625
2023-03-01,124.32217407226562,903.8746948242188,235.9708251953125,113.82963562011719,148.38937377929688,128.41845703125,10.119949340820312,148.34243774414062,151.9792938232422,80.86991882324219
2023-03-02,123.95024871826172,918.8626708984375,236.2583770751953,114.36937713623047,148.12942504882812,128.2458953857422,10.200947761535645,148.0487823486328,154.41395568847656,81.05657958984375
2023-03-03,123.4853286743164,907.27197265625,238.27113342285156,115.54192352294922,149.60911560058594,129.62632751464844,10.286709785461426,150.39801025390625,153.57118225097656,80.98191833496094
2023-03-06,122.322998046875,911.8682250976562,246.51380920410156,115.29996490478516,152.74847412109375,130.1631622314453,10.391529083251953,152.4046173095703,152.72842407226562,80.19786071777344
2023-03-07,123.34584045410156,910.6692504882812,244.9803009033203,115.41162872314453,153.14837646484375,130.1631622314453,10.372471809387207,153.77499389648438,152.8220672607422,79.93650817871094
2023-03-08,118.88251495361328,914.4661865234375,247.28054809570312,115.37442016601562,156.82762145996094,128.8786163330078,10.25335693359375,152.3556671142578,149.54461669921875,79.26445007324219
2023-03-09,122.2764892578125,934.4501342773438,246.32211303710938,115.85832214355469,158.00738525390625,130.29736328125,10.215241432189941,153.1387481689453,167.8046112060547,78.89109802246094
2023-03-10,122.9273910522461,929.054443359375,242.77584838867188,113.17823028564453,150.06903076171875,127.91996002197266,10.505879402160645,150.05540466308594,167.05548095703125,78.5550765991211
2023-03-13,118.60355377197266,907.27197265625,236.0666961669922,109.95838165283203,144.9700927734375,123.2801742553711,10.515408515930176,148.0487823486328,162.4670867919922,76.31491088867188
2023-03-14,123.1133804321289,937.2479858398438,246.9930419921875,113.69934844970703,155.16795349121094,127.63237762451172,10.825105667114258,153.62815856933594,166.1190643310547,79.30179595947266
2023-03-15,118.78952026367188,910.8690185546875,234.53314208984375,108.22748565673828,144.11024475097656,121.88057708740234,10.086597442626953,146.6294708251953,164.05897521972656,77.54701232910156
2023-03-16,120.09131622314453,916.0648193359375,236.73757934570312,111.00064849853516,146.2698211669922,125.50420379638672,10.243827819824219,147.11888122558594,167.24278259277344,77.58433532714844
2023-03-17,118.55706024169922,904.873779296875,227.24893188476562,108.63695526123047,140.27105712890625,123.06929016113281,9.943660736083984,142.4694366455078,164.05897521972656,76.20289611816406
2023-03-20,122.97389221191406,931.65234375,239.51708984375,110.36784362792969,140.95091247558594,124.9865493774414,10.038951873779297,144.378173828125,166.8682098388672,77.88302612304688
2023-03-21,124.50816345214844,945.64111328125,246.41798400878906,113.15960693359375,149.9690399169922,128.59100341796875,10.334356307983398,147.75514221191406,166.96185302734375,79.00310516357422
2023-03-22,125.71698760986328,957.2318115234375,245.26780700683594,112.60125732421875,149.189208984375,129.26202392578125,10.51064395904541,148.19561767578125,172.01846313476562,78.85376739501953
2023-03-23,126.78632354736328,974.2182006835938,250.2517852783203,111.61483001708984,147.30960083007812,129.12783813476562,10.534467697143555,150.2022247314453,171.1757049560547,79.0777816772461
2023-03-24,125.6240005493164,972.2198486328125,252.07281494140625,109.25112915039062,143.51039123535156,127.78575897216797,10.167594909667969,151.42576599121094,170.33291625976562,77.69633483886719
2023-03-27,126.9723129272461,980.6131591796875,260.3155212402344,110.81452941894531,144.31021118164062,129.54965209960938,10.458233833312988,153.0897979736328,170.42657470703125,79.45114135742188
2023-03-28,127.15824890136719,987.207763671875,262.04071044921875,110.4795150756836,145.3100128173828,129.45375061035156,10.35817813873291,154.01968383789062,170.61386108398438,79.00310516357422
2023-03-29,127.7161865234375,985.609130859375,261.0822448730469,112.5082015991211,147.96946716308594,131.773681640625,10.410588264465332,154.01968383789062,172.29937744140625,79.30179595947266
2023-03-30,126.92578125,974.4180908203125,260.411376953125,113.75518798828125,150.1690216064453,131.29437255859375,10.362942695617676,154.55804443359375,170.52020263671875,79.26445007324219
2023-03-31,126.78632354736328,981.8120727539062,262.2324523925781,114.7229995727539,148.9892578125,130.8917236328125,10.310531616210938,154.41122436523438,170.98841857910156,78.92842864990234
2023-04-03,126.87931060791016,989.6058349609375,264.24517822265625,116.50971984863281,149.61911010742188,129.87557983398438,10.439175605773926,153.82391357421875,170.42657470703125,80.3845443725586
2023-04-04,127.018798828125,989.6058349609375,266.4495849609375,116.73307800292969,145.46998596191406,130.06729125976562,10.529703140258789,158.08184814453125,171.5502471923828,80.12318420410156
2023-04-05,127.06524658203125,994.2022094726562,247.47227478027344,115.74664306640625,143.7203369140625,129.12783813476562,10.472527503967285,156.80935668945312,172.11209106445312,80.57122039794922
2023-04-06,130.45924377441406,1011.1885375976562,248.5265350341797,117.42170715332031,147.9194793701172,130.77667236328125,10.758401870727539,155.649658203125,174.8276824951172,80.57122039794922
2023-04-11,130.45924377441406,1012.6873168945312,249.1016082763672,117.25421142578125,147.11962890625,131.33270263671875,10.872751235961914,157.77171325683594,174.54676818847656,81.69129943847656
2023-04-12,130.97068786621094,1025.17724609375,252.16867065429688,117.47754669189453,147.56954956054688,131.773681640625,10.820341110229492,159.74569702148438,173.32943725585938,82.32601165771484
2023-04-13,131.11016845703125,1016.1845703125,254.37310791015625,117.17975616455078,149.11923217773438,132.3105010986328,11.168155670166016,159.15350341796875,172.95486450195312,82.51268768310547
2023-04-14,131.0171661376953,1015.1854248046875,256.09832763671875,117.51476287841797,149.71910095214844,131.23681640625,11.220565795898438,153.52760314941406,171.36297607421875,83.63278198242188
2023-04-17,131.52859497070312,1026.176513671875,255.90664672851562,119.18983459472656,150.96884155273438,134.11273193359375,11.225330352783203,156.04444885253906,171.92481994628906,85.12621307373047
2023-04-18,131.48211669921875,1026.176513671875,258.6861267089844,119.41317749023438,155.81785583496094,135.83827209472656,11.020453453063965,153.5769805908203,170.33291625976562,84.90220642089844
2023-04-19,131.8075714111328,1019.18212890625,258.97369384765625,119.59928131103516,155.31796264648438,136.47097778320312,10.887045860290527,152.4912567138672,170.2393035888672,86.35831451416016
2023-04-20,132.59793090820312,1019.8477172851562,259.16534423828125,120.30652618408203,154.96803283691406,136.87359619140625,10.872751235961914,151.20814514160156,170.80113220214844,85.46224212646484
2023-04-21,132.08651733398438,1017.3493041992188,259.452880859375,118.48257446289062,154.31817626953125,136.56683349609375,10.772696495056152,148.19781494140625,168.27281188964844,86.76900482177734
2023-04-24,131.2496337890625,1021.3468017578125,262.51995849609375,119.33872985839844,153.5683135986328,136.5284881591797,10.572583198547363,149.6782989501953,166.68092346191406,88.15044403076172
2023-04-25,130.645263671875,1031.34033203125,265.58697509765625,118.82905578613281,152.8684539794922,136.18338012695312,10.386764526367188,147.26016235351562,164.80812072753906,87.70240020751953
2023-04-26,127.57669067382812,1007.355712890625,251.88113403320312,117.11127471923828,151.9186553955078,133.978515625,10.272415161132812,147.75364685058594,164.80812072753906,86.76900482177734
2023-04-27,128.73902893066406,1013.8515014648438,256.2900085449219,118.48927307128906,151.9686279296875,134.30447387695312,10.348649024963379,145.77964782714844,165.83816528320312,89.5318832397461
2023-04-28,128.69252014160156,1013.3518676757812,254.4689483642578,119.99940490722656,152.1186065673828,135.1096954345703,10.296238899230957,142.02906799316406,166.0254364013672,89.19584655761719
2023-05-02,128.7855224609375,1014.3511962890625,254.5648193359375,118.31937408447266,150.4689483642578,133.11575317382812,10.158065795898438,143.70697021484375,165.27630615234375,89.41986846923828
2023-05-03,129.9943389892578,1018.8482666015625,257.2484436035156,117.41329956054688,151.86865234375,133.8059539794922,10.43441104888916,148.19781494140625,166.68092346191406,90.31594848632812
2023-05-04,127.15824890136719,992.5652465820312,250.82684326171875,115.24246978759766,149.16920471191406,131.6202850341797,9.829310417175293,145.77964782714844,161.53067016601562,88.85981750488281
2023-05-05,126.78632354736328,989.5669555664062,255.33154296875,115.33685302734375,151.11880493164062,132.0037384033203,9.9531888961792,146.71731567382812,159.564208984375,88.44912719726562
2023-05-08,127.06524658203125,989.5669555664062,253.98968505859375,114.44965362548828,151.11880493164062,131.75450134277344,9.9531888961792,145.3355255126953,158.81509399414062,90.353271484375
2023-05-09,128.50656127929688,991.1659545898438,252.55203247070312,114.78943634033203,151.6186981201172,131.81202697753906,9.972248077392578,146.1251220703125,159.65786743164062,88.67314147949219
2023-05-10,127.99512481689453,993.164794921875,256.6443176269531,114.86492919921875,156.2677459716797,133.2307891845703,10.167594909667969,144.84201049804688,158.25323486328125,89.30785369873047
2023-05-11,126.55386352539062,981.372314453125,252.6494598388672,114.50627899169922,145.86990356445312,133.71009826660156,10.13424301147461,143.21348571777344,158.81509399414062,85.68626403808594
2023-05-12,128.7855224609375,987.3685302734375,259.9571228027344,115.90316009521484,148.2694091796875,134.20858764648438,10.543994903564453,147.062744140625,159.47056579589844,90.28685760498047
2023-05-15,129.38990783691406,980.173095703125,260.24945068359375,116.14854431152344,145.070068359375,133.86349487304688,10.534467697143555,148.2965087890625,160.21969604492188,90.28685760498047
2023-05-16,129.66888427734375,984.5702514648438,258.1058349609375,119.14994812011719,148.1194305419922,136.5093231201172,10.601170539855957,149.7276611328125,161.71795654296875,90.51689147949219
2023-05-17,130.2733154296875,985.76953125,254.98793029785156,120.99987030029297,152.81846618652344,137.90892028808594,10.76793098449707,152.98475646972656,164.5271759033203,90.51689147949219
2023-05-18,130.45924377441406,991.3659057617188,256.449462890625,121.56617736816406,155.51791381835938,137.2761993408203,10.78699016571045,152.98475646972656,164.90174865722656,90.51689147949219
2023-05-19,129.38990783691406,984.9699096679688,254.8905029296875,121.9814682006836,155.96780395507812,137.21868896484375,10.7059907913208,147.65496826171875,163.5680389404297,91.85872650146484
2023-05-22,130.1337890625,987.3685302734375,256.449462890625,120.99987030029297,157.26754760742188,137.4296112060547,10.807311058044434,148.493896484375,164.90176391601562,91.62870788574219
2023-05-23,126.86417388916016,962.9840698242188,246.9008026123047,119.18770599365234,153.1683807373047,134.0935821533203,10.633622169494629,144.15110778808594,159.2811737060547,88.56163787841797
2023-05-24,126.34443664550781,950.1922607421875,242.4187774658203,116.84699249267578,146.8197021484375,130.93006896972656,10.1029052734375,142.32516479492188,154.9943084716797,87.21979522705078
2023-05-25,125.58841705322266,946.79443359375,241.34698486328125,117.5454330444336,148.76930236816406,131.46690368652344,10.122203826904297,142.17710876464844,155.3753662109375,86.68305969238281
2023-05-26,126.67516326904297,949.79248046875,241.15211486816406,118.62140655517578,149.01925659179688,133.30747985839844,10.237997055053711,145.2861785888672,156.7090606689453,86.56804656982422
2023-05-29,126.76966094970703,949.79248046875,241.24957275390625,118.2438735961914,149.01925659179688,133.42251586914062,10.266944885253906,147.65496826171875,157.56643676757812,86.56804656982422
2023-05-30,125.02143859863281,941.7976684570312,238.91111755371094,117.45105743408203,144.3701934814453,133.35475158691406,10.088430404663086,145.03939819335938,154.80377197265625,86.03130340576172
2023-05-31,123.13148498535156,927.606689453125,230.33682250976562,115.65776062011719,143.2704315185547,131.10894775390625,9.678333282470703,145.77964782714844,150.70742797851562,85.22620391845703
2023-06-01,125.68292999267578,944.196044921875,232.87013244628906,118.86680603027344,146.36978149414062,133.1030731201172,9.967813491821289,147.21080017089844,154.9943084716797,86.91309356689453
2023-06-02,125.68292999267578,941.7976684570312,233.94192504882812,121.16976928710938,149.9690399169922,134.59381103515625,10.049833297729492,147.21080017089844,156.7090606689453,86.874755859375
2023-06-05,124.78520202636719,934.2025146484375,230.33682250976562,119.60299682617188,147.2696075439453,132.85137939453125,9.938865661621094,145.03939819335938,154.9943084716797,87.06643676757812
2023-06-06,124.02922821044922,939.3991088867188,229.16758728027344,120.28256225585938,148.0194549560547,132.56097412109375,9.871318817138672,145.03939819335938,155.4706268310547,86.98976135253906
2023-06-07,121.6195068359375,930.005126953125,230.4342498779297,119.33872985839844,150.1190185546875,131.031494140625,9.65903377532959,140.64727783203125,152.80322265625,85.37955474853516
2023-06-08,122.37548828125,938.1998901367188,230.33682250976562,119.43310546875,149.41917419433594,131.10894775390625,9.823073387145996,143.46022033691406,154.9943084716797,87.98655700683594
2023-06-09,123.27320861816406,939.3991088867188,234.3316650390625,121.20751190185547,149.2191925048828,132.2705535888672,9.948515892028809,144.20046997070312,158.3285369873047,88.56163787841797
2023-06-12,124.17095184326172,948.1935424804688,242.7111053466797,122.17023468017578,150.1190185546875,134.0710906982422,10.020886421203613,145.18748474121094,160.90065002441406,90.24853515625
2023-06-13,126.013671875,953.1902465820312,241.54185485839844,122.73652648925781,150.86886596679688,134.82614135742188,10.117378234863281,144.84201049804688,163.18699645996094,90.8619384765625
2023-06-14,124.5962142944336,949.79248046875,239.00856018066406,122.24574279785156,150.71890258789062,134.0130157470703,9.938865661621094,142.17710876464844,161.56752014160156,89.78845977783203
2023-06-15,125.0687026977539,955.3889770507812,241.34698486328125,122.6043930053711,150.01902770996094,133.99363708496094,9.938865661621094,143.55889892578125,160.7101287841797,90.21019744873047
2023-06-16,127.85639953613281,967.7811279296875,253.2340850830078,123.81250762939453,151.16879272460938,135.96841430664062,10.131854057312012,147.35885620117188,164.42543029785156,92.39547729492188
2023-06-19,126.76966094970703,949.79248046875,253.428955078125,124.09564971923828,153.7682647705078,138.3303680419922,10.213872909545898,147.60560607910156,164.23489379882812,92.24211883544922
2023-06-20,128.28164672851562,957.1876831054688,251.57769775390625,124.60533905029297,156.9676055908203,138.4658966064453,10.24764633178711,151.50425720214844,166.99755859375,94.04402160644531
2023-06-21,128.8013916015625,959.9859008789062,252.06488037109375,122.49113464355469,157.5175018310547,137.16876220703125,10.24282169342041,150.0237579345703,169.18862915039062,93.85233306884766
2023-06-22,127.57290649414062,941.7976684570312,249.92129516601562,120.47132110595703,156.01780700683594,135.58119201660156,10.276594161987305,146.0757598876953,166.71176147460938,93.04722595214844
2023-06-23,127.24215698242188,937.2005615234375,249.33668518066406,119.62187194824219,154.6180877685547,135.01974487304688,10.300718307495117,146.0757598876953,169.7602081298828,93.39227294921875
2023-06-26,123.93470764160156,917.81298828125,238.91111755371094,120.49020385742188,154.76805114746094,134.70997619628906,9.818248748779297,139.51222229003906,163.663330078125,90.67024993896484
2023-06-27,124.54895782470703,917.81298828125,236.57266235351562,121.67942810058594,155.4179229736328,135.1552734375,9.8037748336792,139.857666015625,167.473876953125,90.8236083984375
2023-06-28,126.5334243774414,924.0089721679688,242.7111053466797,123.1329574584961,155.76785278320312,136.897705078125,9.938865661621094,142.27578735351562,171.76075744628906,92.05043029785156
2023-06-29,127.90364837646484,919.61181640625,243.49057006835938,123.32172393798828,148.66932678222656,137.71084594726562,10.064308166503906,142.5225830078125,174.14234924316406,93.16223907470703
2023-06-30,129.65187072753906,926.407470703125,244.36749267578125,124.92622375488281,151.0188446044922,138.8724822998047,10.030534744262695,143.9043731689453,174.7139129638672,93.5839614868164
2023-07-03,128.89585876464844,917.4131469726562,245.43927001953125,125.17162322998047,153.5683135986328,137.22683715820312,10.073956489562988,146.5198974609375,172.14181518554688,92.77885437011719
2023-07-04,127.14765930175781,908.4190063476562,245.8290252685547,123.94464874267578,152.2185821533203,135.56182861328125,9.977463722229004,139.80833435058594,171.28443908691406,91.01528930664062
2023-07-05,128.0926513671875,910.2177734375,242.8085174560547,125.45478820800781,150.96884155273438,135.1746368408203,10.155977249145508,142.07839965820312,174.33287048339844,91.09197235107422
2023-07-06,124.40718078613281,897.6259765625,235.2085723876953,122.2079849243164,145.17002868652344,130.27642822265625,10.020886421203613,141.3875274658203,170.61758422851562,90.70858764648438
2023-07-07,124.64344024658203,887.6322631835938,235.98806762695312,123.73700714111328,148.46934509277344,130.5281219482422,10.271770477294922,141.73300170898438,171.47496032714844,89.13671112060547
2023-07-10,124.31269836425781,896.4265747070312,242.90597534179688,124.62419891357422,147.86947631835938,132.4641571044922,10.48888111114502,143.06541442871094,171.6654815673828,89.40509033203125
2023-07-11,125.77742767333984,900.8238525390625,244.27005004882812,124.81298065185547,145.61993408203125,131.86398315429688,10.710816383361816,143.11477661132812,172.99917602539062,90.28685760498047
2023-07-12,129.55738830566406,911.616943359375,245.8290252685547,125.96446228027344,148.41937255859375,133.95492553710938,10.865206718444824,144.99005126953125,176.71446228027344,88.40828704833984
2023-07-13,131.0220947265625,912.4164428710938,247.4854278564453,127.04043579101562,149.26918029785156,134.30340576171875,10.903803825378418,144.29916381835938,175.66656494140625,85.0728530883789
2023-07-14,129.8881378173828,917.2133178710938,246.41363525390625,125.54917907714844,145.86990356445312,132.6771240234375,10.898979187011719,139.90704345703125,172.5228729248047,85.99297332763672
2023-07-17,130.50234985351562,917.6130981445312,246.9008026123047,126.02108764648438,146.11984252929688,132.61904907226562,11.173986434936523,140.0057373046875,174.33287048339844,84.34442138671875
2023-07-18,131.06932067871094,915.0147094726562,252.16229248046875,126.51187133789062,146.36978149414062,134.03237915039062,11.415221214294434,142.07839965820312,175.8571014404297,85.53291320800781
2023-07-19,130.92759704589844,925.4081420898438,250.31103515625,126.81390380859375,150.91883850097656,134.5550994873047,11.27048110961914,142.47323608398438,174.5233917236328,85.0728530883789
2023-07-20,132.48683166503906,933.6028442382812,250.7982177734375,127.04043579101562,154.36813354492188,136.93643188476562,11.304254531860352,148.2965087890625,173.18972778320312,86.37635040283203
2023-07-21,126.15541076660156,926.8072509765625,249.2392578125,126.946044921875,155.76785278320312,137.18812561035156,11.111266136169434,142.67062377929688,158.423828125,87.18145751953125
2023-07-24,125.02143859863281,919.01220703125,248.55722045898438,128.70156860351562,156.66766357421875,138.504638671875,11.169161796569824,140.1537628173828,162.52015686035156,85.49456787109375
2023-07-25,124.83245086669922,915.6143798828125,246.80337524414062,125.54917907714844,152.61849975585938,140.18899536132812,11.188461303710938,133.29412841796875,162.52015686035156,84.38275146484375
2023-07-26,124.02922821044922,919.61181640625,246.41363525390625,125.70018768310547,184.9618377685547,140.6149139404297,11.169161796569824,132.84999084472656,162.9011993408203,84.15274047851562
2023-07-27,126.29718017578125,920.81103515625,247.38796997070312,123.64262390136719,189.56088256835938,142.9768829345703,11.386273384094238,134.9226837158203,166.14016723632812,85.22620391845703
2023-07-28,126.86417388916016,927.606689453125,246.6085205078125,125.92669677734375,193.2601318359375,145.6486358642578,11.463468551635742,135.16943359375,166.14016723632812,84.49777221679688
2023-07-31,128.47061157226562,930.8046875,250.7982177734375,126.45524597167969,184.81185913085938,146.13265991210938,11.88321590423584,136.89666748046875,168.3312530517578,84.2293930053711
2023-08-01,128.75413513183594,932.8034057617188,255.7674102783203,124.39768981933594,185.21177673339844,142.4541473388672,11.989359855651855,137.53823852539062,168.3312530517578,84.07605743408203
2023-08-02,127.85639953613281,992.1653442382812,257.1315002441406,124.35993194580078,183.862060546875,141.19573974609375,12.11962604522705,137.78497314453125,168.426513671875,85.0728530883789
2023-08-03,126.10816955566406,999.3607788085938,252.357177734375,123.09518432617188,192.1603546142578,140.01475524902344,12.109977722167969,137.04473876953125,167.28335571289062,83.11758422851562
2023-08-04,127.19491577148438,1008.35498046875,258.1058349609375,123.45384216308594,206.4573974609375,141.5829315185547,12.457354545593262,138.42654418945312,170.04598999023438,83.46263885498047
2023-08-07,128.70689392089844,1022.3460693359375,263.1724853515625,123.75587463378906,209.45677185058594,143.0930633544922,12.843331336975098,139.857666015625,171.3796844482422,83.5009765625
2023-08-08,129.84085083007812,1025.8438720703125,261.5160827636719,123.17070007324219,207.85707092285156,142.5896759033203,12.877103805541992,138.57455444335938,171.47496032714844,83.99937438964844
2023-08-09,130.2188720703125,1027.3427734375,259.9571228027344,124.28441619873047,209.05685424804688,143.2866668701172,12.85297966003418,139.66026306152344,171.76075744628906,85.0728530883789
2023-08-10,129.0376434326172,1021.3468017578125,258.6904602050781,124.62419891357422,207.75714111328125,143.6932373046875,12.877103805541992,137.4888916015625,171.8560028076172,83.30927276611328
2023-08-11,128.1871337890625,1015.8502807617188,253.428955078125,123.39722442626953,207.65713500976562,142.4541473388672,12.7227144241333,137.4888916015625,163.2822723388672,84.03770446777344
2023-08-14,125.96643829345703,1017.3493041992188,258.0084228515625,123.30284118652344,208.9568634033203,142.93817138671875,12.626218795776367,137.24212646484375,164.04437255859375,84.91948699951172
2023-08-15,124.64344024658203,1014.3511962890625,253.13665771484375,121.69831848144531,205.45758056640625,141.54421997070312,12.626218795776367,137.3408203125,163.0917205810547,84.68946075439453
2023-08-16,123.79296112060547,1001.8591918945312,243.49057006835938,121.45291137695312,204.15785217285156,141.54421997070312,12.418757438659668,136.89666748046875,162.52015686035156,84.30607604980469
2023-08-17,121.80848693847656,955.1890258789062,241.0546875,120.41470336914062,202.35821533203125,140.11154174804688,12.365686416625977,135.66293334960938,160.5196075439453,83.27094268798828
2023-08-18,122.32823944091797,962.7841186523438,243.00338745117188,119.58411407470703,201.1584930419922,138.833740234375,12.380160331726074,135.31748962402344,162.32962036132812,82.42750549316406
2023-08-21,123.60397338867188,959.9859008789062,242.6136474609375,120.92436218261719,201.85833740234375,140.09219360351562,12.476654052734375,137.686279296875,164.61595153808594,83.42430877685547
2023-08-22,123.88746643066406,970.1793823242188,239.39828491210938,121.69831848144531,201.05850219726562,140.88595581054688,12.452528953552246,136.74862670898438,166.04490661621094,83.96102905273438
2023-08-23,125.2104263305664,980.3728637695312,242.2239227294922,122.71765899658203,201.75836181640625,141.97015380859375,12.616569519042969,139.90704345703125,168.23599243164062,84.99617004394531
2023-08-24,125.0687026977539,989.1672973632812,239.00856018066406,122.05697631835938,201.6583709716797,140.59556579589844,12.54419994354248,139.4135284423828,167.09280395507812,84.49777221679688
2023-08-25,125.39945220947266,990.766357421875,237.0598602294922,122.58552551269531,202.9581298828125,140.4600372314453,12.500777244567871,139.857666015625,167.09280395507812,85.11119079589844
2023-08-28,126.91143035888672,990.766357421875,242.4187774658203,124.81298065185547,202.9581298828125,142.95751953125,12.61174488067627,142.62127685546875,170.7128448486328,85.49456787109375
2023-08-29,126.43893432617188,1001.8591918945312,243.49057006835938,125.11500549316406,212.85606384277344,143.5770721435547,12.650341987609863,141.73300170898438,169.379150390625,83.99937438964844
2023-08-30,126.67516326904297,1001.8591918945312,241.7367401123047,126.3231201171875,216.75526428222656,144.11915588378906,12.785433769226074,143.01605224609375,170.80810546875,84.34442138671875
2023-08-31,127.3838882446289,1006.8560791015625,244.85467529296875,127.7766342163086,222.25411987304688,143.55770874023438,12.84815502166748,142.76930236816406,172.99917602539062,84.49777221679688
2023-09-01,127.80915069580078,1006.8560791015625,241.8341827392578,126.34199523925781,219.05479431152344,141.3893280029297,12.84815502166748,143.55889892578125,172.42758178710938,85.60958099365234
2023-09-04,129.17938232421875,1006.8560791015625,241.24957275390625,126.64401245117188,219.8546142578125,141.40869140625,12.906051635742188,144.05239868164062,171.47496032714844,86.52970123291016
2023-09-05,129.60459899902344,1009.3544311523438,242.51622009277344,126.56851959228516,219.15476989746094,141.0408477783203,13.181058883666992,144.99005126953125,172.237060546875,92.01210021972656
2023-09-06,129.17938232421875,1013.3518676757812,240.37265014648438,126.41751098632812,214.6556854248047,141.36996459960938,13.311326026916504,145.23683166503906,171.47496032714844,91.74372863769531
2023-09-07,129.74636840820312,1028.34228515625,238.42393493652344,128.75820922851562,223.7538299560547,143.7126007080078,13.37404727935791,146.0264129638672,171.6654815673828,93.0855712890625
2023-09-08,131.06932067871094,1026.8433837890625,238.32650756835938,127.833251953125,220.35452270507812,143.7900390625,13.258254051208496,146.322509765625,172.99917602539062,92.77885437011719
2023-09-11,131.68360900878906,1037.8360595703125,245.34185791015625,126.15322875976562,223.55386352539062,145.28079223632812,13.37404727935791,148.6419677734375,173.18972778320312,92.16544342041016
2023-09-12,132.15609741210938,1043.3326416015625,248.4597625732422,123.15181732177734,224.35369873046875,144.3514862060547,13.320975303649902,150.22116088867188,172.237060546875,91.55203247070312
2023-09-13,132.15609741210938,1044.3321533203125,247.58285522460938,123.1895751953125,225.25350952148438,143.75131225585938,13.325799942016602,149.82635498046875,172.42758178710938,89.86515045166016
2023-09-14,130.4551239013672,1051.3275146484375,250.21359252929688,123.07630920410156,225.75341796875,145.78416442871094,13.282378196716309,152.4912567138672,171.47496032714844,89.7501220703125
2023-09-15,131.8253173828125,1050.3282470703125,253.81869506835938,123.94464874267578,227.3530731201172,147.54595947265625,13.489839553833008,153.2314910888672,171.8560028076172,90.24853515625
2023-09-18,131.30560302734375,1054.3255615234375,258.2032775878906,122.73652648925781,224.35369873046875,146.84898376464844,13.37404727935791,152.3925323486328,174.8092041015625,89.90348815917969
2023-09-19,131.87257385253906,1058.322998046875,254.0135955810547,122.01921081542969,225.95335388183594,146.88772583007812,13.586332321166992,150.22116088867188,173.666015625,89.2517318725586
2023-09-20,129.74636840820312,1044.3321533203125,251.57769775390625,122.35899353027344,223.6538543701172,147.1781005859375,13.5380859375,143.85501098632812,172.42758178710938,88.29328155517578
2023-09-21,127.10040283203125,1028.8419189453125,244.4649200439453,118.47038269042969,220.35452270507812,143.30601501464844,13.267903327941895,142.57191467285156,171.57022094726562,86.2613296508789
2023-09-22,125.39945220947266,1010.353759765625,243.9777374267578,116.92249298095703,220.5544891357422,142.4928741455078,13.127985954284668,141.23947143554688,169.7602081298828,86.18466186523438
2023-09-25,125.44669342041016,1009.3544311523438,242.4187774658203,116.05416870117188,219.75465393066406,142.43479919433594,13.147286415100098,137.29147338867188,167.95018005371094,85.22620391845703
2023-09-26,125.3521957397461,1014.3511962890625,244.36749267578125,116.63935089111328,219.6546630859375,142.53160095214844,12.997720718383789,136.99539184570312,170.52232360839844,85.11119079589844
2023-09-27,125.87193298339844,1013.3518676757812,242.02903747558594,117.03575897216797,218.75485229492188,144.69998168945312,13.195533752441406,137.9330291748047,171.8560028076172,85.60958099365234
2023-09-28,126.24993133544922,1017.8490600585938,245.24440002441406,119.62187194824219,221.45428466796875,145.0678253173828,13.287202835083008,138.62393188476562,171.3796844482422,85.11119079589844
2023-09-29,125.77742767333984,997.1622314453125,237.6444549560547,119.84839630126953,220.8544158935547,143.88682556152344,13.181058883666992,137.39016723632812,169.9507293701172,84.57444763183594
2023-10-02,124.5962142944336,1008.35498046875,233.35731506347656,118.50814056396484,216.55531311035156,141.60231018066406,13.065266609191895,138.03172302246094,167.75965881347656,85.11119079589844
2023-10-03,123.88746643066406,1014.3511962890625,231.1162872314453,117.33778381347656,212.05624389648438,140.1696319580078,13.007369041442871,137.73562622070312,168.14071655273438,86.64472198486328
2023-10-04,121.52499389648438,977.3748779296875,227.02403259277344,116.60159301757812,210.7565155029297,139.1628875732422,12.737187385559082,131.4188232421875,163.94911193847656,84.61279296875
2023-10-05,121.05252075195312,982.571533203125,228.38812255859375,116.58271026611328,210.45655822753906,138.64016723632812,12.621394157409668,133.44219970703125,165.94964599609375,85.11119079589844
2023-10-06,120.95801544189453,979.97314453125,227.8035125732422,117.30003356933594,208.7569122314453,140.1502685546875,12.486303329467773,129.4941864013672,165.1875457763672,83.76934051513672
2023-10-09,126.6279067993164,1024.3447265625,244.07518005371094,116.16743469238281,205.15765380859375,141.19573974609375,13.084565162658691,141.23947143554688,172.42758178710938,87.02810668945312
2023-10-10,127.95088195800781,1040.3345947265625,248.07003784179688,118.5458984375,212.25619506835938,145.59054565429688,13.263078689575195,141.5355682373047,174.2375946044922,89.32839965820312
2023-10-11,131.3528594970703,1053.326416015625,254.79302978515625,119.2254638671875,213.0560302734375,147.1974639892578,13.460890769958496,142.62127685546875,176.14288330078125,89.52010345458984
2023-10-12,134.94378662109375,1067.8170166015625,261.71099853515625,118.69691467285156,211.7563018798828,147.29428100585938,13.808268547058105,145.63162231445312,178.7150115966797,93.2005844116211
2023-10-13,136.4557342529297,1078.8099365234375,262.1981201171875,115.1103286743164,213.156005859375,144.31277465820312,13.470540046691895,143.5095672607422,178.52447509765625,92.97055053710938
2023-10-16,135.32176208496094,1076.3115234375,262.6853332519531,116.0353012084961,213.4559326171875,145.6486358642578,13.769671440124512,142.17710876464844,177.8576202392578,92.66385650634766
2023-10-17,134.4240264892578,1074.312744140625,261.1263427734375,120.15042114257812,215.55552673339844,147.10067749023438,13.890288352966309,142.27578735351562,179.57237243652344,92.35713958740234
2023-10-18,133.76255798339844,1071.8143310546875,260.24945068359375,117.71532440185547,207.75714111328125,144.81614685058594,13.846867561340332,141.3875274658203,177.95289611816406,93.43061065673828
2023-10-19,130.69134521484375,1039.946533203125,251.67510986328125,116.94137573242188,205.55758666992188,143.7126007080078,13.509138107299805,139.0680694580078,174.8092041015625,91.43701934814453
2023-10-20,130.26611328125,1060.9351806640625,253.2340850830078,114.44965362548828,198.90895080566406,140.30516052246094,13.37887191772461,137.39016723632812,173.47549438476562,89.59678649902344
2023-10-23,131.63632202148438,1067.431640625,252.25973510742188,115.62000274658203,203.45799255371094,141.97015380859375,13.195533752441406,137.686279296875,175.66656494140625,89.98015594482422
2023-10-24,133.80979919433594,1076.9267578125,260.1520080566406,118.13060760498047,204.35781860351562,143.8674774169922,13.407819747924805,140.1537628173828,179.38185119628906,90.67024993896484
2023-10-25,134.23504638671875,1094.9171142578125,259.8597106933594,118.01734924316406,202.9581298828125,143.73194885253906,13.562209129333496,141.4862060546875,180.81080627441406,91.59036254882812
2023-10-26,134.1877899169922,1095.916748046875,264.0494079589844,119.33872985839844,200.45863342285156,143.015625,13.557385444641113,144.3978729248047,181.3824005126953,90.7469253540039
2023-10-27,133.2900390625,1083.4232177734375,259.2750549316406,117.94184112548828,200.358642578125,141.97015380859375,13.364397048950195,139.66026306152344,177.38131713867188,93.54562377929688
2023-10-30,133.33729553222656,1102.4130859375,263.1724853515625,119.11219024658203,201.9582977294922,143.36410522460938,13.67800235748291,140.25247192382812,178.3339385986328,88.17825317382812
2023-10-31,131.4945831298828,1103.4124755859375,263.4648132324219,119.18770599365234,215.35556030273438,142.3186492919922,13.7358980178833,141.14076232910156,178.6197509765625,87.41148376464844
2023-11-01,130.73858642578125,1116.9053955078125,269.4083251953125,120.75448608398438,220.25454711914062,144.99037170410156,13.957834243774414,144.3485107421875,178.42922973632812,88.63831329345703
2023-11-02,129.8881378173828,1104.9117431640625,264.5365905761719,121.81156921386719,223.55386352539062,147.0038604736328,13.914411544799805,141.5849151611328,174.14234924316406,87.94822692871094
2023-11-03,127.66741943359375,1081.42431640625,263.4648132324219,121.81156921386719,220.8544158935547,145.2614288330078,13.837217330932617,141.97972106933594,172.14181518554688,86.37635040283203
2023-11-06,129.2266082763672,1075.9273681640625,265.4134826660156,121.20751190185547,224.05377197265625,145.20335388183594,13.706951141357422,139.61093139648438,173.3802490234375,86.874755859375
2023-11-07,128.5178985595703,1078.9256591796875,264.9263000488281,121.9437026977539,225.95335388183594,145.39694213867188,13.653878211975098,140.3018341064453,172.33233642578125,87.64151763916016
2023-11-08,129.84085083007812,1082.423828125,267.4596252441406,123.05744171142578,232.35203552246094,147.50723266601562,13.68282699584961,138.96939086914062,174.2375946044922,89.36673736572266
2023-11-09,129.55738830566406,1089.420166015625,265.02374267578125,120.67897033691406,232.75196838378906,148.59141540527344,13.706951141357422,138.4758758544922,174.04705810546875,88.94503784179688
2023-11-10,130.974853515625,1102.9129638671875,266.5827331542969,121.26414489746094,231.95211791992188,148.18484497070312,14.348634719848633,138.57455444335938,174.2375946044922,88.21659851074219
2023-11-13,133.33729553222656,1107.41064453125,275.2544250488281,122.92530822753906,240.15045166015625,150.1402587890625,14.310036659240723,139.0680694580078,178.42922973632812,88.79166412353516
2023-11-14,130.4551239013672,1072.4293212890625,271.55194091796875,124.2466812133789,238.95068359375,152.11500549316406,13.890288352966309,138.08106994628906,177.66709899902344,90.1718521118164
2023-11-15,129.65187072753906,1067.431640625,273.11083984375,123.83138275146484,243.54974365234375,152.6571044921875,13.851691246032715,137.43951416015625,177.09552001953125,90.90027618408203
2023-11-16,129.32113647460938,1061.4349365234375,269.7006530761719,124.07679748535156,244.44955444335938,153.93490600585938,13.875815391540527,136.35382080078125,175.3807830810547,89.7501220703125
2023-11-17,130.5496063232422,1054.9383544921875,271.9416809082031,124.83183288574219,243.9496612548828,155.4256591796875,14.141172409057617,137.1434326171875,178.7150115966797,89.48175811767578
2023-11-20,130.73858642578125,1060.435546875,271.6493225097656,125.56803894042969,245.4493408203125,155.56118774414062,14.396881103515625,140.7459716796875,179.47711181640625,89.90348815917969
2023-11-21,132.392333984375,1064.93310546875,281.6851806640625,126.24760437011719,242.94985961914062,155.8128662109375,14.150821685791016,139.4135284423828,180.6202850341797,90.51689147949219
2023-11-22,132.9120635986328,1060.435546875,281.5877380371094,126.47412872314453,237.45098876953125,155.75477600097656,13.88546371459961,140.40052795410156,178.6197509765625,90.78526306152344
2023-11-23,132.7703094482422,1071.4296875,276.2287902832031,127.02156066894531,240.65032958984375,155.75477600097656,14.001256942749023,140.40052795410156,178.42922973632812,91.82040405273438
2023-11-24,132.8175811767578,1067.431640625,276.1313781738281,127.0970687866211,240.95028686523438,155.87095642089844,14.010906219482422,140.10443115234375,179.38185119628906,91.85872650146484
2023-11-27,129.8881378173828,1048.941650390625,266.97247314453125,126.09659576416016,243.1498260498047,154.6706085205078,13.51878833770752,133.04737854003906,174.7139129638672,90.63191223144531
2023-11-28,130.73858642578125,1049.941162109375,267.06988525390625,127.00267791748047,258.2467041015625,156.04519653320312,13.673177719116211,133.88632202148438,176.52394104003906,89.2134017944336
2023-11-29,131.0220947265625,1034.44921875,268.1416931152344,127.9465103149414,263.34564208984375,155.0190887451172,13.629755020141602,135.1200714111328,176.23814392089844,89.06002807617188
2023-11-30,129.41563415527344,1049.4412841796875,268.9211730957031,128.55056762695312,268.7445068359375,155.87095642089844,13.576683044433594,133.04737854003906,173.76129150390625,89.02169799804688
2023-12-01,131.4945831298828,1058.9364013671875,274.4749755859375,130.32496643066406,276.6429443359375,157.9231414794922,13.832392692565918,135.71229553222656,175.3807830810547,90.70858764648438
2023-12-04,129.08489990234375,1046.443115234375,276.1313781738281,129.32452392578125,285.3410949707031,156.103271484375,13.6345796585083,136.84732055664062,171.28443908691406,86.83641052246094
2023-12-05,128.7046356201172,1043.9442138671875,276.2287902832031,128.89035034179688,284.6412658691406,155.3482208251953,13.417468070983887,136.64991760253906,173.666015625,85.99297332763672
2023-12-06,129.46510314941406,1030.451416015625,275.2544250488281,130.5326385498047,288.5404968261719,158.7362823486328,13.427117347717285,134.083740234375,172.99917602539062,85.18785858154297
2023-12-07,128.79969787597656,1018.4578247070312,270.869873046875,130.58924865722656,286.1409606933594,158.87181091308594,13.103863716125488,131.7642822265625,170.52232360839844,83.5009765625
2023-12-08,132.0791015625,1041.9454345703125,277.3980407714844,133.8549346923828,289.2403259277344,159.3364715576172,13.364397048950195,134.23178100585938,173.76129150390625,85.41788482666016
2023-12-11,130.60577392578125,1041.9454345703125,276.6185302734375,134.3079833984375,296.8387451171875,160.1883087158203,13.330623626708984,133.39283752441406,172.14181518554688,85.14952087402344
2023-12-12,130.6532745361328,1055.9378662109375,279.44415283203125,134.6666259765625,304.63714599609375,162.12437438964844,13.354747772216797,137.4888916015625,170.7128448486328,85.83961486816406
2023-12-13,131.8414764404297,1065.432861328125,282.3672180175781,134.3079833984375,301.73773193359375,160.420654296875,13.924060821533203,139.61093139648438,171.47496032714844,87.18145751953125
2023-12-14,127.89667510986328,1045.443603515625,278.4698181152344,132.1937713623047,299.9380798339844,155.6386260986328,13.928885459899902,139.7096405029297,167.56912231445312,86.64472198486328
2023-12-15,128.22938537597656,1057.43701171875,278.27496337890625,131.68409729003906,290.0401611328125,155.03846740722656,14.261789321899414,141.288818359375,168.23599243164062,87.67986297607422
2023-12-18,128.609619140625,1067.9315185546875,276.0339050292969,131.3632049560547,292.33966064453125,155.61924743652344,14.049503326416016,143.5095672607422,170.14126586914062,88.1399154663086
2023-12-19,128.13430786132812,1064.433349609375,277.6903381347656,132.02389526367188,294.9391174316406,155.07717895507812,14.189419746398926,144.20046997070312,170.4270477294922,88.83000946044922
2023-12-20,127.23130798339844,1086.4217529296875,277.105712890625,130.13621520996094,298.8383483886719,153.0636749267578,14.107398986816406,147.3095245361328,171.28443908691406,89.0983657836914
2023-12-21,128.27688598632812,1092.918212890625,278.8595886230469,130.7402801513672,299.7381286621094,154.24465942382812,14.170122146606445,148.19781494140625,171.8560028076172,88.56163787841797
2023-12-22,127.75408935546875,1089.420166015625,277.3980407714844,131.60858154296875,302.33758544921875,154.7286834716797,14.232841491699219,146.22381591796875,171.57022094726562,87.79486846923828
2023-12-27,127.65906524658203,1094.4173583984375,279.5415954589844,131.58970642089844,298.73834228515625,154.8448486328125,14.353459358215332,148.24716186523438,171.47496032714844,88.17825317382812
2023-12-28,127.46894073486328,1100.9140625,280.32110595703125,131.83511352539062,298.03851318359375,154.51573181152344,14.42582893371582,149.4809112548828,170.7128448486328,88.75333404541016
2023-12-29,127.32635498046875,1109.9091796875,279.6390380859375,131.92950439453125,299.63818359375,154.36083984375,14.411355972290039,149.925048828125,170.7128448486328,89.2134017944336
2024-01-02,126.85108184814453,1115.40625,291.526123046875,133.3452606201172,298.03851318359375,154.9610137939453,14.705660820007324,152.34320068359375,171.47496032714844,90.28685760498047
2024-01-03,127.61152648925781,1133.396728515625,289.382568359375,129.45664978027344,294.7391662597656,153.58641052246094,14.903472900390625,150.66531372070312,172.42758178710938,90.24853515625
2024-01-04,130.32058715820312,1154.88525390625,297.2748107910156,131.55198669433594,297.738525390625,155.21267700195312,15.75744342803955,155.5509490966797,176.9049835205078,92.548828125
2024-01-05,129.94036865234375,1152.386474609375,297.2748107910156,131.85398864746094,296.538818359375,154.4382781982422,15.63682746887207,156.78469848632812,176.04762268066406,92.6255111694336
2024-01-08,130.32058715820312,1144.3907470703125,299.51580810546875,135.1574249267578,305.1370544433594,156.0258331298828,15.79604434967041,156.68600463867188,174.33287048339844,92.35713958740234
2024-01-09,130.4156494140625,1145.889892578125,297.2748107910156,135.08192443847656,308.73626708984375,156.60665893554688,15.88288688659668,159.4002227783203,175.3807830810547,94.96414947509766
2024-01-10,131.55630493164062,1154.88525390625,298.1517028808594,135.9502410888672,309.13623046875,158.38780212402344,16.0517520904541,160.5352783203125,176.8097381591797,95.80758666992188
2024-01-11,131.88900756835938,1162.8809814453125,300.2952880859375,135.7992401123047,296.9386901855469,158.7362823486328,16.365354537963867,162.7067108154297,175.76182556152344,96.80438995361328
2024-01-12,134.83572387695312,1188.8671875,307.7003479003906,140.82044982910156,304.93707275390625,163.11175537109375,16.6693115234375,166.9507598876953,180.71554565429688,98.43376159667969
2024-01-15,131.88900756835938,1177.373291015625,307.5054931640625,139.70672607421875,299.9380798339844,163.13113403320312,16.442550659179688,168.03646850585938,169.09336853027344,97.95453643798828
2024-01-16,131.9365234375,1180.3717041015625,312.1824035644531,139.366943359375,298.1385192871094,162.5309295654297,16.495622634887695,168.82608032226562,167.8549346923828,99.8714599609375
2024-01-17,131.4612579345703,1191.36572265625,317.4438781738281,138.78175354003906,296.538818359375,161.4854736328125,16.452199935913086,168.08583068847656,168.99807739257812,100.82991790771484
2024-01-18,129.70274353027344,1177.873046875,325.62847900390625,141.61326599121094,306.436767578125,165.57052612304688,16.28816032409668,169.91177368164062,166.33070373535156,101.50084686279297
2024-01-19,126.42333221435547,1173.37548828125,321.8284606933594,140.4806671142578,304.93707275390625,164.40890502929688,15.8635892868042,165.5196533203125,162.9011993408203,100.63822937011719
2024-01-22,127.89667510986328,1166.8787841796875,325.23870849609375,141.61326599121094,308.8362121582031,166.4998321533203,15.921483039855957,168.92478942871094,164.8064727783203,101.50084686279297
2024-01-23,127.51644897460938,1163.380615234375,316.7618713378906,139.68783569335938,301.73773193359375,163.40216064453125,15.569281578063965,165.37159729003906,163.0917205810547,101.0216064453125
2024-01-24,127.84916687011719,1175.8739013671875,323.1925964355469,138.4986114501953,307.0366516113281,165.8802947998047,15.786394119262695,168.18453979492188,165.1875457763672,100.92576599121094
2024-01-25,128.51454162597656,1181.3712158203125,319.392578125,140.14088439941406,306.436767578125,166.42239379882812,15.824991226196289,167.49363708496094,163.94911193847656,102.26760864257812
2024-01-26,128.32444763183594,1167.3785400390625,308.8695983886719,140.89596557617188,305.33697509765625,168.24227905273438,15.559632301330566,165.37159729003906,164.33016967773438,101.40499877929688
2024-01-29,130.4156494140625,1181.870849609375,318.223388671875,140.70718383789062,303.937255859375,168.91989135742188,15.632003784179688,167.14817810058594,166.90228271484375,102.93853759765625
2024-01-30,130.13046264648438,1185.3690185546875,316.5669860839844,141.44337463378906,307.0366516113281,169.01669311523438,15.665775299072266,167.34556579589844,166.33070373535156,103.32190704345703
2024-01-31,128.65713500976562,1176.373779296875,316.46954345703125,139.49908447265625,301.1378479003906,167.87442016601562,15.63682746887207,166.0131378173828,167.18807983398438,102.93853759765625
2024-02-01,128.46702575683594,1168.8779296875,320.07464599609375,139.1215362548828,298.73834228515625,167.68081665039062,15.45348834991455,166.9014434814453,167.37860107421875,103.51360321044922
2024-02-02,128.94229125976562,1171.37646484375,319.7823486328125,140.9148406982422,310.1360168457031,169.8491973876953,15.434189796447754,167.9871368408203,168.80755615234375,103.70529174804688
2024-02-05,128.27688598632812,1178.3726806640625,319.1003112792969,140.6883087158203,309.7360534667969,169.9072723388672,15.67542552947998,167.6416778564453,164.52069091796875,104.2803726196289
2024-02-06,130.08297729492188,1204.858642578125,324.9464416503906,143.21778869628906,317.7344055175781,171.33995056152344,16.259212493896484,169.81309509277344,166.90228271484375,104.85545349121094
2024-02-07,129.41754150390625,1197.8623046875,325.23870849609375,142.21731567382812,322.8333435058594,169.79110717773438,16.080699920654297,170.60267639160156,166.99755859375,104.9512939453125
2024-02-08,127.27882385253906,1194.3641357421875,323.58233642578125,142.84024047851562,317.63446044921875,169.8104705810547,15.88288688659668,171.54031372070312,165.37808227539062,104.08867645263672
2024-02-09,127.08872985839844,1208.8564453125,327.9668884277344,142.06631469726562,318.0343933105469,170.7784881591797,16.413602828979492,178.69606018066406,164.04437255859375,115.01512145996094
2024-02-12,127.32635498046875,1223.3486328125,339.951416015625,141.5377655029297,309.0362243652344,169.36517333984375,16.601764678955078,188.46734619140625,164.42543029785156,119.99909973144531
2024-02-13,125.9005355834961,1211.85498046875,355.6385192871094,140.5372772216797,306.23681640625,168.0486602783203,16.640363693237305,185.8024444580078,163.663330078125,120.57418060302734
2024-02-14,131.03350830078125,1229.3455810546875,355.0538635253906,141.82089233398438,312.1356201171875,170.29449462890625,17.648725509643555,191.42832946777344,168.61703491210938,124.695556640625
2024-02-15,132.6969757080078,1224.3482666015625,367.5256042480469,140.5372772216797,319.9339294433594,177.30296325683594,17.92855453491211,192.02053833007812,174.04705810546875,124.98309326171875
2024-02-16,133.69505310058594,1241.33935546875,378.24346923828125,138.12107849121094,323.2332763671875,181.8720245361328,18.111894607543945,195.4750518798828,175.57130432128906,125.55817413330078
2024-02-19,127.3739013671875,1247.3359375,393.7356872558594,136.19564819335938,334.1310729980469,183.0723876953125,18.517168045043945,196.659423828125,172.33233642578125,126.99586486816406
2024-02-20,128.46702575683594,1252.3333740234375,391.5920715332031,136.81857299804688,330.4317932128906,184.36952209472656,18.47857093811035,197.3009796142578,173.9518280029297,126.90000915527344
2024-02-21,128.18185424804688,1240.83935546875,389.74078369140625,137.66802978515625,329.4320068359375,183.14981079101562,18.36277961730957,196.21530151367188,173.47549438476562,126.70831298828125
2024-02-22,127.61152648925781,1231.344482421875,391.3972473144531,139.00828552246094,356.726318359375,185.3181915283203,18.411026000976562,190.58938598632812,174.04705810546875,127.18754577636719
2024-02-23,128.89476013183594,1239.840087890625,399.7766418457031,139.65008544921875,353.02716064453125,186.84767150878906,18.333829879760742,194.88284301757812,173.666015625,128.4335479736328
2024-02-26,131.88900756835938,1255.3316650390625,410.9816589355469,139.0648956298828,361.12548828125,187.46719360351562,19.279468536376953,203.07492065429688,175.9523468017578,129.87123107910156
2024-02-27,130.08297729492188,1234.8426513671875,404.1612243652344,139.68783569335938,358.5260314941406,186.17005920410156,18.82594871520996,197.44903564453125,174.04705810546875,128.91278076171875
2024-02-28,129.8453369140625,1228.845947265625,410.5919189453125,145.0865936279297,370.4235534667969,187.04127502441406,18.951391220092773,201.00222778320312,175.28550720214844,129.4878692626953
2024-02-29,130.2730712890625,1241.33935546875,413.1252746582031,144.35040283203125,369.02386474609375,187.50592041015625,19.062358856201172,201.44635009765625,174.2375946044922,129.67953491210938
2024-03-01,128.7046356201172,1249.3349609375,418.0944519042969,144.06724548339844,374.7226867675781,187.2542266845703,19.530353546142578,202.6801300048828,174.4281463623047,130.63800048828125
2024-03-04,131.5087890625,1259.32958984375,418.9714050292969,146.63449096679688,376.32232666015625,190.197021484375,19.819835662841797,210.92156982421875,178.52447509765625,131.50064086914062
2024-03-05,143.43820190429688,1279.3189697265625,423.35595703125,148.72979736328125,374.8226318359375,191.49417114257812,19.98387336730957,202.4827117919922,184.2403106689453,132.17153930664062
2024-03-06,139.7310333251953,1275.3211669921875,421.21234130859375,149.3527374267578,378.9217834472656,192.36538696289062,20.147912979125977,201.1996307373047,174.2375946044922,128.8169403076172
2024-03-07,138.68544006347656,1271.3232421875,425.3046569824219,149.4470977783203,389.9195251464844,190.33251953125,20.041772842407227,205.0982666015625,174.4281463623047,129.39199829101562
2024-03-08,136.16648864746094,1257.33056640625,410.9816589355469,149.18283081054688,386.32025146484375,189.19029235839844,19.964576721191406,202.8775177001953,172.237060546875,127.09170532226562
2024-03-11,133.74256896972656,1259.32958984375,404.8432922363281,147.9936065673828,383.1209411621094,188.2996826171875,19.154027938842773,208.84886169433594,168.71231079101562,128.24185180664062
2024-03-12,135.3109893798828,1281.8177490234375,407.57147216796875,149.12620544433594,391.7191162109375,191.59097290039062,19.30841827392578,209.53976440429688,167.95018005371094,128.3376922607422
2024-03-13,136.64175415039062,1289.8134765625,410.4945373535156,150.33432006835938,393.7187194824219,192.63644409179688,19.974225997924805,209.7864990234375,167.95018005371094,128.91278076171875
2024-03-14,138.8280487060547,1293.8114013671875,432.2225646972656,151.35366821289062,389.3196105957031,193.9916534423828,20.611085891723633,212.69815063476562,170.99862670898438,129.5836944580078
2024-03-15,139.3983612060547,1294.3109130859375,445.1814270019531,153.61886596679688,393.4188232421875,195.8793182373047,20.533889770507812,214.67214965820312,169.85546875,131.1172332763672
2024-03-18,141.25193786621094,1304.3057861328125,464.8633728027344,154.05303955078125,389.9195251464844,196.8473358154297,20.997060775756836,218.5214385986328,171.76075744628906,136.19705200195312
2024-03-19,143.67584228515625,1326.793701171875,475.2889099121094,156.8468017578125,400.6173095703125,199.2673797607422,21.334789276123047,221.9759521484375,174.2375946044922,136.5804443359375
2024-03-20,145.33929443359375,1335.2891845703125,465.35052490234375,158.62120056152344,406.6161193847656,198.2993621826172,21.44093132019043,224.29537963867188,178.7150115966797,138.0181427001953
2024-03-21,147.3829803466797,1350.781005859375,479.1863098144531,159.79156494140625,420.11328125,200.04180908203125,21.23829460144043,224.9862823486328,178.81027221679688,137.63478088378906
2024-03-22,149.42666625976562,1362.7745361328125,487.5657653808594,160.3578643798828,419.8133544921875,200.62261962890625,21.57602310180664,230.5628204345703,183.76397705078125,141.2769012451172
2024-03-25,152.3258514404297,1359.2762451171875,494.1913757324219,160.5655059814453,421.01312255859375,201.39703369140625,22.164634704589844,233.52383422851562,197.1962127685547,142.5229034423828
2024-03-26,152.99124145507812,1368.2716064453125,507.63739013671875,161.05630493164062,427.91168212890625,204.25270080566406,22.232181549072266,237.37310791015625,194.52880859375,143.19381713867188
2024-03-27,150.7574462890625,1352.7799072265625,498.478515625,161.96238708496094,421.9129333496094,202.6554718017578,22.154985427856445,237.96531677246094,196.24356079101562,143.6730194091797
2024-03-28,150.23464965820312,1348.781982421875,507.63739013671875,161.13182067871094,426.61199951171875,203.33306884765625,22.46376609802246,234.90560913085938,194.33827209472656,143.6730194091797
2024-04-02,149.521728515625,1330.2919921875,514.068115234375,157.77175903320312,418.8135681152344,198.7349853515625,22.174283981323242,234.4614715576172,194.52880859375,142.61874389648438
2024-04-03,151.61293029785156,1319.7974853515625,519.9142456054688,158.62120056152344,423.9125061035156,199.7030029296875,22.47341537475586,238.360107421875,196.0530242919922,144.05642700195312
2024-04-04,150.09205627441406,1312.3013916015625,523.22705078125,158.52682495117188,418.9135437011719,199.8966064453125,22.270780563354492,236.8795928955078,196.0530242919922,141.8519744873047
2024-04-05,151.13768005371094,1325.2943115234375,523.0321655273438,158.5834503173828,421.01312255859375,198.92857360839844,22.454116821289062,236.4848175048828,195.4814453125,145.3982696533203
2024-04-08,154.51214599609375,1336.788330078125,546.2216796875,160.9619140625,429.0114440917969,201.34864807128906,22.869041442871094,242.2093963623047,200.0541229248047,146.54843139648438
2024-04-09,146.95523071289062,1276.3206787109375,508.6117858886719,155.4310302734375,412.1149597167969,197.08934020996094,20.8233699798584,218.57078552246094,193.00460815429688,138.59323120117188
2024-04-10,147.28794860839844,1274.8212890625,509.5860595703125,154.9968719482422,408.41571044921875,198.83177185058594,20.87161636352539,220.05128479003906,192.62351989746094,143.86474609375
2024-04-11,148.57119750976562,1285.3157958984375,519.134765625,153.14695739746094,406.8160400390625,198.83177185058594,20.948814392089844,223.0122833251953,191.2898406982422,144.24813842773438
2024-04-12,150.9475555419922,1317.7984619140625,529.26806640625,153.75100708007812,404.616455078125,199.218994140625,21.344436645507812,227.6676788330078,195.10040283203125,147.41104125976562
2024-04-15,152.13575744628906,1336.788330078125,537.6473999023438,154.4116973876953,406.716064453125,201.2518310546875,21.836557388305664,233.41259765625,197.95831298828125,148.17782592773438
2024-04-16,150.4247589111328,1320.7969970703125,529.462890625,152.68321228027344,397.7178955078125,198.44456481933594,21.875154495239258,227.7667236328125,197.1962127685547,145.7816619873047
2024-04-17,149.33163452148438,1319.2977294921875,518.160400390625,153.54745483398438,401.317138671875,200.09019470214844,21.50847816467285,225.9342803955078,197.00567626953125,146.54843139648438
2024-04-18,147.57310485839844,1286.4954833984375,497.30926513671875,154.2772674560547,402.41693115234375,201.542236328125,21.199697494506836,223.6561279296875,195.67196655273438,143.48133850097656
2024-04-19,147.57310485839844,1295.4920654296875,491.07342529296875,153.681884765625,395.41839599609375,199.3157958984375,20.919864654541016,222.02178955078125,195.4814453125,143.19381713867188
2024-04-22,149.80690002441406,1315.484130859375,496.72467041015625,155.02626037597656,406.21612548828125,198.7349853515625,20.987411499023438,221.42747497558594,192.43299865722656,143.57720947265625
2024-04-23,150.90003967285156,1339.474853515625,501.4014892578125,156.25543212890625,417.11395263671875,202.31666564941406,21.450580596923828,229.79727172851562,195.8625030517578,145.8775177001953
2024-04-24,152.0882110595703,1362.965576171875,507.2476501464844,155.77528381347656,416.9139709472656,203.478271484375,21.209346771240234,231.87733459472656,195.67196655273438,149.04042053222656
2024-04-25,148.9038543701172,1319.482666015625,499.84259033203125,152.22227478027344,405.6163024902344,200.8646240234375,20.668981552124023,227.8657684326172,192.2424774169922,144.72735595703125
2024-04-26,150.8524932861328,1339.474853515625,510.95025634765625,150.82028198242188,421.01312255859375,201.92945861816406,20.997060775756836,225.6371307373047,194.1477508544922,145.49412536621094
2024-04-29,150.5673370361328,1354.4688720703125,511.5348205566406,149.7063751220703,414.71441650390625,198.34776306152344,21.31549072265625,228.06387329101562,193.19512939453125,146.64425659179688
2024-04-30,150.13958740234375,1332.4775390625,503.93487548828125,148.53482055664062,413.0147705078125,197.67015075683594,20.87161636352539,217.56451416015625,191.67088317871094,150.6697998046875
2024-05-01,150.13958740234375,1337.4755859375,503.93487548828125,148.53482055664062,407.4159240722656,197.67015075683594,20.87161636352539,217.56451416015625,191.67088317871094,150.6697998046875
2024-05-02,150.8524932861328,1328.9788818359375,499.25799560546875,147.47854614257812,406.4161376953125,196.31492614746094,20.77512550354004,215.63302612304688,190.71824645996094,151.81993103027344
2024-05-03,153.0863037109375,1360.96630859375,522.8372192382812,148.2083282470703,418.01373291015625,199.79978942871094,21.045305252075195,217.7130889892578,192.2424774169922,153.35350036621094
2024-05-06,155.08245849609375,1360.96630859375,532.385986328125,150.43617248535156,418.01373291015625,199.79978942871094,21.672515869140625,222.91323852539062,195.10040283203125,157.47486877441406
2024-05-07,154.98739624023438,1372.4617919921875,515.2373657226562,152.54876708984375,418.31365966796875,202.123046875,20.707576751708984,221.87322998046875,193.9572296142578,154.9828643798828
2024-05-08,157.41131591796875,1380.95849609375,521.08349609375,155.10308837890625,428.6115417480469,204.34951782226562,21.276891708374023,229.54962158203125,193.00460815429688,158.27008056640625
2024-05-09,159.6450958251953,1391.4544677734375,527.9038696289062,155.98654174804688,433.8104553222656,205.51113891601562,21.32513999938965,229.54962158203125,197.38673400878906,158.27008056640625
2024-05-10,158.83712768554688,1393.45361328125,522.0578002929688,153.48983764648438,423.5126037597656,205.70472717285156,21.961999893188477,224.1513671875,197.00567626953125,160.78382873535156
2024-05-13,157.60142517089844,1348.47119140625,522.4475708007812,151.6845245361328,420.6131896972656,202.8006591796875,21.22864532470703,222.8637237548828,197.95831298828125,162.81417846679688
2024-05-14,156.36572265625,1351.4700927734375,508.22198486328125,152.39512634277344,419.513427734375,201.73582458496094,21.161100387573242,228.2124481201172,199.10147094726562,160.9772186279297
2024-05-15,157.5538787841797,1362.4658203125,507.7294616699219,153.64349365234375,426.4119873046875,204.93031311035156,21.71111297607422,232.76878356933594,198.7204132080078,163.97439575195312
2024-05-16,159.02725219726562,1363.4654541015625,505.7592468261719,152.64480590820312,420.3132629394531,201.155029296875,22.405868530273438,235.93838500976562,201.38780212402344,166.97154235839844
2024-05-17,158.74208068847656,1360.96630859375,504.38006591796875,152.64480590820312,418.01373291015625,201.8326416015625,22.46376609802246,237.523193359375,199.48252868652344,166.97154235839844
2024-05-20,160.64317321777344,1371.4622802734375,523.2943115234375,154.546142578125,436.7098388671875,205.70472717285156,22.772546768188477,239.60325622558594,200.03443908691406,166.97154235839844
2024-05-21,161.8499298095703,1386.456298828125,519.1567993164062,154.93023681640625,432.9106750488281,205.80154418945312,22.579559326171875,243.6643524169922,199.0662078857422,169.2919464111328
2024-05-22,160.54666137695312,1372.9615478515625,514.2312622070312,154.027587890625,427.91168212890625,208.02798461914062,22.637453079223633,244.1595916748047,197.1297607421875,171.51565551757812
2024-05-23,162.0430145263672,1396.4525146484375,526.0526733398438,154.8726348876953,440.30914306640625,210.73843383789062,22.75324821472168,247.131103515625,199.64712524414062,174.99624633789062
2024-05-24,160.45010375976562,1385.4566650390625,522.9002685546875,152.79843139648438,444.7082214355469,209.5768280029297,22.64710235595703,247.7254180908203,197.710693359375,174.99624633789062
2024-05-27,161.22242736816406,1385.4566650390625,524.2794189453125,153.12493896484375,444.7082214355469,211.7064666748047,22.965534210205078,248.41876220703125,195.96788024902344,174.89955139160156
2024-05-28,158.3262176513672,1370.96240234375,515.8074340820312,152.1646728515625,450.9069519042969,210.0441131591797,22.704999923706055,245.1501007080078,191.99818420410156,172.3858184814453
2024-05-29,158.37448120117188,1361.46630859375,507.33538818359375,150.51300048828125,446.90777587890625,207.892822265625,22.251480102539062,233.3630828857422,190.1585693359375,171.12892150878906
2024-05-30,158.6158447265625,1372.4617919921875,508.91156005859375,152.7792510986328,450.9069519042969,209.06625366210938,22.28042984008789,237.72128295898438,188.89987182617188,172.09576416015625
2024-05-31,160.88450622558594,1391.4544677734375,519.9448852539062,149.7063751220703,453.306396484375,209.359619140625,22.74359893798828,250.9940643310547,192.6759490966797,174.3194580078125
2024-06-03,161.70510864257812,1394.9530029296875,527.0377197265625,149.1302032470703,460.8049011230469,210.63082885742188,23.293611526489258,254.0646514892578,189.57763671875,176.92991638183594
2024-06-04,161.12586975097656,1384.45703125,509.3056335449219,146.5374755859375,447.9075622558594,206.62161254882812,22.859392166137695,247.9235076904297,187.73800659179688,170.35545349121094
2024-06-05,162.62225341796875,1391.4544677734375,515.8074340820312,147.09442138671875,453.20648193359375,207.3061065673828,22.965534210205078,246.5367889404297,186.4793243408203,172.6758575439453
2024-06-06,165.56674194335938,1393.45361328125,516.00439453125,147.42091369628906,458.1054382324219,206.23045349121094,22.907638549804688,246.5367889404297,187.0602569580078,174.99624633789062
2024-06-07,166.8700408935547,1394.4532470703125,524.8704833984375,144.040771484375,456.80572509765625,203.98138427734375,23.322561264038086,269.6156005859375,186.96343994140625,180.2171173095703
2024-06-10,163.73248291015625,1399.4512939453125,523.4913330078125,143.52223205566406,464.9040832519531,203.6880340576172,23.544496536254883,260.8991394042969,186.769775390625,178.47683715820312
2024-06-11,159.38816833496094,1383.45751953125,509.69970703125,142.60035705566406,464.9040832519531,202.6123809814453,22.49271583557129,257.5314025878906,182.50961303710938,176.92991638183594
2024-06-12,157.7469482421875,1387.955810546875,505.95623779296875,143.4261932373047,469.3031311035156,203.59024047851562,22.05849266052246,251.98458862304688,178.92721557617188,177.896728515625
2024-06-13,155.5265655517578,1382.4578857421875,498.4693603515625,140.0076141357422,467.7034606933594,198.30979919433594,21.57602310180664,246.73489379882812,177.958984375,176.73655700683594
2024-06-14,145.10018920898438,1334.476806640625,472.0682373046875,138.10629272460938,457.7055358886719,192.29595947265625,20.437395095825195,238.71180725097656,168.6640625,168.51849365234375
2024-06-17,146.78965759277344,1336.47607421875,478.7669982910156,140.0076141357422,461.5047607421875,195.4739990234375,21.02600860595703,240.4947052001953,170.21322631835938,167.74502563476562
2024-06-18,147.75502014160156,1344.472900390625,483.4955749511719,142.23544311523438,467.803466796875,198.21200561523438,21.624271392822266,236.82984924316406,170.50367736816406,168.8085479736328
2024-06-19,149.0100860595703,1349.9708251953125,480.63873291015625,142.06260681152344,472.4024963378906,196.3540802001953,21.846206665039062,240.98997497558594,173.60198974609375,169.0985870361328
2024-06-20,152.1958770751953,1345.9722900390625,488.9137268066406,142.8500213623047,485.3998107910156,198.89649963378906,22.03919219970703,237.82034301757812,176.02255249023438,169.00189208984375
2024-06-21,151.18222045898438,1338.4752197265625,483.6925964355469,142.67718505859375,473.1023864746094,198.0164337158203,21.682165145874023,237.82034301757812,172.9242401123047,172.48248291015625
2024-06-24,152.63034057617188,1351.9698486328125,492.95269775390625,142.86923217773438,471.2027587890625,201.43894958496094,21.779878616333008,243.0205078125,173.8924560546875,169.48532104492188
2024-06-25,149.6858367919922,1336.47607421875,487.633056640625,129.42543029785156,465.9038391113281,194.83840942382812,21.144752502441406,240.29661560058594,170.11639404296875,168.42181396484375
2024-06-26,146.69308471679688,1327.4796142578125,482.8059997558594,125.7763900756836,461.604736328125,192.49154663085938,20.959102630615234,244.5557861328125,167.40538024902344,165.4246368408203
2024-06-27,145.2932586669922,1322.4814453125,468.71881103515625,125.44990539550781,454.6062316894531,193.42051696777344,20.92978858947754,249.31021118164062,165.08164978027344,168.2284393310547
2024-06-28,144.32786560058594,1319.482666015625,468.6203308105469,123.1644515991211,456.7057189941406,193.02935791015625,21.183837890625,252.5789031982422,164.2102508544922,168.2284393310547
2024-07-01,146.74136352539062,1271.50146484375,476.2056884765625,126.4101791381836,452.70654296875,197.62530517578125,21.320632934570312,254.3617706298828,165.7593994140625,174.3194580078125
2024-07-02,146.2586669921875,1267.5030517578125,474.6295166015625,126.64064025878906,446.1079406738281,196.25628662109375,21.06658363342285,243.4662628173828,162.56427001953125,170.45213317871094
2024-07-03,149.734130859375,1276.999267578125,497.4842529296875,130.4433135986328,455.7059326171875,198.70094299316406,21.86781883239746,251.04359436035156,164.0166015625,169.775390625
2024-07-04,151.0373992919922,1277.998779296875,507.532470703125,130.6929931640625,461.8046875,200.167724609375,22.336833953857422,255.2037353515625,167.59902954101562,170.6455078125
2024-07-05,149.54104614257812,1262.005126953125,483.2985534667969,130.8658447265625,454.10626220703125,198.0164337158203,21.936216354370117,250.25119018554688,165.08164978027344,169.775390625
2024-07-08,148.52734375,1270.001953125,489.6033020019531,130.28965759277344,461.2048034667969,201.0478057861328,21.721250534057617,254.3617706298828,164.88800048828125,171.12892150878906
2024-07-09,146.69308471679688,1268.0028076171875,493.34674072265625,126.60222625732422,447.607666015625,197.5275115966797,21.936216354370117,254.5598907470703,164.88800048828125,172.86923217773438
2024-07-10,147.9963836669922,1279.498291015625,493.7408142089844,128.0042266845703,454.10626220703125,200.26551818847656,22.50294303894043,263.1772766113281,165.46893310546875,192.012451171875
2024-07-11,148.86524963378906,1279.498291015625,503.00091552734375,126.71746826171875,453.1065368652344,199.77658081054688,22.43454360961914,263.3753967285156,164.69436645507812,199.74710083007812
2024-07-12,148.86524963378906,1267.5030517578125,501.4247131347656,128.06182861328125,449.9071350097656,200.26551818847656,22.415002822875977,261.09722900390625,164.50070190429688,205.16134643554688
2024-07-15,147.9481201171875,1278.498779296875,507.7294616699219,127.71614837646484,449.4072570800781,196.74522399902344,22.7081356048584,261.6915283203125,163.72613525390625,204.5812530517578
2024-07-16,147.32061767578125,1284.9962158203125,505.7592468261719,127.71614837646484,458.8052673339844,198.30979919433594,22.81562042236328,265.7525634765625,164.2102508544922,207.4817352294922
2024-07-17,145.67941284179688,1265.5037841796875,476.50128173828125,126.83268737792969,447.10772705078125,198.11422729492188,22.287975311279297,262.3848876953125,162.0801544189453,205.548095703125
2024-07-18,148.04466247558594,1276.999267578125,485.662841796875,125.68036651611328,434.51031494140625,194.74061584472656,22.209808349609375,265.1582946777344,162.75791931152344,206.12815856933594
2024-07-19,147.22406005859375,1269.502197265625,482.9045104980469,126.56381225585938,446.0079650878906,193.32272338867188,22.24889373779297,248.171142578125,159.27232360839844,205.934814453125
2024-07-22,149.10659790039062,1276.999267578125,486.3524475097656,127.29362487792969,443.2085266113281,196.4518585205078,22.522483825683594,239.05850219726562,158.59457397460938,210.38223266601562
2024-07-23,139.11468505859375,1271.50146484375,486.450927734375,126.94792938232422,459.90509033203125,201.0478057861328,22.551799774169922,240.0985107421875,157.04541015625,214.6362762451172
2024-07-24,140.17662048339844,1259.00634765625,488.6181945800781,125.4114990234375,443.8083801269531,196.0607147216797,21.643081665039062,248.7654266357422,169.14817810058594,211.9291534423828
2024-07-25,138.00445556640625,1249.510009765625,464.38427734375,123.83665466308594,430.91107177734375,195.08285522460938,20.792993545532227,235.29457092285156,169.6322784423828,203.22767639160156
2024-07-26,139.11468505859375,1272.0013427734375,482.0179138183594,125.6995620727539,441.7088317871094,198.89649963378906,21.428117752075195,239.20704650878906,175.63523864746094,209.22203063964844
2024-07-29,139.88699340820312,1276.49951171875,485.9583740234375,125.04659271240234,439.709228515625,195.376220703125,21.731021881103516,240.94044494628906,179.21768188476562,208.83529663085938
2024-07-30,141.96263122558594,1281.4974365234375,491.08099365234375,128.27310180664062,444.6082458496094,200.46109008789062,22.121868133544922,239.6527862548828,179.7017822265625,209.80213928222656
2024-07-31,141.8660888671875,1296.49169921875,496.3020935058594,134.39964294433594,449.50726318359375,198.60316467285156,21.50628662109375,244.75389099121094,180.18589782714844,211.9291534423828
2024-08-01,140.17662048339844,1284.496337890625,489.1107482910156,128.59959411621094,481.0007629394531,189.0201416015625,21.105669021606445,239.7518310546875,180.0890655517578,209.6087646484375
2024-08-02,139.5008544921875,1281.4974365234375,472.954833984375,126.65983581542969,463.80426025390625,186.91773986816406,20.323976516723633,229.54962158203125,179.89541625976562,200.90728759765625
2024-08-05,140.755859375,1268.0028076171875,473.15185546875,125.31546783447266,443.7083740234375,184.61978149414062,20.323976516723633,228.7076873779297,179.60494995117188,195.87979125976562
2024-08-06,140.27317810058594,1270.501953125,482.51043701171875,127.75454711914062,468.4033203125,185.20648193359375,20.529172897338867,230.4906005859375,180.37953186035156,200.52056884765625
2024-08-07,141.3833770751953,1292.4931640625,487.239013671875,130.57774353027344,479.6010437011719,188.3356475830078,20.87116241455078,235.44313049316406,186.092041015625,202.26084899902344
2024-08-08,141.04550170898438,1283.99658203125,503.98602294921875,129.11814880371094,476.7016296386719,187.3088836669922,20.675737380981445,234.1554718017578,181.444580078125,199.74710083007812
2024-08-09,142.2522430419922,1276.999267578125,530.38720703125,129.02210998535156,484.8999328613281,188.2867431640625,21.154523849487305,238.216552734375,184.44606018066406,205.74143981933594
2024-08-12,141.96263122558594,1302.989013671875,537.8740844726562,128.44595336914062,486.5995788574219,187.94448852539062,21.408573150634766,240.44517517089844,183.47784423828125,207.6751251220703
2024-08-13,142.87974548339844,1322.981201171875,539.4502563476562,129.00289916992188,491.8984680175781,188.7756805419922,21.33040428161621,244.35769653320312,185.41429138183594,210.38223266601562
2024-08-14,143.7003631591797,1356.9677734375,549.6954956054688,129.31019592285156,498.9970397949219,189.6068572998047,22.004613876342773,252.4798126220703,188.2221221923828,212.89599609375
2024-08-15,145.19671630859375,1360.466552734375,554.818115234375,131.48040771484375,502.8962097167969,190.68251037597656,22.004613876342773,254.85702514648438,188.41578674316406,210.76895141601562
2024-08-16,144.61746215820312,1349.4708251953125,553.8329467773438,132.152587890625,500.8966369628906,192.6382293701172,22.102327346801758,254.5598907470703,187.0602569580078,213.86282348632812
2024-08-19,143.5072784423828,1338.4752197265625,542.9967041015625,133.016845703125,499.8968200683594,192.1492919921875,21.92644691467285,240.94044494628906,185.02700805664062,211.9291534423828
2024-08-20,142.5901336669922,1310.4862060546875,526.6436767578125,132.97842407226562,492.8982849121094,191.1714324951172,21.55514144897461,237.91940307617188,184.1555938720703,212.31590270996094
2024-08-21,143.07281494140625,1311.985595703125,528.8109741210938,133.5738067626953,492.3983459472656,192.1981964111328,21.574684143066406,234.25453186035156,184.6396942138672,210.38223266601562
2024-08-22,143.1693878173828,1316.483642578125,525.6585693359375,133.362548828125,497.4973449707031,191.75814819335938,21.54537010192871,234.60122680664062,182.9937286376953,213.66944885253906
2024-08-23,143.1693878173828,1311.985595703125,527.4318237304688,135.20626831054688,498.79705810546875,192.73602294921875,21.71147918701172,234.10595703125,183.1873779296875,213.66944885253906
2024-08-26,143.5072784423828,1311.985595703125,527.0377197265625,135.5327606201172,498.79705810546875,192.24708557128906,21.613767623901367,232.81829833984375,181.8318634033203,210.57559204101562
2024-08-27,143.8451385498047,1319.482666015625,527.6288452148438,135.26388549804688,494.0980224609375,192.1492919921875,21.740793228149414,235.39361572265625,182.8000946044922,209.99549865722656
2024-08-28,144.71401977539062,1347.4716796875,535.312744140625,135.26388549804688,500.0968017578125,193.17605590820312,22.219579696655273,238.56324768066406,183.768310546875,212.70262145996094
2024-08-29,146.017333984375,1372.4617919921875,534.5245971679688,134.97579956054688,500.0968017578125,194.2028045654297,22.463857650756836,240.29661560058594,187.93167114257812,215.21640014648438
2024-08-30,146.74136352539062,1362.4658203125,533.93359375,133.304931640625,496.2975769042969,193.5671844482422,22.43454360961914,240.04901123046875,188.6094207763672,216.95668029785156
2024-09-02,143.26589965820312,1323.98095703125,519.5509033203125,131.48040771484375,464.2042236328125,192.8337860107422,20.81253433227539,226.92478942871094,187.6411895751953,209.99549865722656
2024-09-03,141.9143524169922,1309.9862060546875,512.260986328125,129.1949462890625,472.2025451660156,190.0957794189453,20.44123077392578,225.6371307373047,185.02700805664062,209.80213928222656
2024-09-04,141.8660888671875,1311.985595703125,515.6104125976562,128.27310180664062,480.6007995605469,189.21571350097656,20.255578994750977,224.29995727539062,186.092041015625,209.4154052734375
2024-09-05,140.8041534423828,1301.989501953125,507.532470703125,126.50621032714844,477.8013916015625,188.384521484375,20.226266860961914,222.71514892578125,185.22064208984375,203.03433227539062
2024-09-06,139.88699340820312,1293.4927978515625,494.5289001464844,123.24127197265625,462.60455322265625,188.0911865234375,19.913589477539062,219.49600219726562,181.2509307861328,204.3878631591797
2024-09-09,140.08009338378906,1295.4920654296875,499.4544677734375,124.6048583984375,475.5018615722656,189.7535400390625,19.92336082458496,223.0618133544922,182.50961303710938,204.5812530517578
2024-09-10,141.09376525878906,1300.4901123046875,503.39495849609375,125.25784301757812,474.7020263671875,191.80703735351562,19.845191955566406,222.96278381347656,183.86512756347656,203.8077850341797
2024-09-11,140.8041534423828,1300.4901123046875,502.60687255859375,125.04659271240234,479.0011291503906,191.85592651367188,19.747478485107422,223.8046875,181.54141235351562,204.5812530517578
2024-09-12,141.33509826660156,1324.4805908203125,514.0341796875,125.3538589477539,493.6981201171875,197.91864013671875,20.109012603759766,228.31150817871094,183.47784423828125,210.57559204101562
2024-09-13,142.87974548339844,1336.47607421875,513.24609375,125.31546783447266,501.09661865234375,198.79872131347656,20.323976516723633,230.0448760986328,185.22064208984375,212.89599609375
2024-09-16,142.54185485839844,1334.9764404296875,510.48779296875,124.27836608886719,495.6976623535156,198.79872131347656,20.3044376373291,230.7877655029297,184.7365264892578,212.89599609375
2024-09-17,137.08731079101562,1272.5009765625,476.0086975097656,124.56645202636719,494.8978271484375,198.0164337158203,19.395719528198242,219.05027770996094,179.7017822265625,195.87979125976562
2024-09-18,139.88699340820312,1273.5006103515625,474.136962890625,123.60618591308594,495.8976745605469,196.4518585205078,19.727937698364258,219.54550170898438,182.12232971191406,195.10630798339844
2024-09-19,143.12110900878906,1290.493896484375,486.25390625,128.13865661621094,524.8916015625,204.37252807617188,20.44123077392578,228.26197814941406,186.96343994140625,200.52056884765625
2024-09-20,142.68667602539062,1269.502197265625,480.4417419433594,125.64196014404297,526.0914306640625,205.54595947265625,20.382604598999023,228.31150817871094,183.86512756347656,202.4542236328125
2024-09-23,140.5627899169922,1274.500244140625,481.52532958984375,127.65853118896484,530.090576171875,206.71939086914062,20.33374786376953,229.6981964111328,184.0587921142578,203.03433227539062
2024-09-24,143.12110900878906,1267.003173828125,479.4566345214844,129.55987548828125,526.4912719726562,209.75076293945312,20.294666290283203,208.40232849121094,187.0602569580078,198.78028869628906
2024-09-25,143.2176513671875,1273.5006103515625,484.874755859375,128.19627380371094,531.6902465820312,208.4795379638672,20.392375946044922,217.31687927246094,188.99668884277344,203.22767639160156
2024-09-26,139.64564514160156,1242.012939453125,477.0923156738281,129.00289916992188,526.6912841796875,211.31533813476562,20.099241256713867,215.4844512939453,184.93017578125,199.36036682128906
2024-09-27,139.64564514160156,1239.513916015625,475.1220703125,128.5035858154297,524.8916015625,208.67510986328125,19.942903518676758,215.18731689453125,185.7047576904297,199.16700744628906
2024-09-30,137.61830139160156,1237.014892578125,479.1610412597656,126.0068588256836,527.0912475585938,206.42604064941406,19.56182861328125,213.85009765625,179.120849609375,199.5537109375
2024-10-01,141.09376525878906,1273.0008544921875,503.39495849609375,123.6253890991211,524.691650390625,205.7415313720703,19.8940486907959,221.42747497558594,181.444580078125,205.74143981933594
2024-10-02,142.39706420898438,1297.9910888671875,509.1086120605469,122.28099822998047,518.6929321289062,205.15481567382812,20.61711311340332,227.0238494873047,182.21914672851562,211.9291534423828
2024-10-03,141.62472534179688,1298.99072265625,509.1086120605469,121.53199005126953,533.2899780273438,202.5146026611328,20.08946990966797,226.1819305419922,181.54141235351562,211.1556854248047
2024-10-04,141.96263122558594,1296.49169921875,512.260986328125,121.80086517333984,530.090576171875,203.39466857910156,20.548715591430664,225.29046630859375,181.92868041992188,207.6751251220703
2024-10-07,142.2039794921875,1300.4901123046875,498.6664123535156,122.338623046875,526.4912719726562,198.99429321289062,20.480314254760742,225.3401641845703,181.73504638671875,209.22203063964844
2024-10-08,144.9071044921875,1290.9937744140625,494.9229431152344,121.32072448730469,527.4910888671875,199.87435913085938,20.431459426879883,225.48927307128906,181.444580078125,212.31590270996094
2024-10-09,145.2932586669922,1302.4893798828125,491.96759033203125,122.37703704833984,530.8904418945312,199.38543701171875,20.597570419311523,225.04196166992188,185.7047576904297,210.95364379882812
2024-10-10,144.23130798339844,1251.009521484375,473.8414306640625,122.81876373291016,529.8906860351562,196.84300231933594,19.913589477539062,210.67864990234375,178.92721557617188,209.98060607910156
2024-10-11,142.107421875,1269.502197265625,466.45306396484375,127.63932800292969,537.0891723632812,200.26551818847656,19.93313217163086,210.4301300048828,179.60494995117188,209.00758361816406
2024-10-14,144.81056213378906,1298.99072265625,476.6982727050781,129.75192260742188,538.4888305664062,204.1769561767578,20.578027725219727,212.91514587402344,181.73504638671875,217.3756561279297
2024-10-15,144.8588409423828,1294.9921875,475.8116455078125,130.36648559570312,540.4884643554688,203.78579711914062,20.480314254760742,212.56724548339844,180.18589782714844,220.10015869140625
2024-10-16,146.8861846923828,1307.4873046875,474.0384521484375,130.5585479736328,559.8843994140625,203.8835906982422,21.03727149963379,216.095947265625,182.4127960205078,220.48939514160156
2024-10-17,148.6239013671875,1326.9796142578125,479.06256103515625,135.6864013671875,568.882568359375,209.65296936035156,21.320632934570312,218.97854614257812,185.60792541503906,221.8516082763672
2024-10-18,148.18948364257812,1323.98095703125,480.8357849121094,134.01553344726562,567.282958984375,210.3374786376953,21.486743927001953,218.28274536132812,185.80157470703125,217.764892578125
2024-10-21,147.85157775878906,1326.9796142578125,483.1015319824219,133.32412719726562,566.8829956054688,208.7729034423828,21.33040428161621,218.63064575195312,182.9937286376953,215.8188018798828
2024-10-22,148.6721649169922,1339.474853515625,486.7464904785156,135.6287841796875,561.084228515625,205.7415313720703,21.613767623901367,238.1130828857422,186.57614135742188,215.8188018798828
2024-10-23,146.78965759277344,1322.4814453125,484.7762451171875,135.5711669921875,561.2842407226562,205.8393096923828,21.369489669799805,235.42929077148438,185.41429138183594,216.79183959960938
2024-10-24,147.85157775878906,1304.11083984375,495.9080505371094,135.5135498046875,554.685546875,205.54595947265625,21.428117752075195,235.57838439941406,186.4793243408203,227.30062866210938
2024-10-25,146.78965759277344,1291.614501953125,478.5699768066406,134.8989715576172,556.0852661132812,206.81716918945312,21.29132080078125,229.316162109375,186.6729736328125,222.43544006347656
2024-10-28,146.69308471679688,1295.6134033203125,483.2000427246094,134.32281494140625,560.2843627929688,206.71939086914062,21.564912796020508,231.40357971191406,186.18887329101562,226.91140747070312
2024-10-29,145.5828857421875,1279.1182861328125,481.4268493652344,134.7645263671875,554.4855346679688,205.15481567382812,21.408573150634766,231.5526580810547,182.0255126953125,228.27365112304688
2024-10-30,145.82424926757812,1268.62158203125,478.47149658203125,134.18838500976562,555.0853881835938,204.8614501953125,21.691938400268555,230.95626831054688,179.89541625976562,227.68980407714844
2024-10-31,143.02455139160156,1249.6270751953125,466.1575012207031,134.59169006347656,535.28955078125,203.1990966796875,21.467201232910156,217.7857666015625,179.4113311767578,222.8246612548828
2024-11-01,144.27960205078125,1268.62158203125,470.8860778808594,135.9744873046875,548.6867065429688,205.8393096923828,21.799419403076172,220.7180633544922,180.57318115234375,224.18690490722656
2024-11-04,141.431640625,1244.128662109375,461.3304443359375,134.70692443847656,549.486572265625,206.23045349121094,21.262008666992188,217.73606872558594,178.3462677001953,216.20802307128906
2024-11-05,144.7622833251953,1279.6181640625,473.15185546875,136.18576049804688,559.8843994140625,212.39096069335938,22.053468704223633,227.0796661376953,181.6382293701172,220.8785858154297
2024-11-06,148.91351318359375,1342.599365234375,488.421142578125,136.7042999267578,573.881591796875,214.7378387451172,22.81562042236328,222.95455932617188,189.3839874267578,215.04039001464844
2024-11-07,154.89901733398438,1381.5877685546875,533.7365112304688,138.66323852539062,552.6859130859375,218.16033935546875,23.792734146118164,233.9382781982422,192.8695831298828,218.7379150390625
2024-11-08,155.5265655517578,1377.0892333984375,537.8740844726562,136.6466827392578,553.0858764648438,214.9333953857422,24.144495010375977,231.6023712158203,192.38546752929688,219.90554809570312
2024-11-11,156.829833984375,1393.0843505859375,556.5912475585938,139.70033264160156,571.8819580078125,220.5072021484375,25.190006256103516,240.34959411621094,194.22509765625,224.57611083984375
2024-11-12,155.28518676757812,1381.087890625,565.4573364257812,134.5532684326172,557.8848876953125,212.09759521484375,25.092296600341797,242.4866943359375,191.6108856201172,230.60891723632812
2024-11-13,151.085693359375,1344.0989990234375,564.2752075195312,132.95924377441406,557.4849243164062,214.15110778808594,24.76007652282715,240.74717712402344,190.54586791992188,240.1446533203125
2024-11-14,148.2860107421875,1314.6077880859375,557.9705200195312,133.4009552001953,545.0875854492188,213.6621856689453,24.564651489257812,235.28018188476562,186.6729736328125,235.668701171875
2024-11-15,146.0655975341797,1286.6160888671875,567.2305297851562,132.555908203125,538.6888427734375,212.29318237304688,24.212892532348633,233.54066467285156,185.80157470703125,233.52801513671875
2024-11-18,146.162109375,1295.6134033203125,573.7323608398438,133.03604125976562,539.0887451171875,213.46661376953125,24.31060218811035,238.51068115234375,185.7047576904297,234.3064422607422
2024-11-19,148.6239013671875,1312.1085205078125,595.7988891601562,131.806884765625,527.4910888671875,213.17324829101562,24.642822265625,247.20819091796875,189.19033813476562,241.70150756835938
2024-11-20,146.64483642578125,1299.6121826171875,587.5240478515625,132.36386108398438,526.0914306640625,213.2710418701172,24.53533935546875,241.6914825439453,189.3839874267578,241.3123016357422
2024-11-21,147.22406005859375,1324.604736328125,596.9810791015625,133.95791625976562,540.6884155273438,214.54225158691406,25.01412582397461,246.5124053955078,192.09500122070312,247.73431396484375
2024-11-22,143.02455139160156,1333.102294921875,609.7876586914062,132.4598846435547,545.4873046875,215.2267608642578,24.926185607910156,243.0334014892578,188.51258850097656,250.65342712402344
2024-11-25,136.9425506591797,1297.113037109375,599.9364624023438,132.82479858398438,542.4879760742188,213.3688201904297,24.427858352661133,235.42929077148438,180.8636474609375,255.32398986816406
2024-11-26,137.2803955078125,1297.6129150390625,608.60546875,131.26914978027344,541.88818359375,213.3688201904297,24.554880142211914,240.00167846679688,181.1541290283203,250.2642059326172
2024-11-27,135.15650939941406,1285.1165771484375,606.832275390625,133.84268188476562,539.4886474609375,212.7821044921875,24.379003524780273,237.36758422851562,180.96046447753906,255.12939453125
2024-11-28,138.10101318359375,1289.6151123046875,611.1668090820312,139.37384033203125,545.4873046875,214.2489013671875,24.89687156677246,235.1807861328125,183.09056091308594,254.9347686767578
2024-11-29,136.60462951660156,1226.634033203125,613.1370239257812,141.6977081298828,558.4846801757812,215.61790466308594,24.887100219726562,237.41729736328125,182.4127960205078,252.79408264160156
2024-12-02,136.9425506591797,1254.6256103515625,618.8507080078125,144.54010009765625,572.8817749023438,216.8891143798828,25.258403778076172,240.5483856201172,183.28421020507812,259.0215148925781
2024-12-03,138.88494873046875,1259.124267578125,625.3524780273438,146.03811645507812,591.2779541015625,222.26734924316406,25.571081161499023,245.91600036621094,185.5111083984375,259.6053161621094
2024-12-04,137.8651885986328,1260.1240234375,642.2965087890625,148.09310913085938,594.6773071289062,223.53857421875,25.717649459838867,245.1704864501953,188.51258850097656,262.7190246582031
2024-12-05,138.05941772460938,1246.6280517578125,648.4042358398438,147.44012451171875,588.478515625,207.20831298828125,26.020553588867188,247.1584930419922,187.73800659179688,263.4974365234375
2024-12-06,137.71949768066406,1229.13330078125,642.0994873046875,148.99575805664062,586.279052734375,208.18617248535156,25.80558967590332,245.07110595703125,187.0602569580078,258.826904296875
2024-12-09,135.7770538330078,1198.642333984375,603.876953125,150.72425842285156,582.2798461914062,205.7415313720703,24.57442283630371,229.46527099609375,184.0587921142578,246.56666564941406
2024-12-10,133.54324340820312,1178.6483154296875,596.3900756835938,149.99444580078125,565.6832885742188,201.34115600585938,24.291061401367188,227.47727966308594,183.86512756347656,244.62060546875
2024-12-11,134.7086944580078,1197.642578125,609.590576171875,150.03286743164062,576.8809814453125,205.6437530517578,25.033668518066406,231.80117797851562,185.60792541503906,247.34510803222656
2024-12-12,135.29144287109375,1214.1376953125,617.4714965820312,153.54745483398438,575.2813110351562,203.49246215820312,25.141151428222656,232.59637451171875,185.5111083984375,252.5994873046875
2024-12-13,134.0288543701172,1198.642333984375,606.832275390625,153.854736328125,572.4818725585938,204.47032165527344,25.160694122314453,230.35987854003906,184.0587921142578,250.2642059326172
2024-12-16,133.78604125976562,1196.642822265625,614.5161743164062,151.5885009765625,583.6795654296875,205.7415313720703,25.414743423461914,231.90057373046875,184.0587921142578,251.23724365234375
2024-12-17,132.572021484375,1169.6510009765625,603.6798706054688,152.24148559570312,580.8800659179688,207.0127410888672,25.102067947387695,222.358154296875,183.38101196289062,248.318115234375
2024-12-18,133.4461212158203,1173.14990234375,604.0739135742188,152.54876708984375,586.678955078125,209.359619140625,25.2779483795166,223.74977111816406,183.1873779296875,248.318115234375
2024-12-19,135.43711853027344,1165.6522216796875,610.9697875976562,150.30172729492188,579.4803466796875,206.52381896972656,25.023897171020508,223.6006622314453,186.4793243408203,251.62644958496094
2024-12-20,133.4946746826172,1155.6552734375,602.4976806640625,148.630859375,575.2813110351562,205.3503875732422,24.965269088745117,224.94256591796875,185.22064208984375,246.95590209960938
2024-12-23,133.10618591308594,1157.15478515625,610.378662109375,147.78582763671875,575.4812622070312,204.95924377441406,25.160694122314453,233.7394561767578,185.7047576904297,251.23724365234375
2024-12-24,133.78604125976562,1158.1544189453125,610.378662109375,147.59376525878906,575.4812622070312,205.05702209472656,25.160694122314453,233.7394561767578,185.99522399902344,251.23724365234375
2024-12-27,134.07740783691406,1155.1553955078125,608.60546875,149.1302032470703,577.8807373046875,206.3282470703125,25.307260513305664,233.39158630371094,186.57614135742188,251.82102966308594
2024-12-30,133.54324340820312,1144.658447265625,605.4530639648438,148.24676513671875,570.2822875976562,205.7415313720703,25.33657455444336,232.29815673828125,189.57763671875,249.0965576171875
2024-12-31,134.66012573242188,1148.1573486328125,605.4530639648438,148.630859375,568.482666015625,207.40390014648438,25.33657455444336,232.29815673828125,190.9331512451172,249.0965576171875
2025-01-02,133.64036560058594,1153.156005859375,595.0108642578125,153.77792358398438,588.2786254882812,210.1418914794922,25.463598251342773,231.40357971191406,189.67445373535156,247.73431396484375
2025-01-03,132.76625061035156,1152.656005859375,606.4381713867188,152.27989196777344,584.8793334960938,206.9149627685547,25.580852508544922,230.9065704345703,188.0284881591797,243.4529571533203
2025-01-06,133.78604125976562,1145.1583251953125,597.3751220703125,153.29779052734375,569.8823852539062,208.9684600830078,25.404972076416016,230.9065704345703,188.2221221923828,241.8961181640625
2025-01-07,135.53424072265625,1153.65576171875,607.8173828125,152.10704040527344,576.48095703125,211.1197509765625,25.62970733642578,225.48927307128906,190.25538635253906,244.42599487304688
2025-01-08,141.2644500732422,1189.6448974609375,639.1441040039062,152.27989196777344,577.8807373046875,211.41311645507812,26.675220489501953,233.2424774169922,199.64712524414062,254.54554748535156
2025-01-09,139.6619415283203,1186.1461181640625,639.5381469726562,150.35935974121094,581.2800903320312,215.7156982421875,26.68499183654785,231.9502716064453,199.2598419189453,245.39903259277344
2025-01-10,140.00186157226562,1191.6444091796875,640.3262329101562,151.3004150390625,579.88037109375,215.52011108398438,27.06606674194336,228.96829223632812,199.64712524414062,242.67453002929688
2025-01-13,139.9533233642578,1181.1474609375,635.20361328125,149.26463317871094,567.282958984375,214.05331420898438,26.772932052612305,228.12335205078125,199.64712524414062,237.22555541992188
2025-01-14,141.07022094726562,1186.6458740234375,645.2518920898438,149.78317260742188,566.2830810546875,217.57362365722656,27.232175827026367,230.5089569091797,199.4534912109375,240.1446533203125
2025-01-15,141.1673583984375,1187.6456298828125,646.6310424804688,148.24676513671875,563.2837524414062,217.3780517578125,27.183319091796875,231.6023712158203,197.1297607421875,240.5338592529297
2025-01-16,142.91552734375,1212.1383056640625,675.7904663085938,150.95472717285156,578.6805419921875,219.0404052734375,27.720733642578125,234.5843963623047,197.90432739257812,241.3123016357422
2025-01-17,144.22669982910156,1222.1353759765625,684.0654907226562,154.39248657226562,587.8787231445312,222.36512756347656,27.984554290771484,222.15936279296875,197.3234100341797,244.2313995361328
2025-01-20,145.2950439453125,1224.134765625,682.0952758789062,156.9276123046875,595.2771606445312,221.68063354492188,28.101808547973633,221.16534423828125,199.0662078857422,248.318115234375
2025-01-21,146.80043029785156,1248.127685546875,694.9017333984375,156.8123779296875,593.8773803710938,222.5607147216797,28.20928955078125,228.2227783203125,201.9708709716797,252.0156707763672
2025-01-22,147.77166748046875,1244.628662109375,707.1171875,158.5792694091797,603.2755126953125,227.93893432617188,28.648990631103516,227.72576904296875,202.358154296875,260.7729797363281
2025-01-23,148.45152282714844,1258.1246337890625,722.6820678710938,160.0388946533203,611.4738159179688,232.6326446533203,29.030065536499023,233.3418731689453,202.9390869140625,266.8057861328125
2025-01-24,147.91734313964844,1237.6307373046875,720.7118530273438,160.40379333496094,605.4750366210938,231.26364135742188,28.766244888305664,232.3975830078125,201.5835723876953,266.6111755371094
2025-01-27,148.01446533203125,1243.1290283203125,712.4368896484375,159.25146484375,589.6782836914062,229.89463806152344,28.53173828125,231.35386657714844,202.55178833007812,263.69207763671875
2025-01-28,149.76266479492188,1250.6268310546875,721.3029174804688,160.17332458496094,582.6797485351562,232.82821655273438,28.57082176208496,230.2107696533203,205.26280212402344,262.5244140625
2025-01-29,147.8687744140625,1195.1434326171875,731.3511352539062,160.00047302246094,584.0794677734375,232.43707275390625,28.805328369140625,231.50296020507812,201.9708709716797,264.85968017578125
2025-01-30,150.1026153564453,1208.139404296875,735.8826293945312,159.71240234375,595.8770141601562,233.12156677246094,28.942127227783203,233.1927947998047,208.7484130859375,262.7190246582031
2025-01-31,151.60800170898438,1223.634765625,744.1576538085938,160.48060607910156,605.875,234.58836364746094,29.56747817993164,239.0076904296875,210.8784942626953,261.94061279296875
2025-02-03,152.822021484375,1230.6326904296875,752.629638671875,159.96206665039062,595.2771606445312,234.39279174804688,29.880155563354492,241.84059143066406,210.10391235351562,260.3837585449219
2025-02-04,155.29864501953125,1210.1387939453125,746.9159545898438,159.42431640625,593.4774780273438,234.6861572265625,29.508852005004883,236.22447204589844,211.84671020507812,258.0484619140625
2025-02-05,154.66734313964844,1207.6397705078125,737.6558837890625,160.2693634033203,601.67578125,235.95736694335938,29.352516174316406,236.87059020996094,212.0403594970703,254.9347686767578
2025-02-06,151.0252685546875,1184.646484375,695.8869018554688,161.22962951660156,605.875,235.6640167236328,28.5219669342041,226.1353759765625,203.71365356445312,250.2642059326172
2025-02-07,153.06483459472656,1196.642822265625,712.6339111328125,160.28855895996094,602.6755981445312,238.20645141601562,28.678306579589844,212.1199493408203,205.65008544921875,235.0848846435547
2025-02-10,154.52166748046875,1180.1478271484375,720.1207275390625,160.78790283203125,613.2734375,240.3577423095703,28.727161407470703,216.791748046875,210.49119567871094,220.48939514160156
2025-02-11,156.60980224609375,1204.640625,720.5148315429688,160.57664489746094,619.8721313476562,239.57545471191406,29.26457405090332,216.9905548095703,211.0721435546875,220.48939514160156
2025-02-12,155.5900115966797,1209.13916015625,717.1654052734375,163.13096618652344,620.6718139648438,240.94444274902344,29.225488662719727,216.29476928710938,210.2975616455078,220.8785858154297
2025-02-13,158.26087951660156,1247.627685546875,745.7338256835938,163.22698974609375,624.271240234375,240.3577423095703,29.880155563354492,225.2407684326172,211.26577758789062,221.65701293945312
2025-02-14,160.59182739257812,1227.6336669921875,804.8408813476562,161.8249969482422,624.4710693359375,240.55331420898438,30.95498275756836,243.13279724121094,211.84671020507812,223.99229431152344
2025-02-17,173.16917419433594,1337.6009521484375,917.7352905273438,163.72633361816406,635.2689208984375,246.51824951171875,33.47593307495117,282.4455261230469,225.59544372558594,239.3662109375
2025-02-18,177.19972229003906,1336.101318359375,914.9769897460938,166.12701416015625,644.2670288085938,245.7359619140625,34.198997497558594,284.2844543457031,225.59544372558594,242.2853240966797
2025-02-19,179.04507446289062,1344.598876953125,918.91748046875,162.2091064453125,642.4674682617188,246.4204559326172,35.088172912597656,292.3855895996094,227.72552490234375,249.29116821289062
2025-02-20,177.782470703125,1283.616943359375,876.3603515625,158.52166748046875,618.2724609375,242.41123962402344,34.003578186035156,292.2861328125,226.75730895996094,250.06959533691406
2025-02-21,177.0054931640625,1255.1256103515625,880.8919067382812,153.64349365234375,611.2738647460938,238.7931671142578,34.3455696105957,295.0693664550781,226.5636749267578,260.18914794921875
2025-02-24,180.356201171875,1304.6107177734375,937.2406616210938,157.81105041503906,606.074951171875,237.52194213867188,35.029544830322266,297.9022521972656,234.1157989501953,257.8538513183594
2025-02-25,183.90118408203125,1365.592529296875,938.6197509765625,157.5806121826172,614.873046875,239.57545471191406,35.8991813659668,308.190185546875,235.66493225097656,262.3298034667969
2025-02-26,184.72671508789062,1344.598876953125,955.5637817382812,160.86473083496094,630.8698120117188,243.1935272216797,36.65155792236328,307.3453063964844,236.82681274414062,266.0273132324219
2025-02-27,187.68894958496094,1391.0848388671875,986.1024780273438,158.5792694091797,731.448974609375,242.99795532226562,38.10745620727539,316.29132080078125,239.9251251220703,261.7460021972656
2025-02-28,186.13497924804688,1406.080322265625,991.5205688476562,159.1170196533203,743.8464965820312,244.5625457763672,37.677528381347656,317.6332092285156,238.56961059570312,265.63812255859375
2025-03-03,216.00010681152344,1611.019287109375,1127.466796875,167.4521942138672,776.6397705078125,252.1898193359375,43.75518035888672,354.361572265625,273.8128356933594,307.8677673339844
2025-03-04,221.43896484375,1569.0318603515625,1105.3016357421875,162.03627014160156,786.23779296875,249.35403442382812,42.50447463989258,345.3658447265625,266.4543762207031,305.143310546875
2025-03-05,238.3382568359375,1621.0162353515625,1184.603515625,165.91575622558594,805.0338134765625,254.92784118652344,44.17533493041992,366.4883728027344,277.8793640136719,317.0142822265625
2025-03-06,240.08645629882812,1633.0128173828125,1181.15576171875,166.1846160888672,804.6339721679688,252.9721221923828,45.11336898803711,372.7506103515625,287.1742858886719,314.289794921875
2025-03-07,229.88861083984375,1566.03271484375,1098.40576171875,162.8236846923828,801.234619140625,245.24703979492188,42.21133804321289,357.29388427734375,277.4920654296875,303.58642578125
2025-03-10,229.40298461914062,1568.531982421875,1102.3463134765625,156.6395263671875,732.6487426757812,233.12156677246094,42.01591491699219,366.5877685546875,276.1365966796875,293.8561096191406
2025-03-11,227.94615173339844,1575.0301513671875,1136.8253173828125,156.52430725097656,747.245849609375,233.31715393066406,42.748748779296875,381.1001892089844,279.041259765625,300.6673278808594
2025-03-12,231.9281768798828,1583.5274658203125,1246.1734619140625,157.5806121826172,780.8388671875,244.95367431640625,42.71943664550781,386.16961669921875,282.33319091796875,299.8888854980469
2025-03-13,230.08285522460938,1590.025634765625,1268.8310546875,155.77528381347656,771.2408447265625,239.67324829101562,43.051658630371094,372.7506103515625,281.9458923339844,306.8947448730469
2025-03-14,242.90301513671875,1656.5057373046875,1348.6256103515625,162.4779815673828,796.2356567382812,245.1492462158203,46.11979675292969,397.55096435546875,298.01837158203125,321.295654296875
2025-03-17,241.25192260742188,1636.0118408203125,1347.6405029296875,164.4369354248047,801.4345703125,247.20274353027344,45.63124084472656,403.2664794921875,303.24676513671875,325.7715759277344
2025-03-18,245.13681030273438,1654.50634765625,1423.987060546875,164.95547485351562,811.0325927734375,247.20274353027344,46.647438049316406,409.08135986328125,305.957763671875,312.5383605957031
2025-03-19,239.9893341064453,1672.5009765625,1359.4619140625,164.4945526123047,812.6322631835938,252.28761291503906,47.10668182373047,387.2630310058594,306.3450622558594,316.0412292480469
2025-03-20,236.1044464111328,1643.009765625,1316.11669921875,160.71109008789062,796.4356079101562,246.9093780517578,46.35430145263672,386.9648132324219,296.662841796875,310.0084533691406
2025-03-21,233.09365844726562,1595.0240478515625,1285.578125,160.01968383789062,800.4347534179688,244.8558807373047,44.83977508544922,377.770263671875,297.2437744140625,305.9217224121094
2025-03-24,237.65838623046875,1583.5274658203125,1299.8623046875,160.57664489746094,789.8369750976562,245.44261169433594,43.78449630737305,394.7180480957031,300.7293701171875,303.97564697265625
2025-03-25,241.05767822265625,1569.53173828125,1299.8623046875,165.47402954101562,801.6345825195312,248.27838134765625,44.22419357299805,399.29046630859375,304.2149658203125,302.6134033203125
2025-03-26,243.777099609375,1575.0301513671875,1333.3563232421875,163.76473999023438,801.4345703125,245.24703979492188,44.88862991333008,395.6623229980469,305.3768310546875,307.8677673339844
2025-03-27,242.80587768554688,1584.02734375,1329.908447265625,161.99783325195312,796.8355102539062,242.90016174316406,45.220848083496094,401.8748474121094,304.9895324707031,303.78106689453125
2025-03-28,239.5037384033203,1564.0333251953125,1290.5037841796875,159.65478515625,771.0408325195312,240.25994873046875,44.01899719238281,389.8971252441406,299.18023681640625,294.4399108886719
2025-03-31,238.53250122070312,1559.0347900390625,1299.3697509765625,156.3130340576172,748.8453979492188,236.64187622070312,43.804039001464844,391.2887268066406,295.3073425292969,298.7212829589844
2025-04-01,242.90301513671875,1585.027099609375,1333.848876953125,161.38327026367188,779.2391967773438,239.67324829101562,44.98634338378906,401.3281555175781,296.85650634765625,304.5594787597656
2025-04-02,239.2123565673828,1570.031494140625,1277.6971435546875,156.27462768554688,755.64404296875,238.9887237548828,43.598838806152344,384.87744140625,290.0789794921875,296.1913757324219
2025-04-03,245.13681030273438,1620.0166015625,1332.86376953125,151.74215698242188,745.8460083007812,228.03671264648438,45.04496765136719,409.1807556152344,292.4026794433594,308.0623779296875
2025-04-04,231.0540771484375,1517.04736328125,1257.0096435546875,141.06390380859375,658.864013671875,213.46661376953125,39.455875396728516,377.1241760253906,270.9081726074219,282.7635192871094
2025-04-07,221.24472045898438,1497.0533447265625,1225.4859619140625,131.36517333984375,635.6687622070312,196.84300231933594,38.146541595458984,367.2835998535156,258.3213195800781,284.7095947265625
2025-04-08,233.2878875732422,1566.03271484375,1295.921875,134.66851806640625,679.0598754882812,206.71939086914062,40.98994445800781,398.0479736328125,275.1683654785156,292.10467529296875
2025-04-09,228.91737365722656,1571.5311279296875,1287.0557861328125,128.1770782470703,663.4630126953125,196.0607147216797,39.7880973815918,391.78570556640625,273.2319030761719,288.2124938964844
2025-04-10,238.53250122070312,1621.5162353515625,1358.9693603515625,133.9195098876953,693.4569091796875,207.3061065673828,41.341705322265625,407.7394714355469,281.3649597167969,295.99676513671875
2025-04-11,238.04690551757812,1657.0054931640625,1340.2520751953125,129.5022430419922,693.6568603515625,200.167724609375,41.58598709106445,412.42266845703125,282.1395263671875,296.1913757324219
2025-04-14,245.2339324951172,1692.4949951171875,1418.5689697265625,133.72743225097656,709.4535522460938,206.13267517089844,43.2079963684082,428.0168151855469,291.4344482421875,307.47857666015625
2025-04-15,252.2267608642578,1742.9798583984375,1471.7652587890625,135.3406982421875,731.6489868164062,210.72862243652344,45.435813903808594,444.3084411621094,299.95477294921875,316.9169921875
2025-04-16,249.8957977294922,1741.4803466796875,1462.4066162109375,134.91818237304688,724.0505981445312,209.75076293945312,44.28282165527344,439.9241638183594,297.6310729980469,312.92755126953125
2025-04-17,245.7195587158203,1715.191162109375,1442.2117919921875,131.0386962890625,714.3118286132812,207.50167846679688,44.01899719238281,438.4793395996094,293.95184326171875,312.92755126953125
2025-04-22,245.6224365234375,1705.1929931640625,1404.7772216796875,130.64593505859375,715.91162109375,209.65296936035156,43.61838150024414,436.53631591796875,290.46624755859375,304.8513488769531
2025-04-23,243.58287048339844,1666.6998291015625,1362.909912109375,136.32107543945312,727.7100830078125,214.54225158691406,42.84646224975586,420.34429931640625,291.62811279296875,293.27227783203125
2025-04-24,234.35623168945312,1683.69677734375,1361.9246826171875,134.7697296142578,735.1092529296875,216.009033203125,43.344791412353516,423.9314880371094,288.72344970703125,301.8349914550781
2025-04-25,227.0720672607422,1682.197021484375,1365.865234375,138.0491485595703,755.3067016601562,225.00535583496094,43.598838806152344,424.6289367675781,287.9488525390625,304.3648376464844
2025-04-28,227.2663116455078,1680.1973876953125,1319.564697265625,141.70166015625,754.306884765625,226.1787872314453,42.84646224975586,419.7962646484375,288.14251708984375,304.7540588378906
2025-04-29,232.80227661132812,1729.1885986328125,1431.8680419921875,141.36781311035156,752.70703125,225.2987060546875,44.165565490722656,436.0380859375,298.01837158203125,311.3706970214844
2025-04-30,237.85263061523438,1734.1876220703125,1476.69091796875,144.47048950195312,754.1068725585938,227.8411407470703,44.751834869384766,446.30133056640625,306.9259948730469,324.6039733886719
2025-05-01,237.85263061523438,1741.6864013671875,1476.69091796875,144.47048950195312,766.9052734375,227.8411407470703,44.751834869384766,446.30133056640625,306.9259948730469,324.6039733886719
2025-05-02,245.6224365234375,1778.6796875,1552.5447998046875,152.14862060546875,783.9031982421875,237.9130859375,47.048057556152344,461.347412109375,314.28448486328125,331.6097717285156
2025-05-05,244.26271057128906,1778.6796875,1602.785888671875,155.40838623046875,783.9031982421875,238.0108642578125,47.653865814208984,460.35101318359375,319.5128479003906,336.5722351074219
2025-05-06,242.41741943359375,1770.18115234375,1620.51806640625,153.7981414794922,781.1035766601562,238.4020233154297,46.87217330932617,454.4222106933594,314.28448486328125,333.55584716796875
2025-05-07,241.54330444335938,1728.688720703125,1609.1890869140625,151.7755126953125,765.9054565429688,237.3263702392578,46.696292877197266,453.7247314453125,310.0243225097656,332.58282470703125
2025-05-08,246.20516967773438,1745.6856689453125,1675.6845703125,155.50657653808594,793.9019775390625,244.6603240966797,47.87860107421875,463.48974609375,315.4463195800781,348.92816162109375
2025-05-09,239.2123565673828,1687.696044921875,1668.788818359375,155.5654754638672,791.502197265625,242.70460510253906,46.295677185058594,448.19451904296875,304.6022644042969,318.4886474609375
2025-05-12,232.12242126464844,1665.2000732421875,1570.2769775390625,155.70294189453125,784.903076171875,244.75811767578125,44.302364349365234,432.1021728515625,290.2726135253906,309.9734802246094
2025-05-13,232.41378784179688,1673.1986083984375,1584.561279296875,158.17723083496094,800.901123046875,246.02931213378906,44.39030456542969,425.0274963378906,291.4344482421875,313.7906494140625
2025-05-14,233.38502502441406,1700.6937255859375,1576.244384765625,156.6062469482422,796.9015502929688,246.4204559326172,44.43915939331055,429.36199951171875,290.6598815917969,316.92266845703125
2025-05-15,239.7950897216797,1754.6839599609375,1665.3536376953125,156.33132934570312,815.8992309570312,248.962890625,46.22727966308594,443.31201171875,297.8247375488281,326.6123962402344
2025-05-16,243.58287048339844,1762.1826171875,1705.9478759765625,157.33282470703125,809.4999389648438,250.4296875,47.8004264831543,447.2977294921875,299.5675354003906,330.3316650390625
2025-05-19,245.81666564941406,1776.6800537109375,1735.1558837890625,158.96270751953125,819.0988159179688,253.36326599121094,48.797088623046875,457.3616943359375,300.34210205078125,335.1275939941406
2025-05-20,249.99139404296875,1796.176513671875,1762.3837890625,158.90379333496094,817.4990234375,255.41676330566406,49.87191390991211,452.3795471191406,302.22979736328125,329.940185546875
2025-05-21,250.7772216796875,1818.6724853515625,1777.2353515625,159.15908813476562,824.2982177734375,253.85218811035156,50.575435638427734,460.5004577636719,306.1625061035156,341.1959228515625
2025-05-22,254.90281677246094,1841.6683349609375,1752.4827880859375,158.3343048095703,838.8963623046875,254.83006286621094,50.047794342041016,461.7460021972656,305.9659118652344,338.7490234375
2025-05-23,252.4470977783203,1842.6680908203125,1765.84912109375,154.4461669921875,835.69677734375,249.15846252441406,50.184593200683594,464.68548583984375,299.87017822265625,339.2384033203125
2025-05-26,257.3585205078125,1842.6680908203125,1823.7701416015625,157.3131866455078,835.69677734375,254.2433319091797,51.84568405151367,471.0128173828125,303.4096374511719,343.642822265625
2025-05-27,262.1717224121094,1899.657958984375,1870.3050537109375,159.25726318359375,851.4948120117188,256.32000732421875,53.05730438232422,475.2974548339844,306.5557861328125,350.592041015625
2025-05-28,267.57427978515625,1910.6558837890625,1879.2159423828125,159.39471435546875,857.694091796875,256.6166687011719,54.07350540161133,487.254638671875,315.4044189453125,354.9964599609375
2025-05-29,262.1717224121094,1882.1610107421875,1859.908935546875,159.61073303222656,850.8948974609375,256.7155456542969,52.88142776489258,487.254638671875,312.8481750488281,354.9964599609375
2025-05-30,262.662841796875,1901.15771484375,1866.3446044921875,159.1394500732422,866.0930786132812,258.49554443359375,52.9791374206543,482.82049560546875,313.43804931640625,351.9622802734375
2025-06-02,265.41326904296875,1919.1544189453125,1800.997802734375,159.63037109375,868.6926879882812,258.8910827636719,52.43195343017578,485.0126647949219,316.9775085449219,351.8644104003906
2025-06-03,267.2796325683594,1956.647705078125,1816.8394775390625,163.4203338623047,894.0895385742188,262.0555419921875,53.233184814453125,495.8737487792969,318.1573486328125,361.3094482421875
2025-06-04,263.0557556152344,1962.146728515625,1814.8592529296875,167.0924835205078,891.0899658203125,262.54998779296875,51.92385482788086,485.5108642578125,311.07843017578125,357.8837890625
2025-06-05,267.770751953125,1981.64306640625,1863.374267578125,162.4973907470703,876.291748046875,261.56109619140625,53.05730438232422,509.5746765136719,314.224609375,374.8163757324219
2025-06-06,256.8674011230469,1930.15234375,1770.3045654296875,162.3402862548828,884.8906860351562,262.7477722167969,51.41575241088867,509.5746765136719,309.89862060546875,358.3242492675781
2025-06-09,254.50990295410156,1922.15380859375,1756.938232421875,162.4973907470703,888.09033203125,262.7477722167969,50.86857223510742,473.00567626953125,303.016357421875,358.3242492675781
2025-06-10,245.2764129638672,1871.6629638671875,1654.95751953125,160.94606018066406,879.891357421875,257.4077453613281,47.66363525390625,428.3157653808594,292.9879150390625,364.0500183105469
2025-06-11,244.7852783203125,1866.1639404296875,1702.9775390625,160.6514892578125,893.2897338867188,257.01220703125,47.223934173583984,445.1056213378906,297.90380859375,371.9289855957031
2025-06-12,245.17820739746094,1884.6605224609375,1730.700439453125,159.84637451171875,887.2904663085938,255.2322235107422,47.29233169555664,445.8031005859375,299.67352294921875,376.82281494140625
2025-06-13,246.1604766845703,1938.6507568359375,1777.7303466796875,158.6485137939453,869.8925170898438,250.38665771484375,47.497528076171875,458.3581237792969,299.0836486816406,376.6759948730469
2025-06-16,246.25869750976562,1927.65283203125,1742.5816650390625,159.08053588867188,885.2907104492188,256.2210998535156,47.995853424072266,466.92742919921875,300.4600830078125,376.8717346191406
2025-06-17,243.80299377441406,1930.65234375,1711.3934326171875,157.82376098632812,890.489990234375,256.9132995605469,47.13599395751953,483.6176452636719,299.87017822265625,380.68890380859375
2025-06-18,243.90122985839844,1931.6522216796875,1723.769775390625,160.02310180664062,890.8899536132812,259.0888671875,47.03828430175781,493.8310546875,300.6567077636719,381.6676940917969
2025-06-19,241.5437469482422,1919.654296875,1703.9676513671875,158.8252410888672,882.6909790039062,255.034423828125,46.0611686706543,490.34356689453125,298.49371337890625,379.7101745605469
2025-06-20,244.9817352294922,1897.6583251953125,1740.1064453125,164.4611053466797,887.6903076171875,257.30889892578125,45.96345520019531,490.34356689453125,299.87017822265625,386.0231628417969
2025-06-23,242.23135375976562,1879.6614990234375,1722.7796630859375,163.97018432617188,886.490478515625,256.1222229003906,44.955657958984375,480.97711181640625,299.0836486816406,379.9548645019531
2025-06-24,233.5872344970703,1800.6756591796875,1669.3140869140625,167.50486755371094,909.0877685546875,260.1766662597656,44.461639404296875,471.1124267578125,287.08880615234375,370.4608459472656
2025-06-25,238.10574340820312,1818.6724853515625,1720.7994384765625,168.4278106689453,916.686767578125,260.77001953125,45.65716552734375,488.3506774902344,291.6114501953125,360.28173828125
2025-06-26,245.17820739746094,1887.16015625,1846.0474853515625,172.90509033203125,933.6846313476562,264.3299865722656,47.61347579956055,519.1404418945312,297.1172790527344,369.62890625
2025-06-27,241.44552612304688,1861.664794921875,1733.6707763671875,174.96697998046875,954.0821533203125,269.1755676269531,46.072139739990234,509.3753967285156,293.57781982421875,370.9991760253906
2025-06-30,245.17820739746094,1886.1602783203125,1779.215576171875,174.04403686523438,967.48046875,272.8344421386719,47.20838165283203,525.716796875,295.1509094238281,382.548583984375
2025-07-01,232.1138153076172,1862.66455078125,1685.6507568359375,169.19366455078125,939.4839477539062,261.9566650390625,44.84697341918945,489.8453674316406,286.1056213378906,367.52459716796875
2025-07-02,234.07838439941406,1849.1669921875,1712.383544921875,172.00177001953125,943.2835083007812,263.3410949707031,44.90625762939453,486.40765380859375,287.8753356933594,355.19219970703125
2025-07-03,239.08802795410156,1876.162109375,1681.6903076171875,173.5531005859375,954.2821655273438,267.0,45.22242736816406,489.29730224609375,288.8585205078125,355.9752197265625
2025-07-04,240.2667694091797,1879.16162109375,1737.6312255859375,172.19815063476562,962.4810791015625,266.8022155761719,45.321231842041016,492.2367858886719,291.21820068359375,359.59661865234375
2025-07-07,243.99945068359375,1874.1624755859375,1785.1561279296875,174.0636749267578,969.6802368164062,271.6477966308594,46.062259674072266,497.7171325683594,292.0047302246094,363.3648376464844
2025-07-08,241.83843994140625,1876.162109375,1811.888916015625,175.67391967773438,966.2806396484375,271.9444274902344,46.41795349121094,484.7635498046875,289.4484558105469,361.3583984375
2025-07-09,243.50831604003906,1876.162109375,1842.0870361328125,179.051513671875,984.2785034179688,276.4933166503906,46.38831329345703,493.23321533203125,289.8417053222656,317.6077880859375
2025-07-10,241.93666076660156,1876.6619873046875,1827.235595703125,179.97445678710938,975.279541015625,272.9333190917969,46.0820198059082,487.4040832519531,291.414794921875,319.1248779296875
2025-07-11,246.5533905029297,1899.157958984375,1821.7899169921875,179.89590454101562,987.8779907226562,276.3944396972656,46.7242431640625,487.45391845703125,297.7071533203125,321.9632873535156
2025-07-14,250.08963012695312,1910.156005859375,1861.39404296875,179.67990112304688,998.2766723632812,278.0755615234375,48.008689880371094,489.6460266113281,302.8197021484375,315.160888671875
2025-07-15,243.60653686523438,1882.1610107421875,1809.90869140625,176.8717803955078,990.2777099609375,276.78997802734375,47.20838165283203,483.51800537109375,295.3475341796875,316.1885681152344
2025-07-16,242.13311767578125,1860.1650390625,1799.017578125,177.7161865234375,988.2779541015625,276.8888854980469,45.8844108581543,472.1088562011719,290.0383605957031,309.8755798339844
2025-07-17,244.39236450195312,1898.6580810546875,1822.780029296875,181.9185333251953,1009.8753051757812,280.6466369628906,47.02065658569336,478.585693359375,289.2518310546875,311.3437194824219
2025-07-18,246.06224060058594,1939.6507568359375,1817.33447265625,182.8414764404297,1004.8759155273438,282.1299743652344,48.5323486328125,557.2040405273438,290.6282653808594,314.2310485839844
2025-07-21,242.13311767578125,1900.15771484375,1797.037353515625,182.64511108398438,999.87646484375,279.9544372558594,48.117374420166016,526.2150268554688,284.72918701171875,306.49884033203125
2025-07-22,239.48094177246094,1859.1651611328125,1736.64111328125,178.03038024902344,983.07861328125,272.4388732910156,47.7320442199707,519.5390014648438,281.3863830566406,307.6733703613281
2025-07-23,233.78369140625,1858.665283203125,1759.4134521484375,180.05300903320312,983.278564453125,275.50445556640625,48.06797409057617,539.0690307617188,257.5933837890625,305.373291015625
2025-07-24,233.9801483154297,1849.6668701171875,1728.2252197265625,179.2871551513672,985.478271484375,275.9989013671875,47.000892639160156,530.3004760742188,262.9025573730469,303.4646911621094
2025-07-25,235.8465118408203,1846.16748046875,1716.8389892578125,176.93069458007812,977.079345703125,274.4166564941406,46.99101638793945,528.1082763671875,260.7395935058594,300.4794921875
2025-07-28,225.6307373046875,1804.675048828125,1660.4031982421875,174.41714477539062,981.2788696289062,272.73553466796875,45.63740158081055,508.0800476074219,264.8689270019531,298.52197265625
2025-07-29,231.7209014892578,1820.672119140625,1717.8291015625,176.1844940185547,1005.875732421875,278.57000732421875,47.27754211425781,524.12255859375,268.40838623046875,302.68170166015625
2025-07-30,230.93508911132812,1784.6787109375,1715.3538818359375,175.61500549316406,987.8779907226562,277.67999267578125,47.3664665222168,528.7061157226562,266.8352966308594,301.8497619628906
2025-07-31,231.6226806640625,1803.6751708984375,1718.32421875,172.84616088867188,1071.8675537109375,286.2833251953125,46.70448303222656,531.7951049804688,267.8184509277344,303.17108154296875
2025-08-01,231.32798767089844,1816.1729736328125,1690.601318359375,166.03208923339844,1064.8685302734375,277.185546875,45.51884078979492,524.3218994140625,265.4588317871094,298.3751525878906
2025-08-04,232.31027221679688,1835.1695556640625,1747.5322265625,169.19366455078125,1089.865478515625,284.5033264160156,46.76376724243164,524.4215087890625,266.8352966308594,303.12213134765625
2025-08-05,232.70318603515625,1838.1689453125,1751.49267578125,172.0214080810547,1072.867431640625,284.3055419921875,47.60359573364258,532.4925537109375,265.85211181640625,304.3456115722656
2025-08-06,234.27484130859375,1857.6654052734375,1765.84912109375,174.67242431640625,1087.865478515625,286.8766784667969,49.075767517089844,539.8661499023438,269.1949157714844,298.52197265625
2025-08-07,227.10415649414062,1758.183349609375,1624.7593994140625,174.18148803710938,1076.9114990234375,287.9644470214844,46.062259674072266,520.8343505859375,265.4588317871094,291.6706237792969
2025-08-08,224.94314575195312,1737.187255859375,1604.4622802734375,173.0229034423828,1071.4119873046875,287.9644470214844,44.886497497558594,501.60321044921875,264.0823974609375,291.6706237792969
2025-08-11,224.25555419921875,1715.6910400390625,1530.20458984375,172.6105194091797,1081.9111328125,284.0088806152344,44.5703239440918,496.8203430175781,262.9025573730469,287.3151550292969
2025-08-12,226.7112579345703,1727.6888427734375,1547.5313720703125,177.57872009277344,1090.4105224609375,287.37109375,45.37063217163086,502.00177001953125,267.4252014160156,293.38348388671875
2025-08-13,227.49708557128906,1731.188232421875,1581.19482421875,176.30230712890625,1081.4112548828125,286.1844177246094,46.14130401611328,497.7669372558594,267.4252014160156,289.2726745605469
2025-08-14,233.2925567626953,1774.6802978515625,1624.7593994140625,180.44573974609375,1101.4095458984375,290.3377685546875,47.22814178466797,518.7418212890625,271.1612854003906,293.0408935546875
2025-08-15,231.22975158691406,1759.68310546875,1604.9573974609375,183.489501953125,1073.911865234375,288.5577697753906,47.22814178466797,508.1796875,270.96466064453125,290.88763427734375
2025-08-18,234.37307739257812,1790.1776123046875,1631.690185546875,180.8777618408203,1081.9111328125,289.74444580078125,48.72007751464844,530.8983154296875,273.12762451171875,297.1517028808594
2025-08-19,224.74668884277344,1720.6900634765625,1552.48193359375,180.50465393066406,1059.4129638671875,288.85443115234375,43.770015716552734,493.63177490234375,264.67230224609375,278.9956970214844
2025-08-20,225.33604431152344,1726.6890869140625,1542.0858154296875,175.88992309570312,1025.915771484375,285.9866638183594,44.32331466674805,496.6708984375,266.638671875,281.0021667480469
2025-08-21,227.202392578125,1759.1832275390625,1592.5810546875,177.63763427734375,1040.41455078125,289.25,46.46735382080078,507.1832580566406,270.5713806152344,286.92364501953125
2025-08-22,228.18467712402344,1763.682373046875,1606.4425048828125,177.44126892089844,1042.9144287109375,287.272216796875,46.78352355957031,516.3504028320312,268.998291015625,288.734375
2025-08-25,228.28289794921875,1763.682373046875,1633.67041015625,177.2645263671875,1042.9144287109375,286.6788635253906,47.870365142822266,533.0904541015625,273.9141845703125,289.9577941894531
2025-08-26,221.21044921875,1771.180908203125,1619.3138427734375,176.6165008544922,1057.4130859375,284.79998779296875,47.95928955078125,536.8768920898438,270.374755859375,292.0132141113281
2025-08-27,223.17501831054688,1766.181884765625,1619.3138427734375,175.02589416503906,1056.4132080078125,284.0088806152344,47.78144454956055,534.8839721679688,267.8184509277344,288.0002746582031
2025-08-28,221.99627685546875,1766.6817626953125,1621.2940673828125,175.37936401367188,1058.4130859375,284.6022033691406,47.78144454956055,537.17578125,266.8352966308594,290.4961242675781
2025-08-29,221.21044921875,1757.18359375,1672.7794189453125,175.81137084960938,1069.912109375,281.73443603515625,48.14701461791992,533.2897338867188,265.4588317871094,293.6770935058594
2025-09-01,220.22817993164062,1790.677490234375,1731.195556640625,178.6980438232422,1099.90966796875,282.4266662597656,50.33057403564453,538.1721801757812,265.6554870605469,301.65399169921875
2025-09-02,216.2990264892578,1767.1817626953125,1731.6905517578125,175.90956115722656,1068.912109375,276.3944396972656,48.3545036315918,528.4072265625,259.9530334472656,293.08984375
2025-09-03,219.83526611328125,1777.179931640625,1736.64111328125,181.3490447998047,1081.9111328125,278.4710998535156,48.611392974853516,530.1011962890625,265.2621765136719,293.7749938964844
2025-09-04,218.16537475585938,1760.6829833984375,1707.9281005859375,183.46986389160156,1069.412109375,277.77886962890625,46.65508270263672,504.09429931640625,265.4588317871094,290.7897644042969
2025-09-05,218.2635955810547,1776.6800537109375,1727.235107421875,180.50465393066406,1075.41162109375,275.10888671875,46.5760383605957,512.66357421875,264.67230224609375,292.30682373046875
2025-09-08,220.62109375,1795.1766357421875,1773.27490234375,184.41246032714844,1092.4102783203125,276.2955322265625,46.82304763793945,520.3361206054688,266.638671875,292.84515380859375
2025-09-09,224.15731811523438,1792.17724609375,1761.3936767578125,184.1375274658203,1086.9107666015625,276.8888854980469,46.694602966308594,508.0800476074219,267.8184509277344,288.29388427734375
2025-09-10,230.93508911132812,1831.670166015625,1819.314697265625,185.13902282714844,1099.40966796875,277.77886962890625,47.82096481323242,518.941162109375,273.9141845703125,300.4794921875
2025-09-11,239.38272094726562,1947.1492919921875,1861.88916015625,190.48033142089844,1123.40771484375,282.0311279296875,49.1943359375,530.698974609375,278.2402038574219,303.17108154296875
2025-09-12,246.06224060058594,1980.643310546875,1877.7308349609375,189.7144775390625,1129.9071044921875,282.4266662597656,49.89583969116211,535.1829223632812,285.1224670410156,302.6327819824219
2025-09-15,257.55499267578125,2015.636962890625,1930.7012939453125,192.7386016845703,1145.4058837890625,285.29443359375,51.73358917236328,532.5922241210938,298.8869934082031,307.7712707519531
2025-09-16,253.1347198486328,1996.1405029296875,1882.186279296875,189.419921875,1130.4071044921875,280.6466369628906,50.172489166259766,515.8522338867188,294.5610046386719,303.7093811035156
2025-09-17,248.81265258789062,1955.14794921875,1869.8099365234375,188.2220458984375,1115.9083251953125,276.69110107421875,48.90780258178711,514.1582641601562,288.2686462402344,298.0325927734375
2025-09-18,248.32151794433594,1949.64892578125,1900.503173828125,188.2220458984375,1129.4072265625,281.6355285644531,49.30302047729492,506.5853576660156,288.8585205078125,297.6410827636719
2025-09-19,242.82070922851562,1951.1485595703125,1908.9190673828125,190.34286499023438,1149.905517578125,288.3599853515625,49.243736267089844,525.1190185546875,275.68389892578125,298.6687927246094
2025-09-22,246.35693359375,1967.145751953125,1920.80029296875,191.59963989257812,1148.9056396484375,291.1288757324219,51.10124588012695,552.321533203125,278.0435485839844,310.4139099121094
2025-09-23,245.96401977539062,1950.648681640625,1893.077392578125,190.73561096191406,1163.9044189453125,288.3599853515625,49.99464416503906,532.3928833007812,278.0435485839844,304.9817810058594
2025-09-24,251.75949096679688,1993.1409912109375,1958.9193115234375,190.30360412597656,1173.4036865234375,289.348876953125,52.26713180541992,561.5883178710938,281.7796325683594,311.5884094238281
2025-09-25,251.85772705078125,1998.14013671875,1958.9193115234375,190.34286499023438,1170.4039306640625,288.9533386230469,52.207847595214844,571.054443359375,281.3863830566406,312.8118591308594
2025-09-26,254.7063446044922,2011.6376953125,1941.097412109375,192.16912841796875,1182.40283203125,292.7110900878906,52.36593246459961,571.9512329101562,277.06036376953125,312.2735595703125
2025-09-29,258.83197021484375,2045.631591796875,1968.8203125,192.22802734375,1163.4044189453125,292.5133056640625,53.4527702331543,580.3212280273438,281.5830078125,315.89495849609375
2025-09-30,261.8770446777344,2058.629150390625,1964.85986328125,193.81863403320312,1189.90234375,296.76556396484375,53.37372970581055,572.449462890625,279.81329345703125,312.1756896972656
2025-10-01,259.3230895996094,2036.63330078125,1931.69140625,195.46817016601562,1176.9033203125,295.0844421386719,53.35396957397461,562.2858276367188,280.9930725097656,314.42681884765625
2025-10-02,268.1636657714844,2059.629150390625,1966.3450927734375,198.38427734375,1167.4041748046875,300.2266540527344,54.994110107421875,564.37841796875,283.1560974121094,322.5016174316406
2025-10-03,266.1990661621094,2054.6298828125,1943.07763671875,199.85707092285156,1168.404052734375,299.7322082519531,55.1324348449707,565.175537109375,284.72918701171875,327.8847961425781
2025-10-06,257.6531982421875,2015.636962890625,1870.3050537109375,197.45152282714844,1154.4052734375,294.78778076171875,54.69770050048828,554.8941650390625,276.0771789550781,325.48681640625
2025-10-07,255.68861389160156,1992.1412353515625,1865.849609375,198.7770233154297,1153.4052734375,295.381103515625,54.22344207763672,544.6127319335938,276.2738342285156,311.5884094238281
2025-10-08,260.1089172363281,2028.6346435546875,1914.3646240234375,201.5753173828125,1152.4052734375,300.4244384765625,55.52764892578125,548.206298828125,280.7964782714844,317.0205383300781
2025-10-09,258.14434814453125,2014.63720703125,1885.1566162109375,200.93710327148438,1154.905029296875,299.6333312988281,54.816261291503906,537.0265502929688,279.4200134277344,303.7086486816406
2025-10-10,252.93824768066406,1982.14306640625,1863.374267578125,198.33518981933594,1138.406494140625,293.99664306640625,52.26713180541992,525.9466552734375,274.3074645996094,301.5392761230469
2025-10-13,250.48252868652344,1951.1485595703125,1860.8990478515625,198.67884826660156,1128.4073486328125,294.78778076171875,52.1683235168457,513.369384765625,271.5545654296875,298.5317687988281
2025-10-14,253.03648376464844,1954.1480712890625,1820.3048095703125,199.61160278320312,1123.90771484375,296.1722106933594,51.75334930419922,506.9809875488281,271.7511901855469,296.90478515625
2025-10-15,244.9817352294922,1900.65771484375,1727.7301025390625,199.31704711914062,1112.40869140625,293.4033508300781,49.57966995239258,482.0761413574219,265.4588317871094,293.45355224609375
2025-10-16,249.30380249023438,1907.656494140625,1756.938232421875,201.72259521484375,1139.9063720703125,299.435546875,50.1922492980957,482.3756103515625,269.3915710449219,294.83404541015625
2025-10-17,241.05259704589844,1831.170166015625,1645.0565185546875,196.7642059326172,1102.909423828125,293.6011047363281,47.52455139160156,461.064208984375,265.2621765136719,286.2552490234375
2025-10-20,249.99139404296875,1861.664794921875,1742.086669921875,200.00433349609375,1126.9073486328125,299.7322082519531,49.57966995239258,478.98175048828125,269.3915710449219,288.22735595703125
2025-10-21,251.1701202392578,1870.1632080078125,1762.8787841796875,203.588134765625,1134.4068603515625,304.6766662597656,50.212013244628906,479.53076171875,269.3915710449219,289.50927734375
2025-10-22,254.60813903808594,1870.6632080078125,1733.17578125,202.06625366210938,1102.409423828125,300.7210998535156,49.89583969116211,492.2576904296875,276.6670837402344,287.68505859375
2025-10-23,256.0815734863281,1871.298095703125,1748.5223388671875,203.4899444580078,1108.408935546875,304.3799743652344,50.725791931152344,491.4591369628906,279.0267333984375,289.70648193359375
2025-10-24,248.91087341308594,1861.2991943359375,1746.5421142578125,204.6681671142578,1120.907958984375,301.1166687011719,50.626991271972656,521.255126953125,275.88055419921875,291.1855773925781
2025-10-27,247.1427764892578,1863.2989501953125,1714.36376953125,204.81544494628906,1120.907958984375,300.2266540527344,50.44914245605469,509.1770324707031,274.3074645996094,289.9036865234375
2025-10-28,248.22328186035156,1882.296875,1727.7301025390625,203.98086547851562,1145.9058837890625,301.9077453613281,51.12100601196289,514.6670532226562,275.2906494140625,289.8544006347656
2025-10-29,242.23135375976562,1869.29833984375,1713.8687744140625,204.6190643310547,1159.40478515625,300.2266540527344,50.48866271972656,512.3712158203125,270.374755859375,290.9390563964844
2025-10-30,241.44552612304688,1860.29931640625,1688.1259765625,208.841064453125,1167.904052734375,302.00665283203125,49.91560363769531,509.6761169433594,268.40838623046875,237.83935546875
2025-10-31,242.52603149414062,1870.798095703125,1684.66064453125,209.52835083007812,1166.9041748046875,304.4788818359375,50.271297454833984,523.0518798828125,274.1108093261719,255.44064331054688
2025-11-03,245.07997131347656,1863.2989501953125,1755.9481201171875,210.26473999023438,1164.904296875,306.8522033691406,51.456939697265625,520.8558349609375,280.20654296875,255.5392608642578
2025-11-04,242.624267578125,1849.8004150390625,1711.8885498046875,208.98834228515625,1147.40576171875,306.2588806152344,50.40962219238281,524.3494873046875,273.9141845703125,252.63037109375
2025-11-05,235.8465118408203,1848.300537109375,1690.106201171875,208.49742126464844,1156.905029296875,303.489990234375,49.89583969116211,513.8684692382812,267.03192138671875,249.96798706054688
2025-11-06,234.27484130859375,1810.8045654296875,1691.0963134765625,204.86453247070312,1131.4071044921875,299.435546875,49.036251068115234,510.7741394042969,265.85211181640625,243.80506896972656
2025-11-07,236.73056030273438,1806.8050537109375,1731.6905517578125,204.27542114257812,1138.406494140625,297.75445556640625,49.91560363769531,514.5672607421875,268.60504150390625,243.5585479736328
2025-11-10,237.02523803710938,1821.803466796875,1769.314453125,207.2700958251953,1160.9046630859375,305.566650390625,50.1922492980957,523.9502563476562,270.5713806152344,245.43206787109375
2025-11-11,236.337646484375,1798.805908203125,1714.36376953125,207.17190551757812,1152.4052734375,305.4677734375,49.352420806884766,517.8612670898438,271.7511901855469,242.42457580566406
2025-11-12,236.73056030273438,1791.806640625,1727.7301025390625,208.1537628173828,1152.4052734375,306.7533264160156,49.57966995239258,523.351318359375,272.734375,239.95941162109375
2025-11-13,239.38272094726562,1806.3050537109375,1733.17578125,206.43551635742188,1120.407958984375,303.489990234375,50.74555206298828,532.4348754882812,273.32427978515625,243.75575256347656
2025-11-14,235.1588897705078,1806.8050537109375,1709.9083251953125,202.7535400390625,1105.9091796875,301.01776123046875,49.856319427490234,524.4493408203125,269.58819580078125,241.48780822753906
2025-11-17,238.4004364013672,1804.8052978515625,1705.9478759765625,203.53903198242188,1094.4100341796875,302.5010986328125,50.468902587890625,537.525634765625,281.97625732421875,245.4813690185547
2025-11-18,234.56951904296875,1804.8052978515625,1699.0172119140625,200.4461669921875,1073.411865234375,295.87554931640625,49.55990982055664,514.3676147460938,276.6670837402344,239.36776733398438
2025-11-19,228.77403259277344,1724.31396484375,1580.204833984375,199.56251525878906,1066.412353515625,295.47998046875,47.14910125732422,491.00994873046875,268.60504150390625,233.10623168945312
2025-11-20,231.6226806640625,1754.8106689453125,1620.799072265625,200.69163513183594,1078.911376953125,296.96331787109375,48.51258850097656,502.189697265625,269.58819580078125,240.84686279296875
2025-11-21,222.8803253173828,1712.815185546875,1504.4619140625,199.0715789794922,1037.9146728515625,286.1844177246094,45.489200592041016,479.1314697265625,261.3294677734375,228.52102661132812
2025-11-24,219.5405731201172,1651.82177734375,1428.718994140625,196.42056274414062,1028.91552734375,279.3611145019531,44.43199920654297,452.42987060546875,259.75640869140625,225.95724487304688
2025-11-25,222.2909698486328,1620.8250732421875,1453.4715576171875,198.0897216796875,1044.9141845703125,283.1188659667969,44.84697341918945,458.1694641113281,259.1664733886719,227.88009643554688
2025-11-26,221.60337829589844,1643.8226318359375,1480.699462890625,201.13348388671875,1057.9130859375,285.8877868652344,45.02482223510742,469.3492126464844,263.29583740234375,230.4931640625
2025-11-27,222.4874267578125,1653.821533203125,1499.016357421875,200.4461669921875,1058.4130859375,285.78887939453125,45.63740158081055,481.0779724121094,264.8689270019531,241.58641052246094
2025-11-28,221.4069061279297,1650.3218994140625,1465.847900390625,200.74073791503906,1067.912353515625,287.0744323730469,46.34878921508789,474.73944091796875,266.04876708984375,236.36026000976562
2025-12-01,215.61143493652344,1609.326416015625,1433.6695556640625,189.08609008789062,1036.914794921875,282.9211120605469,45.133506774902344,461.96258544921875,261.1328430175781,233.8950958251953
2025-12-02,218.42311096191406,1623.8248291015625,1475.2537841796875,187.0438232421875,1045.9141845703125,286.9755554199219,45.41015625,469.09967041015625,265.2621765136719,235.3741912841797
2025-12-03,221.48143005371094,1643.3226318359375,1503.966796875,194.52557373046875,1062.91259765625,293.4033508300781,46.17094421386719,467.95172119140625,264.67230224609375,237.14910888671875
2025-12-04,221.67874145507812,1686.3179931640625,1524.759033203125,193.44554138183594,1090.910400390625,290.73333740234375,46.78352355957031,477.3846435546875,266.245361328125,242.37527465820312
2025-12-05,221.1854705810547,1672.8194580078125,1514.3629150390625,193.13133239746094,1084.4110107421875,289.6455383300781,46.63532257080078,488.36474609375,265.0655822753906,242.7696990966797
2025-12-08,223.94781494140625,1690.817626953125,1569.3135986328125,194.48631286621094,1106.9091796875,291.7221984863281,47.61347579956055,497.2486267089844,265.4588317871094,248.09446716308594
2025-12-09,229.7684783935547,1726.313720703125,1625.2545166015625,191.8942108154297,1110.90869140625,291.5244140625,48.868282318115234,510.1752014160156,272.3410949707031,252.92617797851562
2025-12-10,224.9343719482422,1706.31591796875,1594.0662841796875,190.460693359375,1105.9091796875,290.73333740234375,48.0580940246582,504.1860656738281,266.638671875,244.0022735595703
2025-12-11,225.32899475097656,1690.817626953125,1586.6405029296875,189.7733917236328,1099.90966796875,288.0633239746094,47.0700569152832,502.5889587402344,265.6554870605469,246.56605529785156
2025-12-12,227.99269104003906,1700.3165283203125,1600.0068359375,190.49996948242188,1096.409912109375,288.0633239746094,47.60359573364258,506.7813720703125,267.6218566894531,247.60142517089844
2025-12-15,228.19000244140625,1693.3172607421875,1557.927490234375,192.56185913085938,1113.908447265625,289.74444580078125,47.57395553588867,507.4800720214844,267.6218566894531,248.04515075683594
2025-12-16,224.44110107421875,1664.3204345703125,1487.1351318359375,189.45919799804688,1097.9097900390625,290.4366760253906,45.71644592285156,483.0743408203125,264.0823974609375,243.26272583007812
2025-12-17,224.44110107421875,1680.818603515625,1511.8876953125,186.9456329345703,1101.909423828125,290.4366760253906,45.84489440917969,490.31121826171875,264.67230224609375,248.98191833496094
2025-12-18,228.09133911132812,1715.31494140625,1534.6600341796875,190.51959228515625,1143.906005859375,298.05108642578125,47.72216033935547,503.1878662109375,268.21173095703125,253.1234130859375
2025-12-19,226.71017456054688,1723.81396484375,1544.0660400390625,192.2869415283203,1169.9039306640625,302.8966369628906,48.63115692138672,507.7795715332031,270.1781005859375,254.65179443359375
2025-12-22,227.4007568359375,1717.314697265625,1529.70947265625,192.16912841796875,1154.905029296875,298.84222412109375,48.81888198852539,512.07177734375,267.6218566894531,255.98300170898438
2025-12-23,225.92092895507812,1709.8155517578125,1525.7491455078125,193.15098571777344,1159.90478515625,297.06219482421875,48.858402252197266,528.2424926757812,266.4420166015625,257.06768798828125
2025-12-24,225.52630615234375,1711.3153076171875,1525.7491455078125,192.40476989746094,1149.405517578125,295.97442626953125,48.858402252197266,528.2424926757812,267.2285461425781,257.06768798828125
2025-12-29,224.04647827148438,1698.3167724609375,1510.8975830078125,192.4440460205078,1136.9066162109375,291.02996826171875,47.90000534057617,522.75244140625,265.85211181640625,255.2434539794922
2025-12-30,226.61151123046875,1713.8150634765625,1545.5511474609375,195.33070373535156,1152.9052734375,294.0955505371094,48.57187271118164,536.6272583007812,267.8184509277344,254.99693298339844
2025-12-31,226.71017456054688,1713.8150634765625,1545.5511474609375,194.8004913330078,1149.905517578125,294.0955505371094,48.57187271118164,536.6272583007812,269.1949157714844,254.99693298339844
2026-01-02,231.8402557373047,1753.810791015625,1586.1453857421875,200.00433349609375,1196.901611328125,303.78668212890625,50.60722732543945,558.7870483398438,275.68389892578125,265.4492492675781
2026-01-05,242.791015625,1850.80029296875,1734.660888671875,204.22633361816406,1231.39892578125,309.3244323730469,53.768943786621094,595.8200073242188,287.08880615234375,274.07733154296875
2026-01-06,244.56680297851562,1881.2969970703125,1723.274658203125,205.60092163085938,1244.397705078125,309.2255554199219,53.927032470703125,595.8200073242188,286.695556640625,278.7611389160156
2026-01-07,264.88983154296875,1925.792236328125,1806.9384765625,209.87200927734375,1258.8966064453125,319.01556396484375,56.673770904541016,625.5660400390625,300.4600830078125,281.1277160644531
2026-01-08,262.2261047363281,2022.78173828125,1832.68115234375,211.2957000732422,1272.3955078125,316.04888916015625,57.81989288330078,640.2394409179688,301.04998779296875,282.85333251953125
2026-01-09,262.4234313964844,2052.778564453125,1881.1961669921875,211.19752502441406,1293.393798828125,313.7744140625,57.780372619628906,680.7659912109375,303.4096374511719,295.0805358886719
2026-01-12,266.5669860839844,2092.774169921875,1871.295166015625,212.2284698486328,1286.894287109375,315.4555358886719,57.97797775268555,694.541015625,309.70196533203125,300.2080993652344
2026-01-13,260.64764404296875,2071.7763671875,1885.1566162109375,216.20498657226562,1304.892822265625,322.17999267578125,58.274391174316406,702.8259887695312,308.71881103515625,295.03125
2026-01-14,259.56243896484375,2037.7801513671875,1880.2060546875,211.54116821289062,1274.895263671875,316.6422119140625,57.40491485595703,691.5464477539062,305.9659118652344,296.5103454589844
2026-01-15,251.6699981689453,2040.77978515625,1894.5625,210.95205688476562,1272.8955078125,315.25775146484375,57.32587432861328,694.3413696289062,303.4096374511719,299.36993408203125
2026-01-16,258.0826110839844,2087.774658203125,1883.1763916015625,213.45578002929688,1285.3944091796875,317.13665771484375,58.31391143798828,706.519287109375,311.07843017578125,327.7686767578125
2026-01-19,260.8449401855469,2085.77490234375,1900.998291015625,206.58277893066406,1266.8958740234375,313.8733215332031,59.282188415527344,721.9912109375,323.4665222167969,324.9583740234375
2026-01-20,260.74627685546875,2065.777099609375,1890.1070556640625,204.17723083496094,1280.894775390625,312.7855224609375,58.84745407104492,728.4794921875,325.432861328125,327.02911376953125
2026-01-21,258.1812744140625,2061.777587890625,1835.1563720703125,203.63720703125,1254.8968505859375,312.09332275390625,57.97797775268555,721.29248046875,322.8765869140625,326.1909484863281
2026-01-22,248.0197296142578,1984.785888671875,1772.7799072265625,202.99900817871094,1243.8978271484375,302.6000061035156,56.179752349853516,690.248779296875,315.99432373046875,310.8576354980469
2026-01-23,255.02427673339844,2026.7813720703125,1811.888916015625,203.04811096191406,1252.8970947265625,306.95111083984375,57.36539840698242,717.4993896484375,328.5790710449219,316.03448486328125
2026-01-26,253.05116271972656,1972.787109375,1773.27490234375,198.72792053222656,1235.3984375,304.2811279296875,55.84382247924805,699.7315673828125,321.10687255859375,314.11163330078125
2026-01-27,257.3919982910156,2011.782958984375,1831.6910400390625,195.7823486328125,1239.898193359375,305.8633117675781,57.049224853515625,713.7062377929688,328.7756652832031,319.0912780761719
2026-01-28,256.99737548828125,1995.28466796875,1826.740478515625,191.52108764648438,1207.9007568359375,298.4466552734375,57.049224853515625,705.02197265625,320.3203125,316.5274963378906
2026-01-29,252.459228515625,1973.287109375,1777.7303466796875,190.48033142089844,1200.9013671875,295.2822265625,55.54740905761719,697.0364990234375,314.6178894042969,318.055908203125
2026-01-30,252.55789184570312,1973.7869873046875,1763.868896484375,189.89120483398438,1210.9005126953125,297.6555480957031,55.6264533996582,692.0455322265625,314.4212341308594,325.9444274902344
2026-02-02,253.54444885253906,1921.7926025390625,1711.8885498046875,190.28396606445312,1230.39892578125,298.84222412109375,55.29051971435547,675.4755859375,311.6683349609375,325.1062927246094
2026-02-03,255.2216033935547,1931.2916259765625,1743.0767822265625,186.78854370117188,1235.3984375,300.2266540527344,55.685733795166016,679.1688842773438,312.4548645019531,328.95196533203125
2026-02-04,249.69688415527344,1874.2977294921875,1662.87841796875,184.84446716308594,1217.4000244140625,297.35888671875,53.057559967041016,650.3211669921875,306.9490966796875,325.4513854980469
2026-02-05,245.35604858398438,1856.2996826171875,1555.4521484375,186.08160400390625,1207.4007568359375,299.1388854980469,52.286888122558594,638.04345703125,309.89862060546875,316.97125244140625
2026-02-06,243.77755737304688,1878.7972412109375,1588.62060546875,187.82931518554688,1228.8990478515625,304.5777587890625,52.563541412353516,655.611572265625,311.6683349609375,366.3238830566406
2026-02-09,253.93905639648438,1943.290283203125,1632.6802978515625,189.63592529296875,1274.895263671875,310.9066467285156,54.02583312988281,669.6860961914062,326.2193908691406,374.26171875
2026-02-10,249.10494995117188,1923.79248046875,1612.878173828125,188.1435089111328,1243.39794921875,304.5777587890625,52.91923522949219,646.528076171875,320.5169677734375,371.4021301269531
2026-02-11,242.59368896484375,1925.292236328125,1576.244384765625,183.8429718017578,1247.8974609375,301.51220703125,52.9587516784668,642.23583984375,316.19097900390625,355.62506103515625
2026-02-12,243.3829345703125,1924.7923583984375,1563.8680419921875,186.96527099609375,1225.8992919921875,303.8855285644531,52.62281799316406,626.5642700195312,317.7640686035156,358.82977294921875
2026-02-13,241.90310668945312,1967.7877197265625,1593.076171875,188.92898559570312,1270.8956298828125,329.1022033691406,53.433013916015625,637.5443115234375,324.2530517578125,363.26708984375
2026-02-16,248.0197296142578,2028.7811279296875,1603.96728515625,193.6222686767578,1297.8934326171875,334.4422302246094,55.369564056396484,623.869140625,337.4277038574219,365.73223876953125
2026-02-17,245.5533447265625,2028.7811279296875,1595.5513916015625,192.93496704101562,1296.8934326171875,337.1122131347656,54.836021423339844,626.46435546875,334.6747741699219,371.1063232421875
2026-02-18,256.0108337402344,2109.7724609375,1677.23486328125,197.00967407226562,1324.39111328125,343.34222412109375,57.40491485595703,652.6170043945312,344.1133117675781,391.12347412109375
2026-02-19,259.7597351074219,2162.7666015625,1726.2449951171875,183.7055206298828,1323.891357421875,338.29888916015625,58.49176025390625,671.6824951171875,343.9166564941406,387.47503662109375
2026-02-20,260.8449401855469,2164.766357421875,1722.7796630859375,186.29762268066406,1335.8902587890625,342.55108642578125,58.21510696411133,668.1887817382812,347.45611572265625,392.06024169921875
2026-02-23,250.0915069580078,2136.76953125,1684.66064453125,179.81735229492188,1332.8905029296875,342.1555480957031,57.286354064941406,648.2249755859375,340.1805725097656,386.2424621582031
2026-02-24,247.8224334716797,2140.76904296875,1707.43310546875,179.52279663085938,1309.8924560546875,336.8155517578125,58.45223617553711,656.7095947265625,340.5738525390625,382.1995849609375
2026-02-25,249.9928436279297,2105.772705078125,1665.3536376953125,181.13304138183594,1309.8924560546875,340.37554931640625,56.23903274536133,647.4263916015625,338.2142333984375,378.6004333496094
2026-02-26,250.78208923339844,2117.771484375,1657.432861328125,183.35205078125,1352.388916015625,342.7488708496094,55.70549774169922,650.021728515625,331.33197021484375,374.01519775390625
2026-02-27,251.47267150878906,2111.772216796875,1647.0367431640625,180.89739990234375,1333.3905029296875,336.2221984863281,56.12046813964844,652.2177734375,332.9050598144531,380.42462158203125
2026-03-02,252.459228515625,2240.75830078125,1611.39306640625,177.00924682617188,1353.8887939453125,332.36553955078125,57.52348327636719,648.9236450195312,332.9050598144531,389.052734375
2026-03-03,246.24395751953125,2219.760498046875,1564.3631591796875,172.23741149902344,1302.8929443359375,317.9277648925781,57.246829986572266,643.0343627929688,325.432861328125,380.96697998046875
2026-03-04,247.3291473388672,2268.755126953125,1622.2841796875,173.98512268066406,1362.8880615234375,323.3666687011719,59.67740249633789,661.6007080078125,341.16375732421875,392.2081604003906
2026-03-05,233.22142028808594,2149.76806640625,1531.689697265625,172.68907165527344,1289.89404296875,312.7855224609375,56.02166748046875,627.8618774414062,310.2919006347656,382.7912292480469
2026-03-06,238.0555419921875,2213.76123046875,1576.7393798828125,172.3159637451172,1264.8961181640625,314.1700134277344,57.918697357177734,652.117919921875,328.1857604980469,385.3056640625
2026-03-09,244.17218017578125,2258.75634765625,1608.917724609375,172.23741149902344,1238.398193359375,311.2033386230469,61.73251724243164,672.2813720703125,333.4949645996094,395.9552001953125
2026-03-10,247.1318359375,2248.75732421875,1636.640625,174.67242431640625,1310.892333984375,317.4333190917969,61.7127571105957,681.76416015625,339.5906677246094,396.8919677734375
2026-03-11,244.17218017578125,2227.759521484375,1505.4520263671875,173.710205078125,1300.3931884765625,314.6644592285156,59.716922760009766,662.69873046875,338.60748291015625,387.3271179199219
2026-03-12,251.47267150878906,2297.752197265625,1535.155029296875,168.91873168945312,1283.39453125,304.6766662597656,63.11576843261719,684.55908203125,342.7368469238281,403.5971984863281
2026-03-13,250.38748168945312,2306.751220703125,1576.7393798828125,165.3251495361328,1215.4002685546875,301.01776123046875,63.313377380371094,684.1598510742188,342.9334716796875,406.9991455078125
2026-03-16,246.44125366210938,2321.74951171875,1608.4227294921875,166.87648010253906,1229.89892578125,303.292236328125,63.03672409057617,686.8549194335938,340.3772277832031,407.1963806152344
2026-03-17,245.5533447265625,2330.74853515625,1618.81884765625,167.22994995117188,1246.8975830078125,301.51220703125,62.562469482421875,686.056396484375,340.3772277832031,402.3153381347656
2026-03-18,249.9928436279297,2329.74853515625,1589.6107177734375,167.21031188964844,1255.3968505859375,303.1933288574219,63.49122619628906,696.63720703125,342.1469421386719,413.8523254394531
2026-03-19,245.75067138671875,2307.7509765625,1534.6600341796875,160.98533630371094,1189.90234375,289.9422302246094,62.443904876708984,671.4827880859375,334.87139892578125,406.6540222167969
2026-03-20,239.04209899902344,2249.75732421875,1488.1251220703125,158.00048828125,1160.9046630859375,278.4710998535156,59.87500762939453,641.1378173828125,320.5169677734375,394.72259521484375
2026-03-23,235.8851318359375,2139.76904296875,1468.3231201171875,163.3810577392578,1182.90283203125,284.1077575683594,58.49176025390625,637.4444580078125,317.5674133300781,393.88446044921875
2026-03-24,237.06900024414062,2126.7705078125,1456.9368896484375,161.57444763183594,1165.404296875,278.9655456542969,57.286354064941406,635.9472045898438,315.7976989746094,384.22100830078125
2026-03-25,242.69235229492188,2151.767822265625,1471.7884521484375,165.40370178222656,1193.90185546875,284.8988952636719,58.31391143798828,633.6513671875,321.10687255859375,389.5950622558594
2026-03-26,238.3515167236328,2092.774169921875,1421.7882080078125,160.43548583984375,1149.905517578125,278.57000732421875,57.87917709350586,612.6893920898438,310.0952453613281,384.5661315917969
2026-03-27,234.7012481689453,2066.777099609375,1365.847412109375,157.50955200195312,1108.408935546875,275.306640625,55.942623138427734,590.62939453125,304.78607177734375,374.7054443359375
2026-03-30,242.791015625,2131.77001953125,1395.550537109375,156.29205322265625,1106.4091796875,271.3511047363281,54.994110107421875,603.5059814453125,307.9322509765625,392.2574462890625
2026-03-31,248.71034240722656,2199.7626953125,1430.2041015625,157.90231323242188,1131.9071044921875,276.2955322265625,57.345638275146484,616.2828979492188,313.83135986328125,406.9991455078125
2026-04-01,262.9167175292969,2294.75244140625,1565.8482666015625,164.85385131835938,1206.90087890625,287.37109375,61.890602111816406,662.0,330.1521301269531,413.01416015625
2026-04-02,263.90325927734375,2288.753173828125,1554.9571533203125,162.1439208984375,1188.40234375,284.1077575683594,61.5151481628418,642.0,330.9386901855469,413.01416015625
2026-04-07,261.3382263183594,2257.75634765625,1515.8480224609375,159.6696319580078,1142.506103515625,279.8555603027344,56.565086364746094,624.2999877929688,324.0564270019531,414.14813232421875
2026-04-08,266.6656188964844,2288.253173828125,1562.3829345703125,172.080322265625,1277.89501953125,309.62109375,56.9405403137207,631.0999755859375,332.51177978515625,410.4010925292969
2026-04-09,264.5938720703125,2268.755126953125,1534.8580322265625,167.70123291015625,1279.69482421875,312.4888916015625,58.728885650634766,623.7000122070312,330.9386901855469,417.599365234375
2026-04-10,255.71487426757812,2193.76318359375,1449.313232421875,166.42481994628906,1267.0958251953125,309.8188781738281,55.63633346557617,610.0,319.5337829589844,400.9348449707031
2026-04-13,262.02880859375,2245.2578125,1480.6004638671875,167.36741638183594,1269.2957763671875,306.6544494628906,57.10850524902344,620.0,324.84295654296875,403.4000244140625
2026-04-14,263.4100036621094,2231.25927734375,1471.887451171875,169.62567138671875,1312.0921630859375,313.8733215332031,56.84173583984375,615.7999877929688,324.6463317871094,398.5
2026-04-15,265.5804138183594,2251.257080078125,1500.204345703125,168.5652618408203,1286.6943359375,305.3688659667969,57.14802932739258,618.9000244140625,325.6295166015625,325.9997863769531
2026-04-16,263.8045959472656,2216.260986328125,1482.382568359375,168.6634521484375,1250.0972900390625,294.88665771484375,57.286354064941406,601.2999877929688,320.713623046875,308.7597961425781
2026-04-17,261.0422668457031,2255.256591796875,1480.40234375,176.2237548828125,1310.4923095703125,311.796630859375,56.999820709228516,595.5999755859375,321.10687255859375,305.80438232421875
2026-04-20,259.7597351074219,2239.25830078125,1461.1944580078125,173.1800079345703,1262.29638671875,299.6333312988281,57.40491485595703,589.5,316.7808837890625,303.8340759277344
2026-04-21,244.36949157714844,2144.7685546875,1416.8377685546875,170.52000427246094,1180.3031005859375,279.26220703125,54.6087760925293,570.7000122070312,306.5557861328125,303.4236145019531
2026-04-22,238.7461395263672,2112.77197265625,1408.718994140625,166.24000549316406,1138.5064697265625,269.47222900390625,54.213558197021484,564.7999877929688,299.67352294921875,307.1999816894531
2026-04-23,239.4367218017578,2080.0,1393.0753173828125,168.16000366210938,1160.1556396484375,275.8999938964844,53.68989944458008,586.2999877929688,302.0331726074219,328.1000061035156
2026-04-24,229.66983032226562,2020.5,1306.1441650390625,165.9199981689453,1129.35693359375,267.0,52.069522857666016,565.0,291.414794921875,314.5
2026-04-27,228.09133911132812,2036.0,1332.48095703125,165.55999755859375,1130.3568115234375,270.9555358886719,51.91143798828125,567.4000244140625,286.8921813964844,311.1000061035156
2026-04-28,227.99269104003906,2046.5,1329.9066162109375,166.10000610351562,1134.356689453125,268.2855224609375,51.782989501953125,569.7000122070312,287.28546142578125,304.0
2026-04-29,227.0061492919922,2001.0,1324.7581787109375,174.6199951171875,1098.5579833984375,265.8133239746094,51.51622009277344,559.7000122070312,285.7123718261719,303.79998779296875
2026-04-30,230.75503540039062,2042.5,1342.382080078125,174.8800048828125,1181.954833984375,269.9666442871094,52.38569259643555,560.0,291.8080749511719,310.0
2026-05-01,230.75503540039062,2034.5,1342.382080078125,174.8800048828125,1199.1541748046875,269.9666442871094,52.38569259643555,560.0,291.8080749511719,310.0
2026-05-04,230.064453125,2034.5,1374.4613037109375,176.17999267578125,1199.1541748046875,262.2533264160156,52.148563385009766,572.0999755859375,294.3643493652344,315.6000061035156
2026-05-05,233.12277221679688,2077.0,1421.1942138671875,177.86000061035156,1201.9541015625,269.2744140625,52.642581939697266,575.5999755859375,297.5105285644531,312.5
2026-05-06,237.75958251953125,2089.5,1427.332763671875,188.5,1279.151123046875,293.4033508300781,55.29051971435547,588.2000122070312,302.6230773925781,328.29998779296875
2026-05-07,232.7281494140625,2001.0,1328.322509765625,183.44000244140625,1279.7510986328125,291.5244140625,54.243202209472656,562.5,293.57781982421875,319.29998779296875
2026-05-08,224.83570861816406,1934.800048828125,1206.341796875,179.8800048828125,1219.75341796875,283.1188659667969,52.524017333984375,538.0,285.1224670410156,309.3999938964844
2026-05-11,221.97471618652344,1923.5,1173.8663330078125,175.47999572753906,1227.5531005859375,281.239990234375,50.69615173339844,525.7999877929688,282.17291259765625,296.70001220703125
2026-05-12,222.9612579345703,1926.0,1150.5,172.52000427246094,1190.9544677734375,277.58111572265625,49.396881103515625,510.1000061035156,279.61663818359375,298.1000061035156
2026-05-13,220.6921844482422,1928.5,1121.5999755859375,173.44000244140625,1204.9539794921875,278.3722229003906,49.243736267089844,491.6000061035156,278.2402038574219,292.29998779296875
2026-05-14,220.00160217285156,1923.0,1143.199951171875,172.74000549316406,1197.1541748046875,280.0533447265625,49.2585563659668,491.6000061035156,279.4200134277344,292.29998779296875
2026-05-15,216.4499969482422,1850.5,1120.0,167.67999267578125,1139.9564208984375,268.3844299316406,48.403907775878906,482.75,275.3999938964844,292.20001220703125
2026-05-18,219.8000030517578,1880.5,1172.0,170.3800048828125,1157.5557861328125,270.8566589355469,49.327720642089844,492.3500061035156,275.20001220703125,294.70001220703125
2026-05-19,226.3000030517578,1902.0,1207.0,169.10000610351562,1164.555419921875,271.1533508300781,50.32069778442383,513.9000244140625,279.6000061035156,304.20001220703125
2026-05-20,229.5,1926.0,1233.5999755859375,173.36000061035156,1224.55322265625,279.3611145019531,51.535980224609375,524.2000122070312,284.3999938964844,312.70001220703125
2026-05-21,226.8000030517578,1953.0,1209.4000244140625,165.9600067138672,1208.15380859375,276.59222412109375,50.73567199707031,527.2000122070312,286.0,311.79998779296875
2026-05-22,229.6999969482422,1993.5,1227.199951171875,169.52000427246094,1248.7523193359375,281.83331298828125,51.69406509399414,529.9000244140625,291.3999938964844,311.5
2026-05-25,232.10000610351562,1993.5,1243.5999755859375,174.25999450683594,1248.7523193359375,298.1499938964844,51.39765548706055,539.4000244140625,295.79998779296875,311.5
2026-05-26,230.3000030517578,1990.0,1237.199951171875,172.27999877929688,1261.1517333984375,295.1000061035156,52.00035858154297,540.5,293.6000061035156,320.0
2026-05-27,233.1999969482422,1965.5,1232.800048828125,173.6999969482422,1297.150390625,299.0,51.03208541870117,536.7000122070312,295.20001220703125,318.79998779296875
2026-05-28,239.60000610351562,2019.0,1284.0,177.6999969482422,1314.5498046875,303.0,53.768943786621094,576.2000122070312,303.20001220703125,333.1000061035156
2026-05-29,239.5,2023.0,1293.4000244140625,179.6999969482422,1337.348876953125,305.70001220703125,53.768943786621094,569.2999877929688,304.79998779296875,332.1000061035156
2026-06-01,230.0,1921.0,1207.0,173.17999267578125,1272.75146484375,297.0,51.8422737121582,536.2000122070312,291.20001220703125,322.8999938964844
2026-06-02,226.60000610351562,1908.5,1190.0,172.67999267578125,1280.551025390625,298.0,51.713829040527344,524.9000244140625,292.0,315.70001220703125
2026-06-03,224.89999389648438,1900.0,1200.4000244140625,169.3000030517578,1258.15185546875,293.79998779296875,50.26141357421875,517.5,286.6000061035156,307.5
2026-06-04,230.0,1916.0,1190.199951171875,177.0,1263.1517333984375,300.29998779296875,50.64674758911133,525.7999877929688,295.6000061035156,305.6000061035156
2026-06-05,232.39999389648438,1930.5,1209.800048828125,178.9600067138672,1259.951904296875,298.5,51.23957061767578,528.4000244140625,297.79998779296875,312.0
2026-06-08,232.3000030517578,1953.5,1199.800048828125,176.9600067138672,1261.1517333984375,294.5,50.77519226074219,531.7999877929688,298.3999938964844,316.3999938964844
2026-06-09,231.5,1933.5,1207.199951171875,175.74000549316406,1225.1531982421875,295.6000061035156,51.407535552978516,524.0999755859375,295.3999938964844,313.79998779296875
2026-06-10,234.0,1940.0,1197.199951171875,174.9600067138672,1233.5528564453125,291.5,51.69406509399414,524.5999755859375,297.79998779296875,298.0
2026-06-11,237.8000030517578,1942.5,1220.0,175.25999450683594,1252.752197265625,295.29998779296875,53.06743621826172,538.2999877929688,300.20001220703125,301.8999938964844
2026-06-12,234.6999969482422,1911.0,1205.5999755859375,179.27999877929688,1307.9500732421875,306.1000061035156,52.84019088745117,521.5999755859375,297.0,294.20001220703125
2026-06-15,230.60000610351562,1820.5,1150.199951171875,183.67999267578125,1358.34814453125,316.3999938964844,51.37789535522461,502.8999938964844,297.20001220703125,290.0
2026-06-16,228.10000610351562,1860.5,1145.5999755859375,185.3000030517578,1392.94677734375,324.0,51.081485748291016,505.29998779296875,299.20001220703125,292.29998779296875
2026-06-17,231.0,1865.0,1170.199951171875,187.02000427246094,1389.9468994140625,324.0,51.68418884277344,509.29998779296875,301.6000061035156,296.20001220703125
2026-06-18,232.60000610351562,1840.0,1178.5999755859375,191.94000244140625,1409.546142578125,333.5,51.1802864074707,503.3999938964844,301.20001220703125,294.0
2026-06-19,232.39999389648438,1846.5,1202.5999755859375,189.4199981689453,1408.1461181640625,329.3999938964844,52.029998779296875,503.3999938964844,302.0,306.1000061035156
2026-06-22,226.3000030517578,1811.0,1189.4000244140625,189.52000427246094,1411.74609375,331.20001220703125,50.08000183105469,502.8999938964844,293.0,293.3999938964844
2026-06-23,228.0,1825.0,1166.5999755859375,193.25999450683594,1391.1468505859375,331.1000061035156,50.43000030517578,505.20001220703125,296.6000061035156,301.3999938964844
2026-06-24,225.3000030517578,1824.5,949.0,195.10000610351562,1419.145751953125,338.3999938964844,48.029998779296875,491.0,295.0,290.79998779296875
2026-06-25,218.39999389648438,1792.0,949.0,195.0800018310547,1431.9453125,343.70001220703125,46.125,489.3500061035156,289.20001220703125,285.5
2026-06-26,216.5,1808.0,946.5999755859375,191.89999389648438,1406.146240234375,332.70001220703125,46.255001068115234,487.3999938964844,287.79998779296875,278.3999938964844
2026-06-29,220.5,1808.0,970.9000244140625,191.5800018310547,1415.1458740234375,336.5,46.060001373291016,498.8500061035156,283.6000061035156,293.1000061035156
2026-06-30,224.8000030517578,1844.0,990.5,194.5399932861328,1444.5447998046875,345.0,46.92499923706055,502.79998779296875,287.20001220703125,298.29998779296875
2026-07-01,229.39999389648438,1880.0,1050.5999755859375,198.22000122070312,1460.9442138671875,349.8999938964844,48.7599983215332,519.5,292.3999938964844,307.6000061035156
2026-07-02,240.39999389648438,1982.5,1115.0,203.89999389648438,1475.1435546875,353.29998779296875,51.939998626708984,564.2000122070312,307.20001220703125,323.5
2026-07-03,238.1999969482422,1981.5,1093.4000244140625,206.14999389648438,1504.1424560546875,356.70001220703125,52.529998779296875,562.7999877929688,306.0,328.1000061035156
2026-07-06,241.10000610351562,2025.0,1130.0,209.39999389648438,1503.9425048828125,357.1000061035156,54.91999816894531,587.7000122070312,311.20001220703125,331.20001220703125
2026-07-07,237.60000610351562,1971.0,1111.5999755859375,203.9499969482422,1447.7447509765625,347.20001220703125,53.93000030517578,600.0,303.79998779296875,323.5
2026-07-08,233.6999969482422,1925.7230224609375,1058.800048828125,197.36000061035156,1399.3465576171875,332.5,53.369998931884766,586.0,297.20001220703125,321.79998779296875
2026-07-09,226.8000030517578,1839.0,1013.2000122070312,196.52000427246094,1436.3450927734375,340.0,52.189998626708984,564.0,289.6000061035156,312.6000061035156
2026-07-10,223.3000030517578,1851.0,992.0,197.25999450683594,1438.3450927734375,336.1000061035156,51.81999969482422,546.5,287.0,299.5
2026-07-13,221.10000610351562,1848.0,979.2000122070312,195.27999877929688,1415.345947265625,330.1000061035156,51.150001525878906,529.5,283.6000061035156,279.0
2026-07-14,220.0,1853.0,979.9000244140625,195.94000244140625,1402.1463623046875,327.79998779296875,51.0,524.4000244140625,284.6000061035156,279.29998779296875
2026-07-15,220.5,1813.0,976.0999755859375,195.3800048828125,1391.346923828125,330.79998779296875,50.369998931884766,520.4000244140625,280.20001220703125,275.1000061035156
2026-07-16,220.10000610351562,1834.0,963.9000244140625,195.6199951171875,1378.347412109375,329.1000061035156,49.61000061035156,516.7000122070312,278.79998779296875,272.29998779296875
2026-07-17,223.10000610351562,1880.0,984.2000122070312,194.32000732421875,1365.5478515625,329.5,50.75,567.0,285.3999938964844,277.5
2026-07-20,223.89999389648438,1875.0,990.2999877929688,191.77999877929688,1357.9481201171875,324.70001220703125,49.904998779296875,574.5999755859375,282.0,277.1000061035156
2026-07-21,225.10000610351562,1909.0,995.4000244140625,194.60000610351562,1372.5474853515625,322.8999938964844,50.65999984741211,575.7999877929688,283.6000061035156,276.79998779296875
2026-07-22,226.8000030517578,1924.0,1007.7999877929688,208.3000030517578,1391.94677734375,327.29998779296875,51.15999984741211,586.7999877929688,288.0,282.20001220703125
2026-07-23,238.3000030517578,1965.0,1017.0,204.5,1358.9481201171875,321.3999938964844,51.880001068115234,597.0,304.6000061035156,291.79998779296875
2026-07-24,236.39999389648438,1971.0,1037.5999755859375,206.0500030517578,1415.5458984375,329.79998779296875,52.2599983215332,587.4000244140625,299.20001220703125,289.79998779296875
2026-07-27,243.39999389648438,2000.0,1050.5999755859375,208.89999389648438,1413.5460205078125,333.20001220703125,53.04999923706055,601.0,304.79998779296875,291.3999938964844
2026-07-28,249.3000030517578,2025.0,1086.800048828125,212.0,1419.3458251953125,343.0,54.04999923706055,615.4000244140625,310.20001220703125,296.5
2026-07-29,245.39999389648438,2020.0,1153.4000244140625,209.89999389648438,1379.947265625,339.79998779296875,53.72999954223633,599.5999755859375,303.0,293.5
2026-07-30,243.3000030517578,2050.0,1139.5999755859375,204.0,1462.944091796875,340.29998779296875,53.720001220703125,591.2999877929688,300.0,294.8999938964844
2026-07-31,243.3000030517578,2094.0,1139.5999755859375,204.0,1467.7440185546875,340.29998779296875,53.720001220703125,591.2999877929688,300.0,294.8999938964844
2026-08-03,253.8000030517578,2143.0,1175.0,208.0,1506.742431640625,351.29998779296875,54.709999084472656,615.0999755859375,304.79998779296875,302.8999938964844
2026-08-04,262.3999938964844,2184.0,1200.800048828125,214.10000610351562,1529.341552734375,356.3999938964844,56.529998779296875,619.7000122070312,310.20001220703125,308.20001220703125
2026-08-05,261.70001220703125,2156.0,1200.5999755859375,214.9499969482422,1570.3399658203125,358.5,57.400001525878906,624.9000244140625,310.79998779296875,311.70001220703125
