Date,HO.PA,BA.L,RHM.DE,AIR.PA,RR.L,SAF.PA,LDO.MI,SAAB-B.ST,AM.PA,KOG.OL
2022-08-08,113.85729217529297,790.8635864257812,160.92405700683594,98.69825744628906,86.68211364746094,102.89964294433594,8.570510864257812,90.68907165527344,135.59213256835938,65.33810424804688
2022-08-09,115.05918884277344,798.056884765625,158.04869079589844,99.05188751220703,84.64253997802734,103.51317596435547,8.604815483093262,91.44766998291016,136.90310668945312,65.22608947753906
2022-08-10,113.53369903564453,788.8655395507812,156.5151824951172,100.05692291259766,85.5323486328125,105.27704620361328,8.56669807434082,90.73799896240234,135.12391662597656,66.45818328857422
2022-08-11,114.1346435546875,789.664794921875,160.44482421875,100.35470581054688,84.74252319335938,105.35374450683594,8.631497383117676,91.2763671875,136.43487548828125,66.15949249267578
2022-08-12,111.86951446533203,777.2763061523438,160.10935974121094,100.89444732666016,84.99246215820312,105.20036315917969,8.50571346282959,90.56671142578125,132.4083251953125,63.54597473144531
2022-08-15,112.28556823730469,781.07275390625,162.8888702392578,101.24807739257812,85.73230743408203,107.34770202636719,8.50571346282959,91.34977722167969,134.37478637695312,64.51670837402344
2022-08-16,115.15164947509766,798.6564331054688,168.92713928222656,102.86730194091797,85.88227081298828,107.80784606933594,8.661991119384766,92.98933410644531,137.65223693847656,67.39158630371094
2022-08-17,116.2610855102539,798.8562622070312,167.2498321533203,100.6338882446289,83.4827651977539,107.00259399414062,8.547640800476074,93.13616180419922,137.09036254882812,66.64486694335938
2022-08-18,115.24409484863281,797.45751953125,163.75149536132812,101.1177978515625,83.58274841308594,106.96424865722656,8.458066940307617,92.8669662475586,138.77589416503906,67.61560821533203
2022-08-19,115.66014099121094,802.2530517578125,161.16366577148438,98.86576080322266,81.24323272705078,105.37291717529297,8.284635543823242,90.6401138305664,137.9331512451172,65.63679504394531
2022-08-22,115.7525863647461,807.6480712890625,156.8985595703125,96.0739974975586,80.38340759277344,103.37895965576172,8.19124984741211,90.98271179199219,134.00022888183594,65.33810424804688
2022-08-23,115.15164947509766,796.2587890625,158.04869079589844,95.73898315429688,80.11347198486328,102.5928726196289,8.240801811218262,91.15401458740234,133.3447265625,65.22608947753906
2022-08-24,114.36578369140625,806.44921875,155.84426879882812,96.1484375,80.2934341430664,102.95716094970703,8.208403587341309,90.76248168945312,132.6892547607422,65.5247802734375
2022-08-25,115.42900085449219,809.046630859375,157.76116943359375,96.68818664550781,80.51338195800781,102.6695785522461,8.223649978637695,91.2763671875,132.4083251953125,65.86080932617188
2022-08-26,114.55069732666016,812.2437744140625,159.91769409179688,94.84561920166016,78.46381378173828,100.4647216796875,8.086430549621582,90.78694915771484,131.65921020507812,65.03942108154297
2022-08-29,112.70161437988281,812.2437744140625,155.988037109375,93.41251373291016,78.46381378173828,99.12263488769531,7.88060188293457,88.51116180419922,130.1609344482422,64.5540542602539
2022-08-30,112.37802124023438,789.2651977539062,153.83151245117188,93.63585662841797,78.1838607788086,98.89256286621094,7.872978210449219,87.77703094482422,127.91357421875,63.47129821777344
2022-08-31,111.08364868164062,775.47802734375,151.81875610351562,91.09534454345703,76.98411560058594,97.68468475341797,7.781497955322266,87.31208038330078,128.28814697265625,63.47129821777344
2022-09-01,108.63362884521484,760.2921142578125,143.00100708007812,88.3780288696289,71.29528045654297,95.35520935058594,7.52039909362793,83.66592407226562,125.10432434082031,62.94860076904297
2022-09-02,111.12989044189453,763.68896484375,145.58880615234375,92.09107971191406,75.05451202392578,98.12566375732422,7.51849365234375,84.42452239990234,127.44536590576172,62.873939514160156
2022-09-05,113.71859741210938,786.6676025390625,150.0935516357422,90.13684844970703,74.10470581054688,96.59183502197266,7.470848083496094,88.56010437011719,128.47540283203125,64.62871551513672
2022-09-06,113.71859741210938,782.4714965820312,149.90185546875,90.35087585449219,76.69416809082031,96.95612335205078,7.436542987823486,88.53562927246094,127.8199234008789,63.172607421875
2022-09-07,112.23933410644531,778.0755004882812,146.49935913085938,89.30862426757812,76.73416900634766,98.3940658569336,7.34506368637085,86.60243225097656,125.47888946533203,60.63376998901367
2022-09-08,109.74308013916016,786.6676025390625,147.7932586669922,89.59709167480469,78.26384735107422,98.3749008178711,7.346968650817871,88.58457946777344,125.19796752929688,61.00712203979492
2022-09-09,107.70909118652344,783.67041015625,147.9370574951172,89.33653259277344,78.42381286621094,99.50609588623047,7.299323081970215,86.89607238769531,124.07428741455078,61.119136810302734
2022-09-12,110.02042388916016,789.8646240234375,151.00408935546875,92.7704086303711,80.65335845947266,101.53838348388672,7.486093997955322,86.40666961669922,124.07428741455078,61.791175842285156
2022-09-13,110.43648529052734,793.2614135742188,146.11598205566406,90.73241424560547,78.25384521484375,99.71697998046875,7.392708778381348,85.89276885986328,124.1679458618164,62.12720489501953
2022-09-14,108.21759033203125,770.6824340820312,141.46749877929688,88.85263061523438,75.14450073242188,98.72000885009766,7.339346408843994,83.39674377441406,121.17140197753906,59.70036315917969
2022-09-15,106.73831939697266,774.0794067382812,138.68797302246094,88.3128890991211,76.84413146972656,97.47378540039062,7.341250896453857,84.03298950195312,120.32864379882812,59.102989196777344
2022-09-16,105.12036895751953,764.0885620117188,138.4004364013672,85.37222290039062,75.75436401367188,94.45408630371094,7.293605327606201,82.34449005126953,121.07777404785156,57.721553802490234
2022-09-19,106.09114074707031,764.0885620117188,143.480224609375,86.95423126220703,75.75436401367188,95.01969146728516,7.373651027679443,83.47016143798828,121.63961029052734,58.953643798828125
2022-09-20,104.61187744140625,771.0820922851562,144.15115356445312,85.58626556396484,75.80435180664062,92.52723693847656,7.362215042114258,82.51579284667969,117.89398193359375,58.7296257019043
2022-09-21,108.77230834960938,804.2511596679688,157.61740112304688,86.88909149169922,74.3046646118164,93.3228988647461,7.770063400268555,87.14079284667969,121.73326110839844,60.5964241027832
2022-09-22,107.24681854248047,809.2466430664062,154.78997802734375,85.93058013916016,73.25487518310547,91.74115753173828,7.775779724121094,86.969482421875,121.35870361328125,59.5136833190918
2022-09-23,101.37596893310547,795.059814453125,148.5600128173828,85.59556579589844,71.86515808105469,88.72146606445312,7.308852195739746,83.59251403808594,118.17489624023438,57.34819030761719
2022-09-26,103.73355865478516,812.3866577148438,155.2212677001953,85.1302719116211,72.6550064086914,89.04740142822266,7.472753524780273,83.00521087646484,117.51941680908203,58.094913482666016
2022-09-27,102.39297485351562,800.8543090820312,152.873046875,83.56689453125,69.21571350097656,87.91622161865234,7.383180141448975,82.63815307617188,112.181884765625,58.953643798828125
2022-09-28,102.16183471679688,808.0477294921875,153.68775939941406,83.09228515625,66.68623352050781,88.68312072753906,6.984861373901367,82.56473541259766,109.46629333496094,58.91630172729492
2022-09-29,104.98168182373047,824.2325439453125,155.36505126953125,81.97557830810547,68.24591827392578,89.16244506835938,7.051565170288086,83.39674377441406,109.5599365234375,60.67109680175781
2022-09-30,104.47318267822266,789.0653686523438,151.62709045410156,82.72005462646484,69.57563781738281,90.1210708618164,6.929592609405518,85.06076049804688,109.5599365234375,61.97786331176758
2022-10-03,105.49018859863281,798.2567749023438,154.78997802734375,83.01782989501953,69.75559997558594,90.29362487792969,7.040130615234375,86.1374740600586,111.80731964111328,62.799251556396484
2022-10-04,105.76754760742188,813.8423461914062,147.8891143798828,88.12677764892578,74.45462799072266,95.04844665527344,7.150668621063232,86.03960418701172,115.92752838134766,62.72459030151367
2022-10-05,105.86001586914062,820.6361083984375,146.9306640625,86.87047576904297,73.90473937988281,95.7003173828125,7.034412860870361,86.38218688964844,115.45932006835938,62.351226806640625
2022-10-06,104.79678344726562,817.838623046875,144.72621154785156,86.675048828125,71.27529907226562,95.33602905273438,6.87241792678833,85.96617889404297,114.71018981933594,63.135276794433594
2022-10-07,103.87222290039062,845.412841796875,148.12872314453125,85.92127227783203,70.5854263305664,95.4702377319336,7.085870265960693,86.18643188476562,117.05121612548828,63.91933822631836
2022-10-10,105.02790832519531,836.8208618164062,141.37164306640625,86.5540771484375,68.87578582763672,95.02926635742188,7.146857261657715,87.26314544677734,118.92403411865234,63.80732345581055
2022-10-11,104.33451080322266,833.424072265625,141.5633087158203,87.41021728515625,69.47565460205078,94.73209381103516,7.019166469573975,87.50785827636719,119.76679992675781,63.84466552734375
2022-10-12,102.39297485351562,821.8348388671875,141.94671630859375,86.77741241455078,66.22633361816406,93.29415130615234,6.687552452087402,89.53892517089844,118.92403411865234,62.61258316040039
2022-10-13,104.70433044433594,818.8375854492188,144.39076232910156,90.17406463623047,69.99555206298828,97.81888580322266,6.843830108642578,91.30084228515625,122.38874053955078,63.2099494934082
2022-10-14,102.439208984375,790.0643920898438,139.50265502929688,89.88558197021484,70.0355453491211,98.0106201171875,6.813337326049805,90.49329376220703,121.45233154296875,62.1645393371582
2022-10-17,105.44396209716797,789.664794921875,145.7325897216797,92.22135925292969,71.55523681640625,101.19326782226562,7.0172600746154785,91.86367797851562,127.44536590576172,63.65797424316406
2022-10-18,106.04490661621094,798.056884765625,146.59521484375,93.28223419189453,74.26466369628906,102.42032623291016,7.00391960144043,91.93707275390625,128.94361877441406,65.41277313232422
2022-10-19,107.24681854248047,808.8469848632812,144.1032257080078,93.87779998779297,73.98472595214844,101.6534194946289,7.0973052978515625,92.47543334960938,132.6892547607422,66.71953582763672
2022-10-20,109.14212799072266,808.7510986328125,152.3459014892578,94.3244857788086,73.1349105834961,103.05302429199219,7.242148399353027,94.06604766845703,133.62567138671875,66.86888122558594
2022-10-21,109.04967498779297,812.34814453125,150.23731994628906,93.91502380371094,73.5648193359375,103.66655731201172,7.425107955932617,93.82133483886719,134.84298706054688,66.45818328857422
2022-10-24,110.20535278320312,812.34814453125,152.82513427734375,95.42259216308594,73.4848403930664,104.95113372802734,7.404143810272217,94.60440826416016,137.46495056152344,66.45818328857422
2022-10-25,112.42424011230469,804.7543334960938,158.38417053222656,96.83707427978516,73.6748046875,105.77554321289062,7.377461910247803,95.6811294555664,139.24412536621094,67.0928955078125
2022-10-26,116.72335815429688,814.3464965820312,162.2179718017578,98.54936981201172,74.45462799072266,107.36687469482422,7.508964538574219,95.33853149414062,142.7088165283203,68.32498931884766
2022-10-27,117.23185729980469,805.5535888671875,162.55343627929688,98.75408935546875,76.3242416381836,106.46575927734375,7.577574253082275,93.6500473022461,139.7123260498047,67.05555725097656
2022-10-28,119.2658462524414,813.7470092773438,162.02626037597656,102.36477661132812,76.97412109375,108.99655151367188,7.701452732086182,99.13152313232422,142.14700317382812,70.00511932373047
2022-10-31,118.9422607421875,813.7470092773438,157.66531372070312,101.97393798828125,78.13387298583984,108.05709838867188,7.749098777770996,95.48535919189453,140.8360137939453,69.55708312988281
2022-11-01,118.24885559082031,819.9419555664062,158.623779296875,104.7098617553711,81.48318481445312,108.72813415527344,7.781497955322266,97.34514617919922,140.9296417236328,73.02932739257812
2022-11-02,119.35831451416016,818.3433837890625,158.14454650878906,104.0956802368164,83.04286193847656,106.73417663574219,7.87488317489624,100.08587646484375,141.39785766601562,72.69330596923828
2022-11-03,118.98847961425781,822.7398071289062,156.0359344482422,103.66761016845703,80.14346313476562,107.44357299804688,7.813897132873535,98.61763000488281,142.4279327392578,72.91732788085938
2022-11-04,115.89127349853516,798.1593627929688,147.7932586669922,106.0871353149414,85.09244537353516,108.90068817138672,7.209749221801758,99.1559829711914,139.52505493164062,70.37847137451172
2022-11-07,115.10543060302734,787.9676513671875,151.2436981201172,106.06852722167969,86.33218383789062,108.65143585205078,7.194502830505371,96.70890808105469,138.40135192871094,70.0424575805664
2022-11-08,115.15164947509766,786.1691284179688,150.71653747558594,105.30543518066406,88.42176055908203,108.80481719970703,6.89528751373291,96.14608001708984,136.90310668945312,70.52782440185547
2022-11-09,115.7525863647461,799.9580078125,153.4002227783203,105.43572235107422,88.60172271728516,109.28414154052734,6.9410271644592285,92.54885864257812,135.40484619140625,71.3492202758789
2022-11-10,113.57992553710938,776.376953125,160.15731811523438,105.28681945800781,85.94226837158203,107.55859375,6.8400187492370605,91.0561294555664,135.59213256835938,71.61056518554688
2022-11-11,103.77978515625,713.427490234375,158.2404022216797,105.15653991699219,89.29157257080078,106.21652221679688,6.754255771636963,85.52570343017578,131.28463745117188,69.5197525024414
2022-11-14,104.24205017089844,725.6177368164062,168.8791961669922,105.02626037597656,91.58109283447266,104.81690979003906,6.950556755065918,86.25984191894531,132.6892547607422,69.63175201416016
2022-11-15,107.43171691894531,738.0077514648438,172.61715698242188,106.44076538085938,91.09120178222656,107.07928466796875,7.120175361633301,88.41327667236328,134.9366455078125,70.75184631347656
2022-11-16,110.2515869140625,769.1828002929688,172.90469360351562,106.32909393310547,87.2020034790039,107.61612701416016,7.274547576904297,91.20295715332031,136.80946350097656,70.67716217041016
2022-11-17,108.54117584228516,773.779052734375,168.39999389648438,105.21238708496094,86.5821304321289,107.69280242919922,7.051565170288086,91.30084228515625,137.09036254882812,70.67716217041016
2022-11-18,108.1713638305664,769.5824584960938,173.0484619140625,106.6827163696289,85.47236633300781,109.99352264404297,7.064906597137451,91.47212982177734,136.99673461914062,70.71450805664062
2022-11-21,109.88175201416016,781.3729858398438,178.5116424560547,106.254638671875,84.79249572753906,109.99352264404297,7.042036056518555,91.76578521728516,138.8695526123047,71.42388153076172
2022-11-22,111.5921630859375,797.5599975585938,191.06736755371094,106.16158294677734,85.27240753173828,110.77960968017578,7.194502830505371,93.79685974121094,141.67877197265625,73.14134216308594
2022-11-23,112.56294250488281,797.3601684570312,185.70004272460938,105.8637924194336,88.39176177978516,111.56568145751953,7.17544412612915,93.55215454101562,140.46145629882812,72.99198913574219
2022-11-24,113.02519226074219,797.1602783203125,187.52108764648438,105.39849853515625,91.03121185302734,111.62319946289062,7.230713367462158,92.98933410644531,141.02330017089844,73.70138549804688
2022-11-25,113.53369903564453,806.153076171875,188.67124938964844,105.91963195800781,90.83124542236328,112.3709487915039,7.297416687011719,94.99593353271484,143.1770477294922,74.44811248779297
2022-11-28,113.16388702392578,810.94921875,184.26235961914062,99.90802764892578,88.60172271728516,110.53036499023438,7.358404159545898,94.40863800048828,140.46145629882812,74.6347885131836
2022-11-29,112.65538024902344,809.7503051757812,185.4125213623047,101.60169982910156,89.10161590576172,111.68072509765625,7.432731628417969,94.43311309814453,141.5851593017578,74.67212677001953
2022-11-30,112.9327392578125,821.9403076171875,186.32302856445312,101.62030792236328,90.90123748779297,112.56266784667969,7.303134918212891,94.9469985961914,141.5851593017578,75.49351501464844
2022-12-01,112.74783325195312,814.3464965820312,183.351806640625,102.49506378173828,86.91206359863281,111.71907043457031,7.327910423278809,95.55876922607422,141.7724151611328,75.4188461303711
2022-12-02,112.70161437988281,812.5479125976562,187.85655212402344,103.27676391601562,90.23137664794922,112.31342315673828,7.383180141448975,96.75784301757812,144.3007354736328,75.75486755371094
2022-12-05,113.16388702392578,815.3457641601562,184.4061279296875,102.66255950927734,90.57129669189453,111.7765884399414,7.320287704467773,96.70890808105469,143.92617797851562,75.49351501464844
2022-12-06,114.65165710449219,825.337646484375,186.5147247314453,103.14646911621094,93.47071075439453,111.2972640991211,7.375556468963623,97.3696060180664,145.51806640625,76.01622772216797
2022-12-07,112.04804229736328,822.5398559570312,184.50196838378906,100.87583923339844,90.51132202148438,111.14389038085938,7.364121913909912,97.81008911132812,144.3007354736328,75.60552978515625
2022-12-08,114.14022827148438,830.7333984375,188.91085815429688,102.49506378173828,91.37114715576172,111.94914245605469,7.38889741897583,98.5442123413086,146.36083984375,76.53892517089844
2022-12-09,111.58312225341797,824.93798828125,188.38369750976562,103.89094543457031,94.03059387207031,112.33259582519531,7.2669243812561035,97.4185562133789,146.17356872558594,76.87495422363281
2022-12-12,112.9779052734375,830.333740234375,190.6360626220703,104.31900787353516,92.82083892822266,112.25590515136719,7.3050408363342285,97.71220397949219,146.17356872558594,76.24024200439453
2022-12-13,109.86287689208984,820.3416137695312,188.62330627441406,105.60323333740234,90.59130096435547,113.21453094482422,7.34506368637085,96.61102294921875,144.3007354736328,76.31491088867188
2022-12-14,111.2576675415039,833.5311889648438,189.43800354003906,105.15653991699219,90.27137756347656,113.27206420898438,7.373651027679443,97.88349914550781,146.4544677734375,75.82953643798828
2022-12-15,111.30416107177734,836.7286376953125,191.2111358642578,102.9975814819336,89.11161041259766,111.12471008300781,7.375556468963623,99.25386810302734,147.95272827148438,75.82953643798828
2022-12-16,111.1181869506836,840.1257934570312,193.03219604492188,102.3461685180664,87.3119888305664,111.02884674072266,7.402238368988037,99.57199096679688,147.6717987060547,76.16556549072266
2022-12-19,111.21117401123047,843.1234130859375,178.03240966796875,103.23954010009766,88.8216552734375,111.75741577148438,7.293605327606201,99.54751586914062,150.0128173828125,76.12823486328125
2022-12-20,111.1181869506836,850.5175170898438,173.09640502929688,103.36981201171875,88.41175842285156,112.06417083740234,7.432731628417969,99.79222869873047,150.57467651367188,76.12823486328125
2022-12-21,112.79193878173828,859.7101440429688,179.03878784179688,105.43572235107422,91.10120391845703,114.594970703125,7.592820644378662,100.23271179199219,151.88563537597656,77.6216812133789
2022-12-22,112.04804229736328,860.9091186523438,183.2559814453125,104.07706451416016,91.0811996459961,113.00363159179688,7.541363716125488,100.91789245605469,151.9792938232422,77.28565216064453
2022-12-23,110.28131103515625,854.3143920898438,178.99087524414062,103.9840087890625,91.66107940673828,112.69686889648438,7.695735931396484,99.44964599609375,150.4810333251953,77.0616226196289
2022-12-27,110.79273986816406,854.3143920898438,182.29751586914062,104.98904418945312,91.66107940673828,114.42241668701172,7.775779724121094,101.08918762207031,151.51109313964844,78.18170928955078
2022-12-28,110.09534454345703,866.3048095703125,185.22080993652344,103.8723373413086,92.62088775634766,113.09950256347656,7.739569664001465,101.18707275390625,150.38739013671875,77.95768737792969
2022-12-29,111.02520751953125,861.308837890625,185.46041870117188,104.24456787109375,92.43092346191406,113.1378402709961,7.794838905334473,101.1136703491211,149.91920471191406,78.33106231689453
2022-12-30,110.93221282958984,855.3136596679688,178.31996154785156,103.31398010253906,93.1807632446289,112.08334350585938,7.680489540100098,100.50189208984375,148.1400146484375,77.58434295654297
2023-01-02,111.58312225341797,855.3136596679688,188.76707458496094,105.95685577392578,93.1807632446289,113.63633728027344,7.903470039367676,101.87224578857422,151.04290771484375,78.10704803466797
2023-01-03,107.9101791381836,861.5086669921875,192.16958618164062,106.58966064453125,98.88959503173828,113.11866760253906,7.85391902923584,101.89672088623047,147.8590850830078,77.80835723876953
2023-01-04,105.95747375488281,849.3184204101562,190.73190307617188,107.37134552001953,101.37907409667969,114.07730865478516,7.709076404571533,98.8868179321289,142.8961181640625,77.58434295654297
2023-01-05,105.53903198242188,846.9202880859375,193.703125,107.20384216308594,102.6388168334961,113.88558197021484,7.667147636413574,101.13813018798828,141.21058654785156,77.28565216064453
2023-01-06,107.81718444824219,857.1121826171875,200.69979858398438,108.4508285522461,102.87877655029297,117.33666229248047,7.7662506103515625,101.13813018798828,143.36431884765625,78.77908325195312
2023-01-09,106.56187438964844,834.5302734375,204.1502227783203,109.34420013427734,103.73858642578125,117.08740997314453,7.697641372680664,102.67979431152344,142.24063110351562,73.73871612548828
2023-01-10,107.49173736572266,838.7269897460938,202.80841064453125,107.11077880859375,100.9991455078125,116.79981994628906,7.680489540100098,102.55743408203125,141.67877197265625,73.21601867675781
2023-01-11,105.53903198242188,824.3385009765625,199.54966735839844,105.99407958984375,102.55883026123047,118.00769805908203,7.670959949493408,100.50189208984375,139.24412536621094,72.20794677734375
2023-01-12,105.8644790649414,832.531982421875,204.1502227783203,108.17166137695312,103.9785385131836,120.05916595458984,7.823426246643066,100.9423599243164,140.46145629882812,71.90925598144531
2023-01-13,104.93462371826172,832.1321411132812,201.3707275390625,108.7300033569336,108.73755645751953,121.3053970336914,7.838672161102295,100.40399932861328,142.4279327392578,72.39461517333984
2023-01-16,107.53823852539062,830.9332275390625,206.9297332763672,107.31551361083984,107.13788604736328,121.45877075195312,7.85391902923584,101.89672088623047,142.4279327392578,72.61864471435547
2023-01-17,108.74705505371094,837.727783203125,212.1053924560547,108.24610137939453,108.51760864257812,122.68582916259766,8.238896369934082,103.82992553710938,144.76895141601562,73.17867279052734
2023-01-18,108.00315856933594,836.7286376953125,211.7220001220703,110.31201934814453,108.23766326904297,123.95122528076172,8.275108337402344,104.0501708984375,147.20358276367188,73.70138549804688
2023-01-19,109.72340393066406,842.7238159179688,213.9264373779297,108.80445861816406,105.05831909179688,121.95726776123047,8.431385040283203,104.80876159667969,148.88914489746094,73.32801055908203
2023-01-20,111.81558227539062,852.5158081054688,214.69320678710938,110.6656265258789,106.57799530029297,124.06625366210938,8.490466117858887,105.22476196289062,154.03939819335938,74.41077423095703
2023-01-23,112.9779052734375,851.3168334960938,213.15966796875,110.94480895996094,108.17766571044922,125.94517517089844,8.783964157104492,104.0990982055664,155.1630859375,74.44811248779297
2023-01-24,114.27970886230469,858.3112182617188,213.83059692382812,112.39653015136719,111.37701416015625,125.84931182861328,8.776339530944824,104.22145080566406,148.6082305908203,74.70946502685547
2023-01-25,112.6989517211914,844.3224487304688,211.7220001220703,111.80094909667969,111.69695281982422,124.90985107421875,9.001228332519531,104.24591827392578,146.36083984375,74.29875946044922
2023-01-26,114.5121841430664,856.912353515625,218.0477752685547,112.5454330444336,113.45659637451172,126.53952026367188,9.117484092712402,105.32264709472656,147.39088439941406,74.18675231933594
2023-01-27,112.79193878173828,850.7173461914062,218.7187042236328,108.52527618408203,110.17725372314453,126.73125457763672,9.09842586517334,104.61299133300781,145.8926239013672,74.44811248779297
2023-01-30,114.55867004394531,855.11376953125,217.76023864746094,107.50161743164062,109.09748840332031,126.3478012084961,9.163223266601562,104.8332290649414,146.36083984375,74.29875946044922
2023-01-31,112.88491821289062,856.1129760742188,205.1086883544922,106.86882781982422,105.71818542480469,126.3478012084961,9.008851051330566,104.5151138305664,146.7353973388672,73.9253921508789
2023-02-01,113.67530822753906,853.315185546875,210.28431701660156,107.98553466796875,105.15829467773438,125.96434783935547,9.147977828979492,105.49394989013672,147.01634216308594,73.29067993164062
2023-02-02,109.90936279296875,829.33447265625,216.610107421875,109.58615112304688,108.71756744384766,127.15306854248047,9.119389533996582,104.5151138305664,145.70535278320312,73.17867279052734
2023-02-03,110.60676574707031,844.5223388671875,218.0477752685547,108.99057006835938,109.05750274658203,126.92298889160156,9.048873901367188,105.32264709472656,146.64175415039062,72.76797485351562
2023-02-06,110.65325164794922,838.5271606445312,217.08934020996094,107.70635986328125,108.05770111083984,125.35082244873047,9.035533905029297,105.39606475830078,145.8926239013672,72.61864471435547
2023-02-07,108.74705505371094,836.328857421875,216.32257080078125,104.50514221191406,107.9377212524414,124.04708862304688,9.027909278869629,105.22476196289062,141.7724151611328,71.61056518554688
2023-02-08,110.46728515625,838.5271606445312,216.2267303466797,105.43572235107422,109.19746398925781,124.79480743408203,9.180376052856445,106.6196060180664,142.80247497558594,72.95466613769531
2023-02-09,110.65325164794922,842.5238647460938,216.4184112548828,105.77073669433594,108.69757080078125,125.48503112792969,9.304255485534668,105.2002944946289,143.83253479003906,72.99198913574219
2023-02-10,113.44283294677734,849.11865234375,222.07327270507812,105.84517669677734,107.45782470703125,124.60308837890625,9.393828392028809,117.65596008300781,145.42442321777344,71.05052947998047
2023-02-13,116.232421875,862.9075317382812,224.85279846191406,107.57608032226562,109.43741607666016,127.07636260986328,9.55296516418457,126.31865692138672,148.32728576660156,74.59744262695312
2023-02-14,118.51056671142578,864.7061157226562,226.86553955078125,107.9297103881836,108.33763885498047,124.3921890258789,9.62919807434082,125.0951156616211,149.5446014404297,77.39765167236328
2023-02-15,119.48692321777344,877.8954467773438,230.69932556152344,110.79591369628906,111.97689056396484,126.84632110595703,9.73401927947998,126.80807495117188,151.04290771484375,78.14437866210938
2023-02-16,119.76588439941406,887.2880859375,237.79190063476562,116.26777648925781,113.77651977539062,128.5526580810547,9.9531888961792,130.67446899414062,152.8220672607422,79.3391342163086
2023-02-17,120.6027603149414,893.083251953125,239.22955322265625,116.93780517578125,112.4367904663086,131.198486328125,9.962718963623047,129.4019775390625,153.57119750976562,80.3845443725586
2023-02-20,120.04484558105469,888.6868286132812,238.6544952392578,114.31352996826172,111.77693176269531,129.20452880859375,9.748312950134277,130.03823852539062,153.00933837890625,81.2059326171875
2023-02-21,122.74143981933594,906.0729370117188,246.51382446289062,114.294921875,109.95731353759766,128.80191040039062,9.972248077392578,136.10702514648438,156.84861755371094,80.98191833496094
2023-02-22,122.9273910522461,901.2766723632812,236.45004272460938,114.25770568847656,107.59779357910156,128.5910186767578,9.857897758483887,136.44960021972656,154.97579956054688,80.01118469238281
2023-02-23,122.13704681396484,901.076904296875,235.2040557861328,115.80248260498047,133.07254028320312,129.26205444335938,9.9531888961792,139.53292846679688,154.69488525390625,80.72056579589844
2023-02-24,124.18272399902344,917.0640258789062,234.72483825683594,113.47601318359375,136.01190185546875,127.78575134277344,9.977012634277344,143.9866485595703,155.25672912597656,81.31795501708984
2023-02-27,124.36869812011719,911.8681640625,233.76638793945312,115.0580062866211,144.9700927734375,129.31956481933594,10.124714851379395,145.6995849609375,154.41395568847656,81.4299545288086
2023-02-28,122.9273910522461,897.2799682617188,230.60350036621094,115.41162872314453,144.91009521484375,128.41844177246094,10.115184783935547,147.9019775390625,152.35386657714844,80.6832275390625
2023-03-01,124.32217407226562,903.8746948242188,235.9708251953125,113.82962799072266,148.38937377929688,128.41844177246094,10.119948387145996,148.34242248535156,151.9792938232422,80.86991119384766
2023-03-02,123.95024871826172,918.8626708984375,236.2583770751953,114.36937713623047,148.12942504882812,128.2458953857422,10.200946807861328,148.04879760742188,154.41395568847656,81.05658721923828
2023-03-03,123.4853286743164,907.2718505859375,238.27113342285156,115.54191589355469,149.60911560058594,129.62632751464844,10.28670883178711,150.3979949951172,153.57119750976562,80.98191833496094
2023-03-06,122.322998046875,911.8681640625,246.51382446289062,115.29995727539062,152.74847412109375,130.16317749023438,10.39153003692627,152.4046173095703,152.72842407226562,80.19786071777344
2023-03-07,123.34581756591797,910.6691284179688,244.98028564453125,115.41162872314453,153.1483917236328,130.16317749023438,10.372472763061523,153.7749786376953,152.8220672607422,79.93650817871094
2023-03-08,118.88253021240234,914.4661865234375,247.2805633544922,115.37442016601562,156.82762145996094,128.8785858154297,10.253357887268066,152.35568237304688,149.5446014404297,79.26445007324219
2023-03-09,122.27649688720703,934.4501342773438,246.32211303710938,115.85832214355469,158.00738525390625,130.29734802246094,10.215240478515625,153.1387481689453,167.80459594726562,78.89109802246094
2023-03-10,122.9273910522461,929.0545043945312,242.77584838867188,113.17822265625,150.06903076171875,127.91996765136719,10.505878448486328,150.05540466308594,167.0554656982422,78.55508422851562
2023-03-13,118.60356140136719,907.2718505859375,236.06666564941406,109.95838928222656,144.9700927734375,123.28018188476562,10.515408515930176,148.04879760742188,162.4670867919922,76.31491088867188
2023-03-14,123.11336517333984,937.2479248046875,246.99302673339844,113.69934844970703,155.16795349121094,127.63236236572266,10.825105667114258,153.628173828125,166.1190643310547,79.30179595947266
2023-03-15,118.78953552246094,910.8690185546875,234.5331573486328,108.22748565673828,144.11024475097656,121.88056945800781,10.086597442626953,146.62948608398438,164.05897521972656,77.5469970703125
2023-03-16,120.09132385253906,916.06494140625,236.73760986328125,111.00064086914062,146.2698211669922,125.50420379638672,10.243827819824219,147.118896484375,167.24278259277344,77.58434295654297
2023-03-17,118.55706024169922,904.8738403320312,227.24893188476562,108.6369400024414,140.27105712890625,123.06928253173828,9.943659782409668,142.46945190429688,164.05897521972656,76.2029037475586
2023-03-20,122.9738998413086,931.65234375,239.51710510253906,110.36784362792969,140.95091247558594,124.98654174804688,10.038951873779297,144.378173828125,166.8682098388672,77.88302612304688
2023-03-21,124.50816345214844,945.6411743164062,246.41795349121094,113.15960693359375,149.9690399169922,128.5910186767578,10.334355354309082,147.75514221191406,166.96185302734375,79.00309753417969
2023-03-22,125.71698760986328,957.2318725585938,245.267822265625,112.60124969482422,149.189208984375,129.26205444335938,10.510644912719727,148.1956329345703,172.01844787597656,78.853759765625
2023-03-23,126.78633117675781,974.21826171875,250.25177001953125,111.61483001708984,147.30960083007812,129.1278533935547,10.534466743469238,150.2022247314453,171.1757049560547,79.0777816772461
2023-03-24,125.6240005493164,972.2198486328125,252.0727996826172,109.25113677978516,143.51039123535156,127.78575134277344,10.167594909667969,151.42578125,170.33291625976562,77.69634246826172
2023-03-27,126.97229766845703,980.6132202148438,260.3155517578125,110.81452941894531,144.31021118164062,129.5496368408203,10.458233833312988,153.08978271484375,170.4265594482422,79.45113372802734
2023-03-28,127.15826416015625,987.2078247070312,262.04071044921875,110.4795150756836,145.3100128173828,129.45376586914062,10.35817813873291,154.01968383789062,170.61386108398438,79.00309753417969
2023-03-29,127.71617889404297,985.6091918945312,261.082275390625,112.5082015991211,147.96945190429688,131.77366638183594,10.410589218139648,154.01968383789062,172.29937744140625,79.30179595947266
2023-03-30,126.92579650878906,974.4180908203125,260.4113464355469,113.75518798828125,150.16900634765625,131.2943572998047,10.362942695617676,154.55804443359375,170.5202178955078,79.26445007324219
2023-03-31,126.78633117675781,981.8121337890625,262.232421875,114.7229995727539,148.9892578125,130.8917236328125,10.310532569885254,154.41123962402344,170.98841857910156,78.92843627929688
2023-04-03,126.87931060791016,989.60595703125,264.24517822265625,116.50972747802734,149.6190948486328,129.8755645751953,10.439175605773926,153.82391357421875,170.4265594482422,80.3845443725586
2023-04-04,127.01879119873047,989.60595703125,266.4496154785156,116.73307800292969,145.46998596191406,130.06727600097656,10.529704093933105,158.08184814453125,171.55023193359375,80.12318420410156
2023-04-05,127.06526947021484,994.2022094726562,247.47225952148438,115.74664306640625,143.7203369140625,129.1278533935547,10.472528457641602,156.8093719482422,172.1121063232422,80.57122039794922
2023-04-06,130.45925903320312,1011.1885375976562,248.52651977539062,117.42170715332031,147.9194793701172,130.7766876220703,10.758402824401855,155.649658203125,174.8276824951172,80.57122039794922
2023-04-11,130.45925903320312,1012.6873168945312,249.10159301757812,117.25420379638672,147.11962890625,131.3326873779297,10.872751235961914,157.77169799804688,174.54676818847656,81.6913070678711
2023-04-12,130.97068786621094,1025.17724609375,252.16868591308594,117.4775390625,147.56954956054688,131.77366638183594,10.820341110229492,159.7456817626953,173.32943725585938,82.3260269165039
2023-04-13,131.11016845703125,1016.1845703125,254.37307739257812,117.17975616455078,149.11923217773438,132.31051635742188,11.168155670166016,159.15350341796875,172.9548797607422,82.51270294189453
2023-04-14,131.0171661376953,1015.1854858398438,256.09832763671875,117.51476287841797,149.71910095214844,131.23683166503906,11.220564842224121,153.52761840820312,171.3629913330078,83.63276672363281
2023-04-17,131.52859497070312,1026.1766357421875,255.90660095214844,119.18983459472656,150.96884155273438,134.1127166748047,11.225329399108887,156.04446411132812,171.92481994628906,85.12620544433594
2023-04-18,131.48211669921875,1026.1766357421875,258.6861267089844,119.41316986083984,155.81785583496094,135.83827209472656,11.020452499389648,153.5769805908203,170.33291625976562,84.9021987915039
2023-04-19,131.8075408935547,1019.1821899414062,258.9736633300781,119.59928894042969,155.31796264648438,136.47097778320312,10.887045860290527,152.49124145507812,170.23928833007812,86.35830688476562
2023-04-20,132.59793090820312,1019.8477172851562,259.16534423828125,120.3065414428711,154.968017578125,136.87359619140625,10.872751235961914,151.20814514160156,170.80111694335938,85.46224212646484
2023-04-21,132.08653259277344,1017.3493041992188,259.452880859375,118.48257446289062,154.31817626953125,136.5668487548828,10.772696495056152,148.1977996826172,168.2728271484375,86.76900482177734
2023-04-24,131.24964904785156,1021.3467407226562,262.5199279785156,119.33872985839844,153.5683135986328,136.5284881591797,10.57258415222168,149.67828369140625,166.68093872070312,88.15044403076172
2023-04-25,130.64524841308594,1031.34033203125,265.58697509765625,118.82904815673828,152.8684539794922,136.18336486816406,10.386765480041504,147.26016235351562,164.80810546875,87.70240783691406
2023-04-26,127.57669830322266,1007.355712890625,251.88111877441406,117.11126708984375,151.9186553955078,133.978515625,10.272415161132812,147.753662109375,164.80810546875,86.76900482177734
2023-04-27,128.73902893066406,1013.8514404296875,256.2900085449219,118.48926544189453,151.9686279296875,134.30445861816406,10.348648071289062,145.77964782714844,165.83816528320312,89.53187561035156
2023-04-28,128.69252014160156,1013.351806640625,254.4689483642578,119.99940490722656,152.1186065673828,135.10972595214844,10.296238899230957,142.029052734375,166.0254364013672,89.19585418701172
2023-05-02,128.7855224609375,1014.3511962890625,254.56478881835938,118.31937408447266,150.4689483642578,133.11575317382812,10.158064842224121,143.70697021484375,165.2762908935547,89.41987609863281
2023-05-03,129.9943389892578,1018.8482666015625,257.24847412109375,117.41329956054688,151.86865234375,133.80596923828125,10.43441104888916,148.1977996826172,166.68093872070312,90.31593322753906
2023-05-04,127.15826416015625,992.5652465820312,250.82684326171875,115.24246978759766,149.16920471191406,131.6202850341797,9.829309463500977,145.77964782714844,161.53067016601562,88.85982513427734
2023-05-05,126.78633117675781,989.5670166015625,255.33154296875,115.33685302734375,151.11880493164062,132.0037384033203,9.9531888961792,146.71730041503906,159.564208984375,88.44914245605469
2023-05-08,127.06526947021484,989.5670166015625,253.98973083496094,114.44965362548828,151.11880493164062,131.75450134277344,9.9531888961792,145.3355255126953,158.81509399414062,90.35327911376953
2023-05-09,128.5065460205078,991.1659545898438,252.5520477294922,114.7894287109375,151.6186981201172,131.81201171875,9.972248077392578,146.12510681152344,159.65786743164062,88.67315673828125
2023-05-10,127.9951400756836,993.164794921875,256.6443176269531,114.86493682861328,156.2677459716797,133.2307891845703,10.167594909667969,144.84202575683594,158.2532196044922,89.307861328125
2023-05-11,126.55386352539062,981.372314453125,252.6494598388672,114.50627899169922,145.86990356445312,133.71009826660156,10.134243965148926,143.21347045898438,158.81509399414062,85.68627166748047
2023-05-12,128.7855224609375,987.3685302734375,259.9571228027344,115.90315246582031,148.2694091796875,134.20858764648438,10.54399585723877,147.062744140625,159.47056579589844,90.28685760498047
2023-05-15,129.38990783691406,980.173095703125,260.2494201660156,116.14855194091797,145.070068359375,133.86349487304688,10.534466743469238,148.2965087890625,160.21971130371094,90.28685760498047
2023-05-16,129.6688690185547,984.5702514648438,258.1058349609375,119.14994812011719,148.11941528320312,136.50929260253906,10.601171493530273,149.7276611328125,161.71795654296875,90.51689910888672
2023-05-17,130.27328491210938,985.76953125,254.98793029785156,120.99986267089844,152.81846618652344,137.90892028808594,10.76793098449707,152.9847412109375,164.5271759033203,90.51689910888672
2023-05-18,130.45925903320312,991.3659057617188,256.4494934082031,121.56617736816406,155.5178985595703,137.27621459960938,10.786989212036133,152.9847412109375,164.90174865722656,90.51689910888672
2023-05-19,129.38990783691406,984.9699096679688,254.89051818847656,121.9814682006836,155.96780395507812,137.2187042236328,10.7059907913208,147.6549835205078,163.5680389404297,91.8587417602539
2023-05-22,130.13381958007812,987.3685302734375,256.4494934082031,120.99986267089844,157.26754760742188,137.42959594726562,10.807310104370117,148.49391174316406,164.90174865722656,91.62871551513672
2023-05-23,126.86416625976562,962.9840698242188,246.9008026123047,119.18769836425781,153.1683807373047,134.09356689453125,10.633622169494629,144.15110778808594,159.2811737060547,88.56163787841797
2023-05-24,126.34441375732422,950.1922607421875,242.4187774658203,116.84699249267578,146.8197021484375,130.93008422851562,10.102906227111816,142.32516479492188,154.9943084716797,87.21979522705078
2023-05-25,125.58843231201172,946.79443359375,241.3470001220703,117.5454330444336,148.76930236816406,131.46690368652344,10.122204780578613,142.1771240234375,155.3753662109375,86.68305969238281
2023-05-26,126.67515563964844,949.7925415039062,241.15213012695312,118.62139892578125,149.01925659179688,133.30746459960938,10.237996101379395,145.28616333007812,156.7090606689453,86.56803894042969
2023-05-29,126.76966094970703,949.7925415039062,241.24957275390625,118.24386596679688,149.01925659179688,133.42250061035156,10.266945838928223,147.6549835205078,157.56643676757812,86.56803894042969
2023-05-30,125.02145385742188,941.7976684570312,238.9111328125,117.4510498046875,144.3701934814453,133.354736328125,10.088430404663086,145.0394287109375,154.80377197265625,86.03131103515625
2023-05-31,123.1314926147461,927.606689453125,230.33682250976562,115.65776062011719,143.2704315185547,131.1089324951172,9.67833137512207,145.77964782714844,150.70742797851562,85.2261962890625
2023-06-01,125.68292999267578,944.196044921875,232.87013244628906,118.86680603027344,146.36978149414062,133.10305786132812,9.967813491821289,147.2108154296875,154.9943084716797,86.9130859375
2023-06-02,125.68292999267578,941.7976684570312,233.94192504882812,121.16976928710938,149.9690399169922,134.5937957763672,10.049833297729492,147.2108154296875,156.7090606689453,86.87474822998047
2023-06-05,124.78519439697266,934.2024536132812,230.33682250976562,119.60299682617188,147.2696075439453,132.85137939453125,9.938865661621094,145.0394287109375,154.9943084716797,87.06643676757812
2023-06-06,124.0291976928711,939.3991088867188,229.1676025390625,120.28256225585938,148.0194549560547,132.56097412109375,9.871319770812988,145.0394287109375,155.4706268310547,86.9897689819336
2023-06-07,121.61949920654297,930.0052490234375,230.4342498779297,119.33872985839844,150.1190185546875,131.031494140625,9.65903377532959,140.6472625732422,152.80323791503906,85.37955474853516
2023-06-08,122.37548065185547,938.1998901367188,230.33682250976562,119.43310546875,149.41917419433594,131.1089324951172,9.823073387145996,143.46023559570312,154.9943084716797,87.986572265625
2023-06-09,123.27322387695312,939.3991088867188,234.33168029785156,121.20751953125,149.2191925048828,132.27056884765625,9.948515892028809,144.20046997070312,158.32855224609375,88.56163787841797
2023-06-12,124.17094421386719,948.1935424804688,242.71112060546875,122.17023468017578,150.1190185546875,134.0710906982422,10.020886421203613,145.18746948242188,160.90065002441406,90.24852752685547
2023-06-13,126.01367950439453,953.1903076171875,241.5418701171875,122.73652648925781,150.86886596679688,134.82614135742188,10.117379188537598,144.84202575683594,163.18699645996094,90.86194610595703
2023-06-14,124.59620666503906,949.7925415039062,239.00856018066406,122.24574279785156,150.71890258789062,134.0130157470703,9.938865661621094,142.1771240234375,161.56752014160156,89.78845977783203
2023-06-15,125.0687026977539,955.3889770507812,241.3470001220703,122.60438537597656,150.01902770996094,133.99363708496094,9.938865661621094,143.5589141845703,160.71014404296875,90.2101821899414
2023-06-16,127.85641479492188,967.7810668945312,253.23406982421875,123.8125,151.16879272460938,135.96841430664062,10.131853103637695,147.35885620117188,164.42543029785156,92.39547729492188
2023-06-19,126.76966094970703,949.7925415039062,253.42898559570312,124.09565734863281,153.7682647705078,138.33038330078125,10.213872909545898,147.60562133789062,164.23489379882812,92.24211883544922
2023-06-20,128.28163146972656,957.1876831054688,251.57769775390625,124.6053237915039,156.9676055908203,138.4658966064453,10.24764633178711,151.50424194335938,166.99755859375,94.04403686523438
2023-06-21,128.80137634277344,959.9860229492188,252.06488037109375,122.49113464355469,157.5175018310547,137.16876220703125,10.242820739746094,150.0237579345703,169.18862915039062,93.85234069824219
2023-06-22,127.57289123535156,941.7976684570312,249.92129516601562,120.47132873535156,156.01780700683594,135.58119201660156,10.276593208312988,146.0757598876953,166.71176147460938,93.04723358154297
2023-06-23,127.24217224121094,937.2005615234375,249.33668518066406,119.62187194824219,154.6180877685547,135.0197296142578,10.3007173538208,146.0757598876953,169.7602081298828,93.39228057861328
2023-06-26,123.9346923828125,917.8129272460938,238.9111328125,120.4902114868164,154.76805114746094,134.70997619628906,9.818248748779297,139.51222229003906,163.66331481933594,90.67024993896484
2023-06-27,124.54896545410156,917.8129272460938,236.5726776123047,121.67943572998047,155.4179229736328,135.15525817871094,9.8037748336792,139.85768127441406,167.473876953125,90.82361602783203
2023-06-28,126.53340911865234,924.0089721679688,242.71112060546875,123.13294219970703,155.76785278320312,136.897705078125,9.938865661621094,142.2758026123047,171.76075744628906,92.0504379272461
2023-06-29,127.90364837646484,919.61181640625,243.49057006835938,123.32171630859375,148.66932678222656,137.71084594726562,10.064308166503906,142.5225830078125,174.14234924316406,93.16224670410156
2023-06-30,129.65187072753906,926.407470703125,244.36749267578125,124.92623138427734,151.0188446044922,138.87246704101562,10.030534744262695,143.9043731689453,174.7139129638672,93.58396911621094
2023-07-03,128.89588928222656,917.4131469726562,245.43927001953125,125.17163848876953,153.5683135986328,137.22683715820312,10.073956489562988,146.51991271972656,172.1417999267578,92.77886962890625
2023-07-04,127.14766693115234,908.4190063476562,245.8290252685547,123.94465637207031,152.2185821533203,135.5618438720703,9.977463722229004,139.80831909179688,171.284423828125,91.01530456542969
2023-07-05,128.09263610839844,910.2178344726562,242.80853271484375,125.45478057861328,150.96884155273438,135.1746368408203,10.155976295471191,142.07843017578125,174.3328857421875,91.09197235107422
2023-07-06,124.40718841552734,897.6259155273438,235.2085723876953,122.2079849243164,145.17002868652344,130.2764434814453,10.020886421203613,141.38751220703125,170.61758422851562,90.70858764648438
2023-07-07,124.64344024658203,887.6322631835938,235.98806762695312,123.73699951171875,148.46934509277344,130.5281219482422,10.271769523620605,141.7329864501953,171.47496032714844,89.13671112060547
2023-07-10,124.31269836425781,896.4266357421875,242.9059600830078,124.62419891357422,147.86947631835938,132.46417236328125,10.48888111114502,143.06541442871094,171.6654815673828,89.40507507324219
2023-07-11,125.77743530273438,900.8238525390625,244.27005004882812,124.81298065185547,145.61993408203125,131.86398315429688,10.710816383361816,143.11476135253906,172.99917602539062,90.28685760498047
2023-07-12,129.557373046875,911.616943359375,245.8290252685547,125.9644546508789,148.41937255859375,133.95492553710938,10.86520767211914,144.99005126953125,176.71446228027344,88.40827941894531
2023-07-13,131.0220947265625,912.4164428710938,247.48541259765625,127.04044342041016,149.26918029785156,134.3034210205078,10.903804779052734,144.29916381835938,175.66656494140625,85.07284545898438
2023-07-14,129.88812255859375,917.2133178710938,246.4136199951172,125.5491714477539,145.86990356445312,132.67713928222656,10.898979187011719,139.9070281982422,172.52285766601562,85.99297332763672
2023-07-17,130.5023651123047,917.6130981445312,246.9008026123047,126.02108001708984,146.1198272705078,132.61904907226562,11.17398738861084,140.0057373046875,174.3328857421875,84.34442901611328
2023-07-18,131.06935119628906,915.0147094726562,252.16229248046875,126.51187896728516,146.36978149414062,134.03236389160156,11.41522216796875,142.07843017578125,175.8571014404297,85.53290557861328
2023-07-19,130.9276123046875,925.4081420898438,250.31101989746094,126.81391143798828,150.91883850097656,134.5550994873047,11.27048110961914,142.47320556640625,174.52337646484375,85.07284545898438
2023-07-20,132.48683166503906,933.602783203125,250.79820251464844,127.04044342041016,154.3681182861328,136.9364471435547,11.304253578186035,148.2965087890625,173.18971252441406,86.37635040283203
2023-07-21,126.15541076660156,926.8071899414062,249.2392578125,126.94605255126953,155.76785278320312,137.18812561035156,11.11126708984375,142.67062377929688,158.423828125,87.18144989013672
2023-07-24,125.02145385742188,919.01220703125,248.55722045898438,128.70159912109375,156.66766357421875,138.50462341308594,11.16916275024414,140.15377807617188,162.52015686035156,85.49456787109375
2023-07-25,124.83245086669922,915.6144409179688,246.8033905029297,125.5491714477539,152.61849975585938,140.18899536132812,11.188461303710938,133.2941436767578,162.52015686035156,84.38275909423828
2023-07-26,124.0291976928711,919.61181640625,246.4136199951172,125.7001724243164,184.9618377685547,140.6149139404297,11.16916275024414,132.84999084472656,162.90121459960938,84.1527328491211
2023-07-27,126.29717254638672,920.8110961914062,247.3879852294922,123.64262390136719,189.56088256835938,142.9768829345703,11.386273384094238,134.92266845703125,166.14016723632812,85.2261962890625
2023-07-28,126.86416625976562,927.606689453125,246.60850524902344,125.92669677734375,193.26011657714844,145.6486358642578,11.463467597961426,135.16941833496094,166.14016723632812,84.4977798461914
2023-07-31,128.47064208984375,930.8046264648438,250.79820251464844,126.45524597167969,184.81185913085938,146.13265991210938,11.883216857910156,136.89666748046875,168.33123779296875,84.22940826416016
2023-08-01,128.75413513183594,932.8034057617188,255.7674102783203,124.3976821899414,185.21177673339844,142.45416259765625,11.989359855651855,137.53822326660156,168.33123779296875,84.07605743408203
2023-08-02,127.85641479492188,992.1653442382812,257.1315002441406,124.35992431640625,183.86207580566406,141.1957244873047,12.119626998901367,137.78497314453125,168.426513671875,85.07284545898438
2023-08-03,126.10816192626953,999.3607788085938,252.35719299316406,123.0951919555664,192.16033935546875,140.01475524902344,12.109977722167969,137.04473876953125,167.28335571289062,83.11758422851562
2023-08-04,127.19490814208984,1008.3550415039062,258.1058349609375,123.45384979248047,206.4573974609375,141.58294677734375,12.457354545593262,138.42652893066406,170.04598999023438,83.462646484375
2023-08-07,128.70687866210938,1022.3460083007812,263.1724853515625,123.75587463378906,209.456787109375,143.0930633544922,12.843331336975098,139.85768127441406,171.3796844482422,83.50098419189453
2023-08-08,129.84085083007812,1025.8438720703125,261.5160827636719,123.17069244384766,207.85708618164062,142.58969116210938,12.877103805541992,138.57456970214844,171.47496032714844,83.99938201904297
2023-08-09,130.2188720703125,1027.3427734375,259.9571228027344,124.284423828125,209.05686950683594,143.28665161132812,12.85297966003418,139.6602783203125,171.76075744628906,85.07284545898438
2023-08-10,129.03762817382812,1021.3467407226562,258.6904602050781,124.62419891357422,207.75714111328125,143.69322204589844,12.877103805541992,137.4888916015625,171.85601806640625,83.30927276611328
2023-08-11,128.1871337890625,1015.8502807617188,253.42898559570312,123.397216796875,207.65713500976562,142.45416259765625,12.722713470458984,137.4888916015625,163.28225708007812,84.0377197265625
2023-08-14,125.9664306640625,1017.3493041992188,258.0083923339844,123.3028335571289,208.9568634033203,142.9381866455078,12.626218795776367,137.24212646484375,164.04437255859375,84.91948699951172
2023-08-15,124.64344024658203,1014.3511962890625,253.1366424560547,121.69831085205078,205.4575958251953,141.54421997070312,12.626218795776367,137.34080505371094,163.09173583984375,84.68946075439453
2023-08-16,123.79296112060547,1001.8592529296875,243.49057006835938,121.45291137695312,204.15785217285156,141.54421997070312,12.418757438659668,136.89666748046875,162.52015686035156,84.30608367919922
2023-08-17,121.8084945678711,955.1890258789062,241.0546875,120.4146957397461,202.35821533203125,140.11155700683594,12.36568546295166,135.66293334960938,160.51962280273438,83.27094268798828
2023-08-18,122.3282241821289,962.7841796875,243.00340270996094,119.58411407470703,201.1584930419922,138.83375549316406,12.380159378051758,135.31748962402344,162.32962036132812,82.42749786376953
2023-08-21,123.60396575927734,959.9860229492188,242.6136474609375,120.92436218261719,201.8583526611328,140.09219360351562,12.476654052734375,137.686279296875,164.615966796875,83.42430114746094
2023-08-22,123.887451171875,970.179443359375,239.39830017089844,121.69831085205078,201.0585174560547,140.88595581054688,12.452528953552246,136.74862670898438,166.04490661621094,83.9610366821289
2023-08-23,125.21043395996094,980.3728637695312,242.22393798828125,122.71766662597656,201.75836181640625,141.97015380859375,12.616569519042969,139.9070281982422,168.23597717285156,84.99617767333984
2023-08-24,125.0687026977539,989.1673583984375,239.00856018066406,122.05697631835938,201.6583709716797,140.59556579589844,12.54419994354248,139.4135284423828,167.0928192138672,84.4977798461914
2023-08-25,125.39945220947266,990.7662963867188,237.0598602294922,122.58552551269531,202.9581298828125,140.4600372314453,12.500777244567871,139.85768127441406,167.0928192138672,85.1111831665039
2023-08-28,126.91140747070312,990.7662963867188,242.4187774658203,124.81298065185547,202.9581298828125,142.95751953125,12.61174488067627,142.62127685546875,170.71282958984375,85.49456787109375
2023-08-29,126.43892669677734,1001.8592529296875,243.49057006835938,125.11500549316406,212.85606384277344,143.5770721435547,12.65034294128418,141.7329864501953,169.37916564941406,83.99938201904297
2023-08-30,126.67515563964844,1001.8592529296875,241.73675537109375,126.32310485839844,216.75526428222656,144.11915588378906,12.78543472290039,143.0160675048828,170.80810546875,84.34442901611328
2023-08-31,127.3839111328125,1006.8560791015625,244.8546600341797,127.77662658691406,222.25411987304688,143.55770874023438,12.848154067993164,142.76931762695312,172.99917602539062,84.4977798461914
2023-09-01,127.80915832519531,1006.8560791015625,241.83416748046875,126.34199523925781,219.05477905273438,141.3893280029297,12.848154067993164,143.5589141845703,172.42758178710938,85.60958099365234
2023-09-04,129.17938232421875,1006.8560791015625,241.24957275390625,126.6440200805664,219.8546142578125,141.40870666503906,12.906050682067871,144.0524139404297,171.47496032714844,86.52970123291016
2023-09-05,129.60462951660156,1009.3543701171875,242.51622009277344,126.56851196289062,219.15476989746094,141.0408477783203,13.181058883666992,144.99005126953125,172.237060546875,92.01209259033203
2023-09-06,129.17938232421875,1013.351806640625,240.3726348876953,126.4175033569336,214.65570068359375,141.36996459960938,13.311326026916504,145.23681640625,171.47496032714844,91.74372100830078
2023-09-07,129.74636840820312,1028.3421630859375,238.4239501953125,128.75820922851562,223.7538299560547,143.7126007080078,13.374045372009277,146.02639770507812,171.6654815673828,93.0855712890625
2023-09-08,131.06935119628906,1026.84326171875,238.32650756835938,127.83324432373047,220.35450744628906,143.79000854492188,13.25825309753418,146.32252502441406,172.99917602539062,92.77886962890625
2023-09-11,131.68359375,1037.8360595703125,245.3418426513672,126.1532211303711,223.55386352539062,145.28077697753906,13.374045372009277,148.6419677734375,173.18971252441406,92.16545104980469
2023-09-12,132.15609741210938,1043.332763671875,248.45977783203125,123.15182495117188,224.35369873046875,144.35147094726562,13.320975303649902,150.22116088867188,172.237060546875,91.55203247070312
2023-09-13,132.15609741210938,1044.33203125,247.58285522460938,123.1895751953125,225.25350952148438,143.75131225585938,13.325799942016602,149.8263702392578,172.42758178710938,89.86514282226562
2023-09-14,130.45509338378906,1051.32763671875,250.21359252929688,123.07630920410156,225.75341796875,145.78414916992188,13.282377243041992,152.49124145507812,171.47496032714844,89.75012969970703
2023-09-15,131.8253173828125,1050.328125,253.81871032714844,123.94465637207031,227.3530731201172,147.54595947265625,13.489838600158691,153.23150634765625,171.85601806640625,90.24852752685547
2023-09-18,131.3055877685547,1054.32568359375,258.2032775878906,122.73652648925781,224.35369873046875,146.84896850585938,13.374045372009277,152.3925323486328,174.80918884277344,89.90348052978516
2023-09-19,131.8726043701172,1058.322998046875,254.01361083984375,122.01921844482422,225.95335388183594,146.88771057128906,13.586332321166992,150.22116088867188,173.66603088378906,89.2517318725586
2023-09-20,129.74636840820312,1044.33203125,251.57769775390625,122.35900115966797,223.65383911132812,147.1781005859375,13.538086891174316,143.8550262451172,172.42758178710938,88.29326629638672
2023-09-21,127.10040283203125,1028.8419189453125,244.4649200439453,118.47039031982422,220.35450744628906,143.30601501464844,13.267903327941895,142.57192993164062,171.57022094726562,86.26133728027344
2023-09-22,125.39945220947266,1010.353759765625,243.97775268554688,116.92249298095703,220.5544891357422,142.4928741455078,13.127985954284668,141.23947143554688,169.7602081298828,86.18465423583984
2023-09-25,125.44670104980469,1009.3543701171875,242.4187774658203,116.05416870117188,219.75465393066406,142.43478393554688,13.147286415100098,137.29148864746094,167.9501953125,85.2261962890625
2023-09-26,125.3521728515625,1014.3511962890625,244.36749267578125,116.63934326171875,219.6546630859375,142.53160095214844,12.997720718383789,136.99539184570312,170.52230834960938,85.1111831665039
2023-09-27,125.87193298339844,1013.351806640625,242.02903747558594,117.03575897216797,218.75485229492188,144.69998168945312,13.19553279876709,137.9330291748047,171.85601806640625,85.60958099365234
2023-09-28,126.24990844726562,1017.8489990234375,245.24441528320312,119.62187194824219,221.45428466796875,145.0678253173828,13.287202835083008,138.62391662597656,171.3796844482422,85.1111831665039
2023-09-29,125.77743530273438,997.1622314453125,237.64447021484375,119.84839630126953,220.8544158935547,143.88682556152344,13.181058883666992,137.39016723632812,169.95071411132812,84.57444763183594
2023-10-02,124.59620666503906,1008.3550415039062,233.35731506347656,118.50814056396484,216.55531311035156,141.602294921875,13.065266609191895,138.03172302246094,167.75965881347656,85.1111831665039
2023-10-03,123.887451171875,1014.3511962890625,231.11630249023438,117.33778381347656,212.0562286376953,140.1696319580078,13.007369041442871,137.73561096191406,168.1407012939453,86.64472198486328
2023-10-04,121.5250015258789,977.3748779296875,227.02403259277344,116.60159301757812,210.75650024414062,139.1628875732422,12.737186431884766,131.41880798339844,163.94911193847656,84.61278533935547
2023-10-05,121.0525131225586,982.571533203125,228.3881072998047,116.58271789550781,210.45655822753906,138.64015197753906,12.621394157409668,133.4421844482422,165.94964599609375,85.1111831665039
2023-10-06,120.95801544189453,979.97314453125,227.8035125732422,117.30003356933594,208.7569122314453,140.1502685546875,12.486303329467773,129.49420166015625,165.1875457763672,83.76934814453125
2023-10-09,126.62789916992188,1024.3447265625,244.0751953125,116.16742706298828,205.15765380859375,141.1957244873047,13.084566116333008,141.23947143554688,172.42758178710938,87.02810668945312
2023-10-10,127.95089721679688,1040.334716796875,248.07003784179688,118.5458984375,212.25621032714844,145.5905303955078,13.263078689575195,141.53555297851562,174.23760986328125,89.32840728759766
2023-10-11,131.35284423828125,1053.326416015625,254.79307556152344,119.2254638671875,213.05604553222656,147.1974639892578,13.460890769958496,142.62127685546875,176.14288330078125,89.52010345458984
2023-10-12,134.9437713623047,1067.8170166015625,261.7109680175781,118.69691467285156,211.7563018798828,147.29428100585938,13.808268547058105,145.6316375732422,178.7150115966797,93.2005844116211
2023-10-13,136.4557342529297,1078.8099365234375,262.1981506347656,115.1103286743164,213.15599060058594,144.31275939941406,13.470540046691895,143.5095672607422,178.52447509765625,92.9705581665039
2023-10-16,135.32176208496094,1076.3114013671875,262.685302734375,116.03529357910156,213.45594787597656,145.6486358642578,13.769671440124512,142.1771240234375,177.8576202392578,92.66384887695312
2023-10-17,134.42404174804688,1074.3128662109375,261.1263427734375,120.15042114257812,215.55551147460938,147.10067749023438,13.890289306640625,142.2758026123047,179.57237243652344,92.35714721679688
2023-10-18,133.76255798339844,1071.8143310546875,260.2494201660156,117.71531677246094,207.75714111328125,144.81614685058594,13.846866607666016,141.38751220703125,177.95289611816406,93.43061828613281
2023-10-19,130.69134521484375,1039.9464111328125,251.67510986328125,116.94137573242188,205.55758666992188,143.7126007080078,13.509138107299805,139.0680694580078,174.80918884277344,91.43701934814453
2023-10-20,130.26609802246094,1060.9351806640625,253.23406982421875,114.44965362548828,198.90895080566406,140.30514526367188,13.378870964050293,137.39016723632812,173.4755096435547,89.59677124023438
2023-10-23,131.6363525390625,1067.431640625,252.25975036621094,115.62000274658203,203.4580078125,141.97015380859375,13.19553279876709,137.686279296875,175.66656494140625,89.98015594482422
2023-10-24,133.809814453125,1076.9267578125,260.1519775390625,118.130615234375,204.35781860351562,143.8674774169922,13.407819747924805,140.15377807617188,179.38185119628906,90.67024993896484
2023-10-25,134.2350616455078,1094.9171142578125,259.85968017578125,118.01734924316406,202.9581298828125,143.73194885253906,13.562209129333496,141.48622131347656,180.81082153320312,91.59037017822266
2023-10-26,134.18780517578125,1095.916748046875,264.0494079589844,119.33872985839844,200.45863342285156,143.015625,13.557385444641113,144.3978729248047,181.38238525390625,90.7469253540039
2023-10-27,133.2900848388672,1083.4232177734375,259.2750549316406,117.94184875488281,200.358642578125,141.97015380859375,13.364398002624512,139.6602783203125,177.38131713867188,93.5456314086914
2023-10-30,133.3373260498047,1102.4130859375,263.1724853515625,119.11219787597656,201.9582977294922,143.3640899658203,13.67800235748291,140.25247192382812,178.33395385742188,88.17825317382812
2023-10-31,131.4945831298828,1103.41259765625,263.46478271484375,119.18769836425781,215.3555450439453,142.31863403320312,13.7358980178833,141.1407470703125,178.6197509765625,87.4114761352539
2023-11-01,130.73861694335938,1116.9053955078125,269.4083251953125,120.75448608398438,220.25454711914062,144.99037170410156,13.957834243774414,144.34852600097656,178.42922973632812,88.63832092285156
2023-11-02,129.88812255859375,1104.9117431640625,264.5365905761719,121.81156921386719,223.55386352539062,147.00387573242188,13.914412498474121,141.58489990234375,174.14234924316406,87.9482192993164
2023-11-03,127.66740417480469,1081.42431640625,263.46478271484375,121.81156921386719,220.8544158935547,145.2614288330078,13.837217330932617,141.97972106933594,172.1417999267578,86.37635040283203
2023-11-06,129.22662353515625,1075.9273681640625,265.4134826660156,121.20751953125,224.05377197265625,145.20335388183594,13.706950187683105,139.6109161376953,173.38023376464844,86.87474822998047
2023-11-07,128.51788330078125,1078.9256591796875,264.9263000488281,121.94371032714844,225.95335388183594,145.39694213867188,13.653878211975098,140.30181884765625,172.3323211669922,87.64151763916016
2023-11-08,129.84085083007812,1082.423828125,267.4596252441406,123.05744171142578,232.35203552246094,147.50723266601562,13.68282699584961,138.96939086914062,174.23760986328125,89.36673736572266
2023-11-09,129.557373046875,1089.4200439453125,265.0237731933594,120.67897033691406,232.75196838378906,148.5914306640625,13.706950187683105,138.4758758544922,174.04708862304688,88.94501495361328
2023-11-10,130.97483825683594,1102.9129638671875,266.5827331542969,121.2641372680664,231.95211791992188,148.1848602294922,14.348633766174316,138.57456970214844,174.23760986328125,88.21659088134766
2023-11-13,133.3373260498047,1107.41064453125,275.2544860839844,122.92530059814453,240.1504364013672,150.1402587890625,14.310036659240723,139.0680694580078,178.42922973632812,88.79166412353516
2023-11-14,130.45509338378906,1072.4293212890625,271.5519104003906,124.24667358398438,238.95068359375,152.11502075195312,13.890289306640625,138.08108520507812,177.66709899902344,90.1718521118164
2023-11-15,129.65187072753906,1067.431640625,273.11090087890625,123.83138275146484,243.54974365234375,152.65711975097656,13.851690292358398,137.4395294189453,177.0955047607422,90.90027618408203
2023-11-16,129.3211212158203,1061.4349365234375,269.7006530761719,124.07678985595703,244.4495391845703,153.93490600585938,13.875815391540527,136.35382080078125,175.38076782226562,89.75012969970703
2023-11-17,130.54959106445312,1054.9383544921875,271.9416809082031,124.83184051513672,243.9496612548828,155.4256591796875,14.1411714553833,137.14341735839844,178.7150115966797,89.48175811767578
2023-11-20,130.73861694335938,1060.4356689453125,271.6493225097656,125.56803131103516,245.4493408203125,155.56118774414062,14.396882057189941,140.74598693847656,179.47711181640625,89.90348052978516
2023-11-21,132.39231872558594,1064.93310546875,281.6851501464844,126.24761199951172,242.94985961914062,155.8128662109375,14.150822639465332,139.4135284423828,180.62030029296875,90.51689910888672
2023-11-22,132.9120635986328,1060.4356689453125,281.5877380371094,126.47413635253906,237.45098876953125,155.75477600097656,13.885464668273926,140.40052795410156,178.6197509765625,90.78527069091797
2023-11-23,132.7703094482422,1071.4296875,276.2287902832031,127.02154541015625,240.65032958984375,155.75477600097656,14.001256942749023,140.40052795410156,178.42922973632812,91.8204116821289
2023-11-24,132.81756591796875,1067.431640625,276.13134765625,127.09706115722656,240.95028686523438,155.87095642089844,14.010906219482422,140.10443115234375,179.38185119628906,91.8587417602539
2023-11-27,129.88812255859375,1048.941650390625,266.9724426269531,126.09659576416016,243.1498260498047,154.67059326171875,13.518787384033203,133.04737854003906,174.7139129638672,90.63191223144531
2023-11-28,130.73861694335938,1049.941162109375,267.0699157714844,127.002685546875,258.2467041015625,156.04518127441406,13.673176765441895,133.88633728027344,176.52395629882812,89.21338653564453
2023-11-29,131.0220947265625,1034.4493408203125,268.1416931152344,127.94650268554688,263.34564208984375,155.0190887451172,13.629755020141602,135.12005615234375,176.23814392089844,89.0600357055664
2023-11-30,129.41563415527344,1049.4412841796875,268.921142578125,128.55056762695312,268.7445373535156,155.87095642089844,13.57668399810791,133.04737854003906,173.7612762451172,89.02169799804688
2023-12-01,131.4945831298828,1058.9364013671875,274.4749755859375,130.32498168945312,276.6429443359375,157.92315673828125,13.832392692565918,135.71229553222656,175.38076782226562,90.70858764648438
2023-12-04,129.08489990234375,1046.4429931640625,276.13134765625,129.3245086669922,285.3410949707031,156.103271484375,13.6345796585083,136.84730529785156,171.284423828125,86.83641052246094
2023-12-05,128.70465087890625,1043.944091796875,276.2287902832031,128.8903350830078,284.6412658691406,155.34820556640625,13.417468070983887,136.64991760253906,173.66603088378906,85.99297332763672
2023-12-06,129.46510314941406,1030.451416015625,275.2544860839844,130.53262329101562,288.5404968261719,158.73629760742188,13.427117347717285,134.083740234375,172.99917602539062,85.18785858154297
2023-12-07,128.79971313476562,1018.4578247070312,270.869873046875,130.58924865722656,286.1409606933594,158.87181091308594,13.103864669799805,131.7642822265625,170.52230834960938,83.50098419189453
2023-12-08,132.0791015625,1041.9454345703125,277.3980407714844,133.8549346923828,289.2403259277344,159.3364715576172,13.364398002624512,134.2317657470703,173.7612762451172,85.41789245605469
2023-12-11,130.6057586669922,1041.9454345703125,276.6185302734375,134.3079833984375,296.8387451171875,160.18832397460938,13.3306245803833,133.39283752441406,172.1417999267578,85.14952087402344
2023-12-12,130.6532745361328,1055.93798828125,279.44415283203125,134.6666259765625,304.63714599609375,162.12435913085938,13.35474681854248,137.4888916015625,170.71282958984375,85.83961486816406
2023-12-13,131.8414764404297,1065.432861328125,282.3672180175781,134.3079833984375,301.73773193359375,160.420654296875,13.92406177520752,139.6109161376953,171.47496032714844,87.18144989013672
2023-12-14,127.89669036865234,1045.443603515625,278.46978759765625,132.1937713623047,299.9380798339844,155.6386260986328,13.928886413574219,139.70962524414062,167.5691375732422,86.64472198486328
2023-12-15,128.2293701171875,1057.43701171875,278.27496337890625,131.68411254882812,290.0401306152344,155.0384521484375,14.261789321899414,141.288818359375,168.23597717285156,87.67985534667969
2023-12-18,128.609619140625,1067.9315185546875,276.0339050292969,131.3632049560547,292.33966064453125,155.61924743652344,14.049504280090332,143.5095672607422,170.14126586914062,88.1399154663086
2023-12-19,128.1343231201172,1064.433349609375,277.69036865234375,132.02389526367188,294.9391174316406,155.07717895507812,14.189419746398926,144.20046997070312,170.4270477294922,88.83000946044922
2023-12-20,127.2313003540039,1086.4217529296875,277.105712890625,130.13621520996094,298.8383483886719,153.0636749267578,14.107399940490723,147.30950927734375,171.284423828125,89.09837341308594
2023-12-21,128.27691650390625,1092.918212890625,278.8595886230469,130.7402801513672,299.7381286621094,154.24465942382812,14.170121192932129,148.1977996826172,171.85601806640625,88.56163787841797
2023-12-22,127.75409698486328,1089.4200439453125,277.3980407714844,131.6085968017578,302.33758544921875,154.7286834716797,14.232842445373535,146.2238006591797,171.57022094726562,87.79486846923828
2023-12-27,127.6590576171875,1094.41748046875,279.54156494140625,131.58970642089844,298.73834228515625,154.8448486328125,14.353459358215332,148.24716186523438,171.47496032714844,88.17825317382812
2023-12-28,127.46894073486328,1100.9140625,280.32110595703125,131.83511352539062,298.03851318359375,154.51571655273438,14.42582893371582,149.48089599609375,170.71282958984375,88.75332641601562
2023-12-29,127.32634735107422,1109.9091796875,279.6390075683594,131.92950439453125,299.63818359375,154.36083984375,14.411355972290039,149.92506408691406,170.71282958984375,89.21338653564453
2024-01-02,126.85106658935547,1115.40625,291.5261535644531,133.34524536132812,298.03851318359375,154.9610137939453,14.705660820007324,152.3432159423828,171.47496032714844,90.28685760498047
2024-01-03,127.61152648925781,1133.396728515625,289.3825378417969,129.45664978027344,294.7391662597656,153.58642578125,14.903473854064941,150.66529846191406,172.42758178710938,90.24852752685547
2024-01-04,130.32061767578125,1154.88525390625,297.2748107910156,131.55197143554688,297.738525390625,155.21267700195312,15.757444381713867,155.5509490966797,176.9049835205078,92.54883575439453
2024-01-05,129.9403839111328,1152.386474609375,297.2748107910156,131.85398864746094,296.538818359375,154.4382781982422,15.63682746887207,156.78469848632812,176.04763793945312,92.6255111694336
2024-01-08,130.32061767578125,1144.3907470703125,299.51580810546875,135.1574249267578,305.13702392578125,156.02581787109375,15.796043395996094,156.68600463867188,174.3328857421875,92.35714721679688
2024-01-09,130.4156494140625,1145.889892578125,297.2748107910156,135.0819091796875,308.7362365722656,156.6066436767578,15.88288688659668,159.40023803710938,175.38076782226562,94.96414947509766
2024-01-10,131.55628967285156,1154.88525390625,298.1517333984375,135.9502410888672,309.13623046875,158.38780212402344,16.05175018310547,160.5352783203125,176.8097381591797,95.8075942993164
2024-01-11,131.88900756835938,1162.8809814453125,300.2953186035156,135.7992401123047,296.9386901855469,158.73629760742188,16.365354537963867,162.7067108154297,175.76182556152344,96.80438232421875
2024-01-12,134.83572387695312,1188.8671875,307.7003479003906,140.82044982910156,304.93707275390625,163.11175537109375,16.669309616088867,166.9507598876953,180.71556091308594,98.43376922607422
2024-01-15,131.88900756835938,1177.373291015625,307.5054931640625,139.70672607421875,299.9380798339844,163.13113403320312,16.442550659179688,168.03646850585938,169.09335327148438,97.95453643798828
2024-01-16,131.9365234375,1180.371826171875,312.182373046875,139.36692810058594,298.13848876953125,162.53094482421875,16.495620727539062,168.82608032226562,167.85491943359375,99.8714599609375
2024-01-17,131.46124267578125,1191.36572265625,317.44390869140625,138.78175354003906,296.538818359375,161.4854736328125,16.452199935913086,168.08583068847656,168.99807739257812,100.82991027832031
2024-01-18,129.70274353027344,1177.873046875,325.62847900390625,141.61325073242188,306.436767578125,165.57052612304688,16.28816032409668,169.91175842285156,166.33071899414062,101.50083923339844
2024-01-19,126.42333984375,1173.37548828125,321.8284606933594,140.4806671142578,304.93707275390625,164.4088897705078,15.863587379455566,165.51963806152344,162.90121459960938,100.63822937011719
2024-01-22,127.89669036865234,1166.8787841796875,325.23870849609375,141.61325073242188,308.8362121582031,166.4998321533203,15.921483993530273,168.92477416992188,164.80648803710938,101.50083923339844
2024-01-23,127.51647186279297,1163.3807373046875,316.7618408203125,139.68785095214844,301.73773193359375,163.4021759033203,15.569281578063965,165.37159729003906,163.09173583984375,101.02161407470703
2024-01-24,127.84915161132812,1175.8740234375,323.1925964355469,138.4986114501953,307.0366516113281,165.8802947998047,15.786393165588379,168.1845245361328,165.1875457763672,100.9257583618164
2024-01-25,128.51454162597656,1181.3712158203125,319.392578125,140.140869140625,306.436767578125,166.42239379882812,15.824990272521973,167.49363708496094,163.94911193847656,102.2676010131836
2024-01-26,128.32443237304688,1167.3785400390625,308.8695983886719,140.8959503173828,305.33697509765625,168.24227905273438,15.559632301330566,165.37159729003906,164.33016967773438,101.40499877929688
2024-01-29,130.4156494140625,1181.870849609375,318.223388671875,140.70718383789062,303.937255859375,168.91989135742188,15.632003784179688,167.14817810058594,166.90228271484375,102.93853759765625
2024-01-30,130.13047790527344,1185.3690185546875,316.5669860839844,141.44337463378906,307.0366516113281,169.01669311523438,15.665776252746582,167.3455810546875,166.33071899414062,103.32191467285156
2024-01-31,128.6571502685547,1176.373779296875,316.46954345703125,139.4990692138672,301.1378479003906,167.87442016601562,15.63682746887207,166.0131378173828,167.18809509277344,102.93853759765625
2024-02-01,128.46702575683594,1168.8778076171875,320.07464599609375,139.12155151367188,298.73834228515625,167.6808319091797,15.453487396240234,166.9014434814453,167.37860107421875,103.51360321044922
2024-02-02,128.94229125976562,1171.37646484375,319.7823486328125,140.91482543945312,310.1360168457031,169.8491973876953,15.434189796447754,167.9871368408203,168.8075714111328,103.70529174804688
2024-02-05,128.27691650390625,1178.3726806640625,319.10028076171875,140.6883087158203,309.7360534667969,169.90728759765625,15.67542552947998,167.6416778564453,164.52069091796875,104.28038024902344
2024-02-06,130.08297729492188,1204.858642578125,324.9464111328125,143.21780395507812,317.7344055175781,171.33995056152344,16.259214401245117,169.81307983398438,166.90228271484375,104.85543823242188
2024-02-07,129.4175567626953,1197.8623046875,325.23870849609375,142.2173309326172,322.8333435058594,169.79110717773438,16.080698013305664,170.60267639160156,166.99755859375,104.95128631591797
2024-02-08,127.2788314819336,1194.3641357421875,323.5823059082031,142.84024047851562,317.63446044921875,169.8104705810547,15.88288688659668,171.5403289794922,165.37806701660156,104.08867645263672
2024-02-09,127.08871459960938,1208.8564453125,327.9668884277344,142.06631469726562,318.03436279296875,170.7784881591797,16.413602828979492,178.69606018066406,164.04437255859375,115.0151138305664
2024-02-12,127.32634735107422,1223.3487548828125,339.9514465332031,141.5377655029297,309.0362243652344,169.3651885986328,16.60176658630371,188.46734619140625,164.42543029785156,119.99909973144531
2024-02-13,125.90052795410156,1211.8548583984375,355.6385192871094,140.53729248046875,306.2367858886719,168.04869079589844,16.640363693237305,185.8024444580078,163.66331481933594,120.57418823242188
2024-02-14,131.03350830078125,1229.3455810546875,355.0538635253906,141.8209228515625,312.1355895996094,170.2944793701172,17.648725509643555,191.42832946777344,168.61703491210938,124.695556640625
2024-02-15,132.69699096679688,1224.3482666015625,367.5256042480469,140.53729248046875,319.9339294433594,177.30296325683594,17.92855453491211,192.02053833007812,174.04708862304688,124.98307800292969
2024-02-16,133.69505310058594,1241.33935546875,378.24346923828125,138.12107849121094,323.2332763671875,181.8720245361328,18.111894607543945,195.47503662109375,175.57130432128906,125.55815887451172
2024-02-19,127.37388610839844,1247.3359375,393.7356262207031,136.19566345214844,334.1310729980469,183.07237243652344,18.517169952392578,196.659423828125,172.3323211669922,126.99586486816406
2024-02-20,128.46702575683594,1252.333251953125,391.59210205078125,136.81857299804688,330.4317932128906,184.36952209472656,18.47857093811035,197.3009796142578,173.9518280029297,126.9000015258789
2024-02-21,128.18186950683594,1240.83935546875,389.7408447265625,137.6680450439453,329.4320068359375,183.14981079101562,18.362777709960938,196.2152862548828,173.4755096435547,126.70831298828125
2024-02-22,127.61152648925781,1231.344482421875,391.397216796875,139.00828552246094,356.726318359375,185.3181915283203,18.41102409362793,190.5894012451172,174.04708862304688,127.18755340576172
2024-02-23,128.89476013183594,1239.840087890625,399.7766418457031,139.65008544921875,353.0271301269531,186.84767150878906,18.333829879760742,194.88282775878906,173.66603088378906,128.4335479736328
2024-02-26,131.88900756835938,1255.3316650390625,410.981689453125,139.06491088867188,361.1254577636719,187.46719360351562,19.279468536376953,203.07493591308594,175.95236206054688,129.8712158203125
2024-02-27,130.08297729492188,1234.8426513671875,404.1612243652344,139.68785095214844,358.5260009765625,186.1700439453125,18.82594871520996,197.4490203857422,174.04708862304688,128.91278076171875
2024-02-28,129.84532165527344,1228.8458251953125,410.5919494628906,145.0865936279297,370.4235534667969,187.041259765625,18.95138931274414,201.00222778320312,175.28550720214844,129.4878387451172
2024-02-29,130.27305603027344,1241.33935546875,413.12530517578125,144.35040283203125,369.02386474609375,187.50592041015625,19.062358856201172,201.44638061523438,174.23760986328125,129.67953491210938
2024-03-01,128.70465087890625,1249.3350830078125,418.0944519042969,144.06723022460938,374.72265625,187.25424194335938,19.530353546142578,202.6801300048828,174.4281463623047,130.63800048828125
2024-03-04,131.5087890625,1259.32958984375,418.97137451171875,146.6344757080078,376.32232666015625,190.19700622558594,19.819835662841797,210.92153930664062,178.52447509765625,131.50059509277344
2024-03-05,143.43820190429688,1279.3189697265625,423.3559875488281,148.72979736328125,374.8226318359375,191.49417114257812,19.983875274658203,202.4827117919922,184.24029541015625,132.17153930664062
2024-03-06,139.73104858398438,1275.3212890625,421.2123718261719,149.3527374267578,378.9217834472656,192.36538696289062,20.147912979125977,201.19964599609375,174.23760986328125,128.8169403076172
2024-03-07,138.68545532226562,1271.3232421875,425.30462646484375,149.44711303710938,389.9195251464844,190.33255004882812,20.041772842407227,205.0982666015625,174.4281463623047,129.3920135498047
2024-03-08,136.16647338867188,1257.3306884765625,410.981689453125,149.18284606933594,386.32025146484375,189.1902618408203,19.964574813842773,202.8775177001953,172.237060546875,127.09170532226562
2024-03-11,133.74256896972656,1259.32958984375,404.84326171875,147.9936065673828,383.1209411621094,188.29969787597656,19.154027938842773,208.848876953125,168.71231079101562,128.24185180664062
2024-03-12,135.31097412109375,1281.8177490234375,407.57147216796875,149.12620544433594,391.7191467285156,191.59095764160156,19.30841827392578,209.53976440429688,167.9501953125,128.3376922607422
2024-03-13,136.64175415039062,1289.8134765625,410.4944763183594,150.3343048095703,393.7187194824219,192.6364288330078,19.974225997924805,209.7864990234375,167.9501953125,128.91278076171875
2024-03-14,138.8280487060547,1293.8114013671875,432.2225646972656,151.35366821289062,389.31964111328125,193.99166870117188,20.611085891723633,212.69813537597656,170.99864196777344,129.5836944580078
2024-03-15,139.39833068847656,1294.3109130859375,445.18145751953125,153.61886596679688,393.4188232421875,195.8793182373047,20.533891677856445,214.67214965820312,169.85546875,131.1172332763672
2024-03-18,141.251953125,1304.3057861328125,464.86334228515625,154.05303955078125,389.9195251464844,196.8473358154297,20.997060775756836,218.5214385986328,171.76075744628906,136.1970672607422
2024-03-19,143.6758270263672,1326.793701171875,475.2889404296875,156.84678649902344,400.6173095703125,199.26739501953125,21.334789276123047,221.97592163085938,174.23760986328125,136.5804443359375
2024-03-20,145.3393096923828,1335.289306640625,465.3505554199219,158.62120056152344,406.6161193847656,198.29937744140625,21.440933227539062,224.29539489746094,178.7150115966797,138.01812744140625
2024-03-21,147.3830108642578,1350.781005859375,479.1863098144531,159.7915802001953,420.1133117675781,200.0417938232422,21.23829460144043,224.9862823486328,178.81027221679688,137.63475036621094
2024-03-22,149.4266815185547,1362.7745361328125,487.56573486328125,160.3578643798828,419.8133544921875,200.62261962890625,21.57602310180664,230.56283569335938,183.76397705078125,141.27688598632812
2024-03-25,152.3258514404297,1359.2762451171875,494.1913757324219,160.56552124023438,421.01312255859375,201.39703369140625,22.164634704589844,233.52383422851562,197.19619750976562,142.52288818359375
2024-03-26,152.99124145507812,1368.2716064453125,507.6374206542969,161.05630493164062,427.91168212890625,204.25270080566406,22.232181549072266,237.3731231689453,194.52880859375,143.1938018798828
2024-03-27,150.7574462890625,1352.7799072265625,498.478515625,161.96240234375,421.9129333496094,202.6554718017578,22.154985427856445,237.96534729003906,196.24356079101562,143.6730499267578
2024-03-28,150.23463439941406,1348.781982421875,507.6374206542969,161.13182067871094,426.61199951171875,203.3330841064453,22.46376609802246,234.90562438964844,194.33828735351562,143.6730499267578
2024-04-02,149.52174377441406,1330.2919921875,514.068115234375,157.77175903320312,418.8135681152344,198.7349853515625,22.174283981323242,234.4614715576172,194.52880859375,142.61874389648438
2024-04-03,151.6129608154297,1319.7974853515625,519.9142456054688,158.62120056152344,423.9125061035156,199.7030029296875,22.47341537475586,238.36012268066406,196.0530242919922,144.0564422607422
2024-04-04,150.092041015625,1312.3013916015625,523.2271118164062,158.52682495117188,418.91357421875,199.8966064453125,22.27077865600586,236.87960815429688,196.0530242919922,141.85198974609375
2024-04-05,151.13766479492188,1325.2943115234375,523.0321655273438,158.5834503173828,421.01312255859375,198.92857360839844,22.454118728637695,236.4848175048828,195.4814453125,145.3982696533203
2024-04-08,154.51210021972656,1336.788330078125,546.2218017578125,160.96192932128906,429.0114440917969,201.3486328125,22.869041442871094,242.2093963623047,200.05410766601562,146.54843139648438
2024-04-09,146.9552459716797,1276.3206787109375,508.61181640625,155.4310302734375,412.1149597167969,197.08934020996094,20.82337188720703,218.57080078125,193.0045928955078,138.59324645996094
2024-04-10,147.28793334960938,1274.8212890625,509.5861511230469,154.99688720703125,408.41571044921875,198.83175659179688,20.87161636352539,220.05130004882812,192.62351989746094,143.86474609375
2024-04-11,148.57118225097656,1285.3157958984375,519.134765625,153.14694213867188,406.8160400390625,198.83175659179688,20.948814392089844,223.01229858398438,191.2898406982422,144.2481231689453
2024-04-12,150.9475555419922,1317.7984619140625,529.26806640625,153.75100708007812,404.6164855957031,199.218994140625,21.344438552856445,227.6676788330078,195.10040283203125,147.41102600097656
2024-04-15,152.13575744628906,1336.788330078125,537.6474609375,154.41171264648438,406.716064453125,201.25181579589844,21.83655548095703,233.41259765625,197.95831298828125,148.17779541015625
2024-04-16,150.42474365234375,1320.7969970703125,529.462890625,152.68321228027344,397.7178955078125,198.44456481933594,21.875154495239258,227.7667236328125,197.19619750976562,145.78167724609375
2024-04-17,149.33163452148438,1319.2977294921875,518.160400390625,153.5474395751953,401.3171691894531,200.09019470214844,21.50847816467285,225.93431091308594,197.0056610107422,146.54843139648438
2024-04-18,147.5731201171875,1286.4954833984375,497.30926513671875,154.27725219726562,402.41693115234375,201.542236328125,21.199695587158203,223.65611267089844,195.67196655273438,143.48135375976562
2024-04-19,147.5731201171875,1295.491943359375,491.0734558105469,153.681884765625,395.41839599609375,199.31578063964844,20.919864654541016,222.0217742919922,195.4814453125,143.1938018798828
2024-04-22,149.80690002441406,1315.484130859375,496.72467041015625,155.02627563476562,406.21612548828125,198.7349853515625,20.987411499023438,221.427490234375,192.43299865722656,143.57720947265625
2024-04-23,150.9000244140625,1339.474853515625,501.40155029296875,156.2554168701172,417.1139221191406,202.316650390625,21.450578689575195,229.79725646972656,195.86251831054688,145.87750244140625
2024-04-24,152.08822631835938,1362.965576171875,507.2476501464844,155.77528381347656,416.9139709472656,203.478271484375,21.209346771240234,231.8773193359375,195.67196655273438,149.04042053222656
2024-04-25,148.90386962890625,1319.482666015625,499.84259033203125,152.2222900390625,405.6163024902344,200.86463928222656,20.66897964477539,227.8657684326172,192.2424774169922,144.7273406982422
2024-04-26,150.85250854492188,1339.474853515625,510.95025634765625,150.82028198242188,421.01312255859375,201.92945861816406,20.997060775756836,225.6371307373047,194.14776611328125,145.49412536621094
2024-04-29,150.5673370361328,1354.4688720703125,511.5348205566406,149.70635986328125,414.71441650390625,198.34776306152344,21.31549072265625,228.06387329101562,193.1951141357422,146.64427185058594
2024-04-30,150.13958740234375,1332.4775390625,503.9349060058594,148.53482055664062,413.0147705078125,197.67013549804688,20.87161636352539,217.56451416015625,191.6708984375,150.66976928710938
2024-05-01,150.13958740234375,1337.4755859375,503.9349060058594,148.53482055664062,407.4159240722656,197.67013549804688,20.87161636352539,217.56451416015625,191.6708984375,150.66976928710938
2024-05-02,150.85250854492188,1328.9788818359375,499.2580261230469,147.47853088378906,406.4161071777344,196.31492614746094,20.775123596191406,215.6330108642578,190.71824645996094,151.81993103027344
2024-05-03,153.0863037109375,1360.96630859375,522.8372802734375,148.20834350585938,418.01373291015625,199.7998046875,21.045305252075195,217.71310424804688,192.2424774169922,153.35350036621094
2024-05-06,155.08245849609375,1360.96630859375,532.385986328125,150.43617248535156,418.01373291015625,199.7998046875,21.672517776489258,222.9132537841797,195.10040283203125,157.47486877441406
2024-05-07,154.9873809814453,1372.4617919921875,515.2373657226562,152.5487823486328,418.31365966796875,202.12306213378906,20.707576751708984,221.87319946289062,193.9572296142578,154.98284912109375
2024-05-08,157.41131591796875,1380.95849609375,521.08349609375,155.10308837890625,428.6115417480469,204.34950256347656,21.276891708374023,229.5496368408203,193.0045928955078,158.27008056640625
2024-05-09,159.64508056640625,1391.4544677734375,527.9039916992188,155.98655700683594,433.8104553222656,205.51113891601562,21.32513999938965,229.5496368408203,197.38671875,158.27008056640625
2024-05-10,158.83714294433594,1393.45361328125,522.0578002929688,153.48983764648438,423.5126037597656,205.70474243164062,21.961999893188477,224.15138244628906,197.0056610107422,160.78384399414062
2024-05-13,157.60142517089844,1348.47119140625,522.4475708007812,151.6845245361328,420.6131896972656,202.8006591796875,21.22864532470703,222.86370849609375,197.95831298828125,162.81419372558594
2024-05-14,156.36570739746094,1351.469970703125,508.22198486328125,152.39512634277344,419.513427734375,201.73582458496094,21.16109848022461,228.2124481201172,199.1014862060547,160.97720336914062
2024-05-15,157.5538787841797,1362.4658203125,507.7294616699219,153.6434783935547,426.4119873046875,204.93031311035156,21.71111488342285,232.76876831054688,198.72042846679688,163.97439575195312
2024-05-16,159.02723693847656,1363.4654541015625,505.7592468261719,152.64480590820312,420.3132629394531,201.155029296875,22.405868530273438,235.9384002685547,201.3878173828125,166.9715576171875
2024-05-17,158.74208068847656,1360.96630859375,504.38006591796875,152.64480590820312,418.01373291015625,201.83265686035156,22.46376609802246,237.52320861816406,199.48251342773438,166.9715576171875
2024-05-20,160.6431884765625,1371.4622802734375,523.2943115234375,154.546142578125,436.7098388671875,205.70474243164062,22.772546768188477,239.60325622558594,200.03443908691406,166.9715576171875
2024-05-21,161.8499298095703,1386.4564208984375,519.1567993164062,154.9302520751953,432.9106750488281,205.80154418945312,22.579557418823242,243.66432189941406,199.0662078857422,169.29196166992188
2024-05-22,160.54664611816406,1372.9615478515625,514.2312622070312,154.027587890625,427.91168212890625,208.02796936035156,22.637453079223633,244.1595916748047,197.1297607421875,171.51565551757812
2024-05-23,162.0430145263672,1396.4525146484375,526.0526733398438,154.87261962890625,440.3091125488281,210.7384490966797,22.75324821472168,247.13111877441406,199.64712524414062,174.99624633789062
2024-05-24,160.45010375976562,1385.4566650390625,522.9002685546875,152.79843139648438,444.70819091796875,209.5768280029297,22.647104263305664,247.7254180908203,197.710693359375,174.99624633789062
2024-05-27,161.22242736816406,1385.4566650390625,524.2794189453125,153.12493896484375,444.70819091796875,211.7064666748047,22.965532302856445,248.4187774658203,195.96788024902344,174.89955139160156
2024-05-28,158.32620239257812,1370.9622802734375,515.8074340820312,152.1646728515625,450.9069519042969,210.0441131591797,22.705001831054688,245.1501007080078,191.99818420410156,172.38580322265625
2024-05-29,158.37449645996094,1361.46630859375,507.33538818359375,150.51300048828125,446.90777587890625,207.892822265625,22.251480102539062,233.3630828857422,190.1585693359375,171.12893676757812
2024-05-30,158.6158447265625,1372.4617919921875,508.91156005859375,152.77923583984375,450.9069519042969,209.06625366210938,22.280427932739258,237.72129821777344,188.89987182617188,172.09576416015625
2024-05-31,160.88453674316406,1391.4544677734375,519.9448852539062,149.70635986328125,453.3064270019531,209.359619140625,22.74359893798828,250.9940643310547,192.6759490966797,174.3194580078125
2024-06-03,161.7051239013672,1394.9530029296875,527.0377197265625,149.1302032470703,460.8049011230469,210.6308135986328,23.29361343383789,254.0646514892578,189.57763671875,176.92991638183594
2024-06-04,161.12586975097656,1384.45703125,509.3056335449219,146.5374755859375,447.9075622558594,206.62161254882812,22.859392166137695,247.92352294921875,187.73800659179688,170.35546875
2024-06-05,162.62225341796875,1391.4544677734375,515.8074340820312,147.09442138671875,453.2064514160156,207.3061065673828,22.965532302856445,246.5367889404297,186.4793243408203,172.6758575439453
2024-06-06,165.56674194335938,1393.45361328125,516.00439453125,147.42091369628906,458.1054382324219,206.23045349121094,22.907638549804688,246.5367889404297,187.0602569580078,174.99624633789062
2024-06-07,166.8700408935547,1394.453125,524.8704833984375,144.040771484375,456.80572509765625,203.9813995361328,23.32256317138672,269.6156005859375,186.96343994140625,180.21713256835938
2024-06-10,163.7324676513672,1399.4512939453125,523.4913330078125,143.522216796875,464.9040832519531,203.68801879882812,23.544496536254883,260.8991394042969,186.769775390625,178.4768524169922
2024-06-11,159.38816833496094,1383.45751953125,509.69970703125,142.60035705566406,464.9040832519531,202.6123809814453,22.492713928222656,257.5314025878906,182.50961303710938,176.92991638183594
2024-06-12,157.74696350097656,1387.9556884765625,505.95623779296875,143.4261932373047,469.3031311035156,203.59024047851562,22.05849266052246,251.9845733642578,178.92721557617188,177.89674377441406
2024-06-13,155.5265350341797,1382.4578857421875,498.4693603515625,140.0076141357422,467.7034606933594,198.30979919433594,21.57602310180664,246.7349090576172,177.958984375,176.73654174804688
2024-06-14,145.10018920898438,1334.4766845703125,472.0682373046875,138.10629272460938,457.7055358886719,192.29595947265625,20.437395095825195,238.71182250976562,168.6640625,168.51849365234375
2024-06-17,146.78964233398438,1336.47607421875,478.7669982910156,140.0076141357422,461.5047607421875,195.4739990234375,21.026010513305664,240.4947052001953,170.21322631835938,167.74502563476562
2024-06-18,147.7550506591797,1344.472900390625,483.4955749511719,142.23545837402344,467.8034362792969,198.21200561523438,21.624269485473633,236.82986450195312,170.50367736816406,168.8085479736328
2024-06-19,149.01007080078125,1349.9708251953125,480.63873291015625,142.06260681152344,472.40252685546875,196.35409545898438,21.846206665039062,240.98995971679688,173.60198974609375,169.09857177734375
2024-06-20,152.19589233398438,1345.9722900390625,488.9137268066406,142.8500213623047,485.3998107910156,198.89649963378906,22.039194107055664,237.82037353515625,176.02255249023438,169.0019073486328
2024-06-21,151.18223571777344,1338.47509765625,483.6925964355469,142.67718505859375,473.1023864746094,198.01644897460938,21.682165145874023,237.82037353515625,172.9242401123047,172.4824981689453
2024-06-24,152.6303253173828,1351.9698486328125,492.95269775390625,142.86923217773438,471.2027587890625,201.43894958496094,21.779878616333008,243.02052307128906,173.8924560546875,169.48532104492188
2024-06-25,149.68585205078125,1336.47607421875,487.633056640625,129.42543029785156,465.9038391113281,194.83839416503906,21.144752502441406,240.29660034179688,170.11639404296875,168.4217987060547
2024-06-26,146.69308471679688,1327.4796142578125,482.8059997558594,125.77639770507812,461.604736328125,192.49154663085938,20.959102630615234,244.5557861328125,167.40538024902344,165.42465209960938
2024-06-27,145.2932586669922,1322.4814453125,468.71881103515625,125.44990539550781,454.606201171875,193.42050170898438,20.92978858947754,249.31021118164062,165.08164978027344,168.2284393310547
2024-06-28,144.32786560058594,1319.482666015625,468.6203308105469,123.1644515991211,456.7057189941406,193.02935791015625,21.183837890625,252.57888793945312,164.2102508544922,168.2284393310547
2024-07-01,146.74136352539062,1271.50146484375,476.2056884765625,126.4101791381836,452.70654296875,197.62530517578125,21.320632934570312,254.36178588867188,165.7593994140625,174.3194580078125
2024-07-02,146.2586669921875,1267.5030517578125,474.6295166015625,126.6406478881836,446.1079406738281,196.25628662109375,21.06658363342285,243.46624755859375,162.56427001953125,170.4521484375
2024-07-03,149.734130859375,1276.999267578125,497.4842529296875,130.4433135986328,455.7059326171875,198.70094299316406,21.86781883239746,251.04360961914062,164.0166015625,169.77536010742188
2024-07-04,151.03741455078125,1277.998779296875,507.532470703125,130.6929931640625,461.8046875,200.16773986816406,22.336833953857422,255.20370483398438,167.59902954101562,170.6455078125
2024-07-05,149.54103088378906,1262.0052490234375,483.2985534667969,130.86582946777344,454.10626220703125,198.01644897460938,21.936216354370117,250.25119018554688,165.08164978027344,169.77536010742188
2024-07-08,148.52737426757812,1270.001953125,489.6033020019531,130.2896728515625,461.204833984375,201.0478057861328,21.721250534057617,254.36178588867188,164.88800048828125,171.12893676757812
2024-07-09,146.69308471679688,1268.0028076171875,493.34674072265625,126.60221862792969,447.607666015625,197.5275115966797,21.936216354370117,254.55990600585938,164.88800048828125,172.86920166015625
2024-07-10,147.99639892578125,1279.498291015625,493.7408142089844,128.0042266845703,454.10626220703125,200.26551818847656,22.50294303894043,263.17730712890625,165.46893310546875,192.01246643066406
2024-07-11,148.86524963378906,1279.498291015625,503.00091552734375,126.71747589111328,453.1065368652344,199.77659606933594,22.43454360961914,263.3753967285156,164.69436645507812,199.74710083007812
2024-07-12,148.86524963378906,1267.5030517578125,501.4247131347656,128.06182861328125,449.9071350097656,200.26551818847656,22.415002822875977,261.09722900390625,164.50070190429688,205.1613311767578
2024-07-15,147.9481201171875,1278.4986572265625,507.7294616699219,127.71614074707031,449.4072570800781,196.74522399902344,22.7081356048584,261.6915588378906,163.72613525390625,204.58126831054688
2024-07-16,147.32061767578125,1284.99609375,505.7592468261719,127.71614074707031,458.8052978515625,198.30979919433594,22.81562042236328,265.7525939941406,164.2102508544922,207.48175048828125
2024-07-17,145.67942810058594,1265.503662109375,476.50128173828125,126.83270263671875,447.10772705078125,198.11424255371094,22.287975311279297,262.3848876953125,162.0801544189453,205.54808044433594
2024-07-18,148.04466247558594,1276.999267578125,485.662841796875,125.68038177490234,434.51031494140625,194.74061584472656,22.209808349609375,265.1583251953125,162.75791931152344,206.128173828125
2024-07-19,147.2240753173828,1269.502197265625,482.9045104980469,126.5638198852539,446.0079650878906,193.32272338867188,22.24889373779297,248.171142578125,159.27232360839844,205.934814453125
2024-07-22,149.1066131591797,1276.999267578125,486.3524475097656,127.29361724853516,443.2085266113281,196.45187377929688,22.522483825683594,239.05850219726562,158.59457397460938,210.3822479248047
2024-07-23,139.11468505859375,1271.50146484375,486.450927734375,126.94792938232422,459.90509033203125,201.0478057861328,22.551799774169922,240.09849548339844,157.04541015625,214.6362762451172
2024-07-24,140.17662048339844,1259.0062255859375,488.6181945800781,125.4114990234375,443.8083801269531,196.06072998046875,21.643081665039062,248.76541137695312,169.14817810058594,211.9291534423828
2024-07-25,138.00445556640625,1249.5101318359375,464.38427734375,123.83665466308594,430.91107177734375,195.08287048339844,20.792993545532227,235.29457092285156,169.6322784423828,203.22769165039062
2024-07-26,139.11468505859375,1272.001220703125,482.0179138183594,125.69956970214844,441.7088317871094,198.89649963378906,21.428117752075195,239.20706176757812,175.63523864746094,209.22203063964844
2024-07-29,139.88697814941406,1276.49951171875,485.9583740234375,125.04659271240234,439.709228515625,195.37623596191406,21.731021881103516,240.94044494628906,179.21768188476562,208.83529663085938
2024-07-30,141.96261596679688,1281.4974365234375,491.08099365234375,128.27310180664062,444.6082458496094,200.46109008789062,22.121868133544922,239.6527862548828,179.7017822265625,209.8021240234375
2024-07-31,141.86607360839844,1296.49169921875,496.3020935058594,134.39964294433594,449.5072326660156,198.60316467285156,21.50628662109375,244.75389099121094,180.18589782714844,211.9291534423828
2024-08-01,140.17662048339844,1284.496337890625,489.1107482910156,128.59959411621094,481.000732421875,189.0201416015625,21.105669021606445,239.75184631347656,180.0890655517578,209.6087646484375
2024-08-02,139.50083923339844,1281.4974365234375,472.954833984375,126.65983581542969,463.80426025390625,186.917724609375,20.323976516723633,229.5496368408203,179.89541625976562,200.9073028564453
2024-08-05,140.755859375,1268.0028076171875,473.15185546875,125.31546020507812,443.7084045410156,184.61978149414062,20.323976516723633,228.70770263671875,179.60494995117188,195.87977600097656
2024-08-06,140.27316284179688,1270.501953125,482.51043701171875,127.75455474853516,468.4033508300781,185.20648193359375,20.529172897338867,230.4906005859375,180.37953186035156,200.52056884765625
2024-08-07,141.38339233398438,1292.4932861328125,487.239013671875,130.5777587890625,479.6010437011719,188.3356475830078,20.87116241455078,235.44313049316406,186.092041015625,202.26084899902344
2024-08-08,141.04550170898438,1283.99658203125,503.98602294921875,129.11814880371094,476.7016296386719,187.3088836669922,20.675737380981445,234.15548706054688,181.444580078125,199.74710083007812
2024-08-09,142.2522430419922,1276.999267578125,530.38720703125,129.02212524414062,484.8999328613281,188.2867431640625,21.154523849487305,238.21656799316406,184.44606018066406,205.74143981933594
2024-08-12,141.96261596679688,1302.989013671875,537.8740844726562,128.44593811035156,486.5995788574219,187.94448852539062,21.408573150634766,240.4451904296875,183.47784423828125,207.6751251220703
2024-08-13,142.8797607421875,1322.981201171875,539.4502563476562,129.00291442871094,491.8984680175781,188.7756805419922,21.33040428161621,244.35769653320312,185.41429138183594,210.3822479248047
2024-08-14,143.70037841796875,1356.9678955078125,549.6954956054688,129.31019592285156,498.9970397949219,189.6068572998047,22.004613876342773,252.47982788085938,188.2221221923828,212.89598083496094
2024-08-15,145.19671630859375,1360.4666748046875,554.818115234375,131.48040771484375,502.89617919921875,190.6824951171875,22.004613876342773,254.85702514648438,188.41578674316406,210.76898193359375
2024-08-16,144.6174774169922,1349.4708251953125,553.8329467773438,132.15260314941406,500.8966369628906,192.6382293701172,22.102327346801758,254.55990600585938,187.0602569580078,213.86282348632812
2024-08-19,143.50726318359375,1338.47509765625,542.9967041015625,133.016845703125,499.8968200683594,192.1492919921875,21.92644691467285,240.94044494628906,185.02700805664062,211.9291534423828
2024-08-20,142.59011840820312,1310.4862060546875,526.6436767578125,132.9784393310547,492.8982849121094,191.1714324951172,21.55514144897461,237.91941833496094,184.1555938720703,212.31588745117188
2024-08-21,143.07284545898438,1311.985595703125,528.8109741210938,133.5738067626953,492.3984069824219,192.19818115234375,21.574684143066406,234.25453186035156,184.6396942138672,210.3822479248047
2024-08-22,143.16937255859375,1316.483642578125,525.6585693359375,133.36253356933594,497.4973449707031,191.75814819335938,21.54537010192871,234.60121154785156,182.9937286376953,213.66944885253906
2024-08-23,143.16937255859375,1311.985595703125,527.4318237304688,135.20626831054688,498.7970886230469,192.7360076904297,21.71147918701172,234.10597229003906,183.1873779296875,213.66944885253906
2024-08-26,143.50726318359375,1311.985595703125,527.0377197265625,135.53274536132812,498.7970886230469,192.24708557128906,21.613767623901367,232.8183135986328,181.8318634033203,210.5756072998047
2024-08-27,143.84515380859375,1319.482666015625,527.6288452148438,135.26388549804688,494.0980224609375,192.1492919921875,21.740793228149414,235.3936004638672,182.8000946044922,209.9954833984375
2024-08-28,144.71401977539062,1347.4716796875,535.312744140625,135.26388549804688,500.0968017578125,193.17604064941406,22.219579696655273,238.56321716308594,183.768310546875,212.70262145996094
2024-08-29,146.01730346679688,1372.4617919921875,534.5245971679688,134.97579956054688,500.0968017578125,194.2028045654297,22.463857650756836,240.29660034179688,187.93167114257812,215.2163848876953
2024-08-30,146.74136352539062,1362.4658203125,533.93359375,133.304931640625,496.29754638671875,193.5671844482422,22.43454360961914,240.0489959716797,188.6094207763672,216.9566650390625
2024-09-02,143.2659149169922,1323.98095703125,519.5509033203125,131.48040771484375,464.2042236328125,192.8337860107422,20.81253433227539,226.9248046875,187.6411895751953,209.9954833984375
2024-09-03,141.91433715820312,1309.9862060546875,512.260986328125,129.1949462890625,472.2025451660156,190.0957794189453,20.44123077392578,225.6371307373047,185.02700805664062,209.8021240234375
2024-09-04,141.86607360839844,1311.985595703125,515.6104125976562,128.27310180664062,480.600830078125,189.21571350097656,20.255578994750977,224.29995727539062,186.092041015625,209.4154052734375
2024-09-05,140.80413818359375,1301.9893798828125,507.532470703125,126.5062026977539,477.8013916015625,188.384521484375,20.226266860961914,222.71514892578125,185.22064208984375,203.03431701660156
2024-09-06,139.88697814941406,1293.4927978515625,494.5289001464844,123.24127197265625,462.60455322265625,188.0911865234375,19.913589477539062,219.49603271484375,181.2509307861328,204.3878936767578
2024-09-09,140.08009338378906,1295.491943359375,499.4544677734375,124.60485076904297,475.5018615722656,189.7535400390625,19.92336082458496,223.06182861328125,182.50961303710938,204.58126831054688
2024-09-10,141.09375,1300.490234375,503.39495849609375,125.25785064697266,474.7020568847656,191.80703735351562,19.845191955566406,222.9627685546875,183.86512756347656,203.80780029296875
2024-09-11,140.80413818359375,1300.490234375,502.60687255859375,125.04659271240234,479.0011291503906,191.85592651367188,19.747478485107422,223.80470275878906,181.54141235351562,204.58126831054688
2024-09-12,141.33511352539062,1324.4805908203125,514.0341796875,125.35386657714844,493.6980895996094,197.91864013671875,20.109012603759766,228.31149291992188,183.47784423828125,210.5756072998047
2024-09-13,142.8797607421875,1336.47607421875,513.24609375,125.31546020507812,501.09661865234375,198.79873657226562,20.323976516723633,230.0448760986328,185.22064208984375,212.89598083496094
2024-09-16,142.54185485839844,1334.9764404296875,510.48779296875,124.27836608886719,495.6976623535156,198.79873657226562,20.3044376373291,230.78775024414062,184.7365264892578,212.89598083496094
2024-09-17,137.08734130859375,1272.5009765625,476.0086975097656,124.56645202636719,494.8978271484375,198.01644897460938,19.395719528198242,219.05026245117188,179.7017822265625,195.87977600097656
2024-09-18,139.88697814941406,1273.5006103515625,474.136962890625,123.6061782836914,495.89764404296875,196.45187377929688,19.727937698364258,219.5455322265625,182.12232971191406,195.10633850097656
2024-09-19,143.12110900878906,1290.493896484375,486.25390625,128.13865661621094,524.8916015625,204.3725128173828,20.44123077392578,228.261962890625,186.96343994140625,200.52056884765625
2024-09-20,142.68667602539062,1269.502197265625,480.4417419433594,125.64195251464844,526.0914306640625,205.54595947265625,20.382604598999023,228.31149291992188,183.86512756347656,202.45420837402344
2024-09-23,140.5627899169922,1274.500244140625,481.52532958984375,127.65853881835938,530.090576171875,206.71939086914062,20.33374786376953,229.69821166992188,184.0587921142578,203.03431701660156
2024-09-24,143.12110900878906,1267.003173828125,479.4566345214844,129.5598602294922,526.4912719726562,209.75074768066406,20.294666290283203,208.40234375,187.0602569580078,198.78025817871094
2024-09-25,143.21763610839844,1273.5006103515625,484.874755859375,128.1962890625,531.6902465820312,208.47952270507812,20.392375946044922,217.31687927246094,188.99668884277344,203.22769165039062
2024-09-26,139.64564514160156,1242.0128173828125,477.0923156738281,129.00291442871094,526.6912841796875,211.31532287597656,20.099241256713867,215.4844512939453,184.93017578125,199.3603515625
2024-09-27,139.64564514160156,1239.513916015625,475.1220703125,128.5035858154297,524.8916015625,208.6750946044922,19.942903518676758,215.18728637695312,185.7047576904297,199.1669921875
2024-09-30,137.61831665039062,1237.014892578125,479.1610412597656,126.00686645507812,527.0912475585938,206.426025390625,19.56182861328125,213.85011291503906,179.120849609375,199.55372619628906
2024-10-01,141.09375,1273.0008544921875,503.39495849609375,123.62539672851562,524.6917114257812,205.74151611328125,19.8940486907959,221.427490234375,181.444580078125,205.74143981933594
2024-10-02,142.39706420898438,1297.990966796875,509.1086120605469,122.281005859375,518.6929321289062,205.15481567382812,20.61711311340332,227.0238494873047,182.21914672851562,211.9291534423828
2024-10-03,141.62472534179688,1298.99072265625,509.1086120605469,121.53199005126953,533.2899780273438,202.5146026611328,20.08946990966797,226.18191528320312,181.54141235351562,211.15570068359375
2024-10-04,141.96261596679688,1296.49169921875,512.260986328125,121.80087280273438,530.090576171875,203.39466857910156,20.548715591430664,225.2904510498047,181.92868041992188,207.6751251220703
2024-10-07,142.20396423339844,1300.490234375,498.6664123535156,122.338623046875,526.4912719726562,198.99429321289062,20.480314254760742,225.34014892578125,181.73504638671875,209.22203063964844
2024-10-08,144.9071044921875,1290.9937744140625,494.9229431152344,121.32072448730469,527.4910888671875,199.87437438964844,20.431459426879883,225.48927307128906,181.444580078125,212.31588745117188
2024-10-09,145.2932586669922,1302.4893798828125,491.96759033203125,122.37703704833984,530.8904418945312,199.38543701171875,20.597570419311523,225.04196166992188,185.7047576904297,210.9536590576172
2024-10-10,144.2313232421875,1251.009521484375,473.8414306640625,122.81875610351562,529.8906860351562,196.84300231933594,19.913589477539062,210.6786346435547,178.92721557617188,209.98062133789062
2024-10-11,142.107421875,1269.502197265625,466.45306396484375,127.63931274414062,537.0891723632812,200.26551818847656,19.93313217163086,210.43014526367188,179.60494995117188,209.00759887695312
2024-10-14,144.81056213378906,1298.99072265625,476.6982727050781,129.75192260742188,538.4888305664062,204.1769561767578,20.578027725219727,212.91514587402344,181.73504638671875,217.37567138671875
2024-10-15,144.8588409423828,1294.9921875,475.8116455078125,130.3665008544922,540.4884643554688,203.78579711914062,20.480314254760742,212.56724548339844,180.18589782714844,220.10015869140625
2024-10-16,146.88616943359375,1307.4873046875,474.0384521484375,130.5585479736328,559.884521484375,203.88360595703125,21.03727149963379,216.09593200683594,182.4127960205078,220.4893798828125
2024-10-17,148.6239013671875,1326.9796142578125,479.06256103515625,135.6864013671875,568.882568359375,209.6529541015625,21.320632934570312,218.9785614013672,185.60792541503906,221.85162353515625
2024-10-18,148.18946838378906,1323.98095703125,480.8357849121094,134.01553344726562,567.2830200195312,210.3374786376953,21.486743927001953,218.2827606201172,185.80157470703125,217.76487731933594
2024-10-21,147.85157775878906,1326.9796142578125,483.1015319824219,133.32412719726562,566.8829956054688,208.7729034423828,21.33040428161621,218.63064575195312,182.9937286376953,215.81881713867188
2024-10-22,148.6721649169922,1339.474853515625,486.7464904785156,135.6287841796875,561.084228515625,205.74151611328125,21.613767623901367,238.11309814453125,186.57614135742188,215.81881713867188
2024-10-23,146.78964233398438,1322.4814453125,484.7762451171875,135.5711669921875,561.2842407226562,205.8393096923828,21.369489669799805,235.42929077148438,185.41429138183594,216.79183959960938
2024-10-24,147.85157775878906,1304.11083984375,495.9080505371094,135.5135498046875,554.685546875,205.54595947265625,21.428117752075195,235.578369140625,186.4793243408203,227.3006134033203
2024-10-25,146.78964233398438,1291.614501953125,478.5699768066406,134.8989715576172,556.0852661132812,206.81716918945312,21.29132080078125,229.316162109375,186.6729736328125,222.43544006347656
2024-10-28,146.69308471679688,1295.6134033203125,483.2000427246094,134.3228302001953,560.2843627929688,206.71939086914062,21.564912796020508,231.40357971191406,186.18887329101562,226.91140747070312
2024-10-29,145.5828857421875,1279.1182861328125,481.4268493652344,134.76454162597656,554.4855346679688,205.15481567382812,21.408573150634766,231.5526580810547,182.0255126953125,228.27365112304688
2024-10-30,145.82424926757812,1268.62158203125,478.47149658203125,134.18836975097656,555.08544921875,204.8614501953125,21.691938400268555,230.95628356933594,179.89541625976562,227.6898193359375
2024-10-31,143.02456665039062,1249.6270751953125,466.1575012207031,134.59169006347656,535.28955078125,203.1990966796875,21.467201232910156,217.7857666015625,179.4113311767578,222.8246612548828
2024-11-01,144.2795867919922,1268.62158203125,470.8860778808594,135.97447204589844,548.686767578125,205.8393096923828,21.799419403076172,220.7180633544922,180.57318115234375,224.1868896484375
2024-11-04,141.43165588378906,1244.128662109375,461.3304443359375,134.7069091796875,549.486572265625,206.23045349121094,21.262008666992188,217.73605346679688,178.3462677001953,216.20802307128906
2024-11-05,144.7622833251953,1279.6181640625,473.15185546875,136.18576049804688,559.884521484375,212.39096069335938,22.053468704223633,227.0796661376953,181.6382293701172,220.8785858154297
2024-11-06,148.9135284423828,1342.599365234375,488.421142578125,136.70428466796875,573.881591796875,214.7378387451172,22.81562042236328,222.95457458496094,189.3839874267578,215.04039001464844
2024-11-07,154.89901733398438,1381.5877685546875,533.7365112304688,138.66323852539062,552.6859130859375,218.16033935546875,23.792734146118164,233.9382781982422,192.8695831298828,218.7379150390625
2024-11-08,155.5265350341797,1377.0892333984375,537.8740844726562,136.64666748046875,553.0858764648438,214.93341064453125,24.144495010375977,231.60235595703125,192.38546752929688,219.90554809570312
2024-11-11,156.829833984375,1393.0843505859375,556.5912475585938,139.70033264160156,571.8819580078125,220.50718688964844,25.190006256103516,240.34959411621094,194.22509765625,224.57611083984375
2024-11-12,155.2852020263672,1381.087890625,565.4573364257812,134.55328369140625,557.8848876953125,212.0976104736328,25.092296600341797,242.48667907714844,191.6108856201172,230.60891723632812
2024-11-13,151.08567810058594,1344.0989990234375,564.2752075195312,132.95924377441406,557.4849243164062,214.151123046875,24.76007652282715,240.74717712402344,190.54586791992188,240.1446533203125
2024-11-14,148.2860107421875,1314.6077880859375,557.9705200195312,133.4009552001953,545.0875854492188,213.6621856689453,24.564651489257812,235.28016662597656,186.6729736328125,235.66868591308594
2024-11-15,146.06558227539062,1286.6160888671875,567.2305297851562,132.555908203125,538.6888427734375,212.29318237304688,24.212892532348633,233.54066467285156,185.80157470703125,233.5280303955078
2024-11-18,146.16212463378906,1295.6134033203125,573.7323608398438,133.03604125976562,539.0888061523438,213.46661376953125,24.31060218811035,238.51068115234375,185.7047576904297,234.30645751953125
2024-11-19,148.6239013671875,1312.1085205078125,595.7988891601562,131.806884765625,527.4910888671875,213.1732635498047,24.642822265625,247.2081756591797,189.19033813476562,241.70150756835938
2024-11-20,146.6448211669922,1299.6121826171875,587.5240478515625,132.36386108398438,526.0914306640625,213.2710418701172,24.53533935546875,241.6914825439453,189.3839874267578,241.31228637695312
2024-11-21,147.2240753173828,1324.604736328125,596.9810791015625,133.95790100097656,540.6884765625,214.54225158691406,25.01412582397461,246.51239013671875,192.09500122070312,247.73431396484375
2024-11-22,143.02456665039062,1333.102294921875,609.7876586914062,132.45989990234375,545.4873657226562,215.22677612304688,24.926185607910156,243.03338623046875,188.51258850097656,250.65341186523438
2024-11-25,136.94253540039062,1297.113037109375,599.9364624023438,132.82479858398438,542.4879150390625,213.3688201904297,24.427858352661133,235.42929077148438,180.8636474609375,255.323974609375
2024-11-26,137.2803955078125,1297.6129150390625,608.60546875,131.26914978027344,541.88818359375,213.3688201904297,24.554880142211914,240.00169372558594,181.1541290283203,250.2642059326172
2024-11-27,135.15650939941406,1285.1165771484375,606.832275390625,133.84268188476562,539.4886474609375,212.78211975097656,24.379003524780273,237.36756896972656,180.96046447753906,255.12939453125
2024-11-28,138.10101318359375,1289.6151123046875,611.1668090820312,139.37384033203125,545.4873657226562,214.24891662597656,24.89687156677246,235.1807861328125,183.09056091308594,254.93475341796875
2024-11-29,136.60464477539062,1226.634033203125,613.1370239257812,141.69769287109375,558.4846801757812,215.61790466308594,24.887100219726562,237.41729736328125,182.4127960205078,252.79408264160156
2024-12-02,136.94253540039062,1254.6256103515625,618.8507080078125,144.5401153564453,572.8817749023438,216.88912963867188,25.258403778076172,240.54840087890625,183.28421020507812,259.021484375
2024-12-03,138.8849639892578,1259.124267578125,625.3524780273438,146.0381317138672,591.2779541015625,222.26734924316406,25.571081161499023,245.91600036621094,185.5111083984375,259.6053161621094
2024-12-04,137.86517333984375,1260.1240234375,642.2965087890625,148.09310913085938,594.6773071289062,223.53855895996094,25.717649459838867,245.17047119140625,188.51258850097656,262.7190246582031
2024-12-05,138.05941772460938,1246.6280517578125,648.4042358398438,147.44012451171875,588.478515625,207.20831298828125,26.020553588867188,247.15847778320312,187.73800659179688,263.4974670410156
2024-12-06,137.71949768066406,1229.13330078125,642.0994873046875,148.9957733154297,586.279052734375,208.18617248535156,25.80558967590332,245.0710906982422,187.0602569580078,258.826904296875
2024-12-09,135.7770538330078,1198.642333984375,603.876953125,150.72425842285156,582.27978515625,205.74151611328125,24.57442283630371,229.46527099609375,184.0587921142578,246.56666564941406
2024-12-10,133.54324340820312,1178.6483154296875,596.3900756835938,149.99444580078125,565.6832885742188,201.34115600585938,24.291061401367188,227.47726440429688,183.86512756347656,244.62060546875
2024-12-11,134.70870971679688,1197.642578125,609.590576171875,150.03286743164062,576.8809814453125,205.6437530517578,25.033668518066406,231.80116271972656,185.60792541503906,247.34510803222656
2024-12-12,135.29144287109375,1214.1376953125,617.4714965820312,153.5474395751953,575.2813110351562,203.49246215820312,25.141151428222656,232.59637451171875,185.5111083984375,252.59950256347656
2024-12-13,134.02883911132812,1198.642333984375,606.832275390625,153.854736328125,572.4818725585938,204.47032165527344,25.160694122314453,230.35987854003906,184.0587921142578,250.2642059326172
2024-12-16,133.78604125976562,1196.642822265625,614.5161743164062,151.5885009765625,583.6795654296875,205.74151611328125,25.414743423461914,231.90057373046875,184.0587921142578,251.23724365234375
2024-12-17,132.57200622558594,1169.6510009765625,603.6798706054688,152.24148559570312,580.8800659179688,207.0127410888672,25.102067947387695,222.358154296875,183.38101196289062,248.31813049316406
2024-12-18,133.44610595703125,1173.14990234375,604.0739135742188,152.5487823486328,586.6788940429688,209.359619140625,25.2779483795166,223.749755859375,183.1873779296875,248.31813049316406
2024-12-19,135.43711853027344,1165.6522216796875,610.9697875976562,150.30174255371094,579.4803466796875,206.5238037109375,25.023897171020508,223.6006622314453,186.4793243408203,251.62646484375
2024-12-20,133.4946746826172,1155.6552734375,602.4976806640625,148.630859375,575.2813110351562,205.3503875732422,24.965269088745117,224.9425811767578,185.22064208984375,246.9558868408203
2024-12-23,133.10618591308594,1157.15478515625,610.378662109375,147.7858123779297,575.4812622070312,204.95925903320312,25.160694122314453,233.7394561767578,185.7047576904297,251.23724365234375
2024-12-24,133.78604125976562,1158.1544189453125,610.378662109375,147.59376525878906,575.4812622070312,205.05702209472656,25.160694122314453,233.7394561767578,185.99522399902344,251.23724365234375
2024-12-27,134.07740783691406,1155.1553955078125,608.60546875,149.1302032470703,577.8806762695312,206.3282470703125,25.307260513305664,233.39158630371094,186.57614135742188,251.821044921875
2024-12-30,133.54324340820312,1144.658447265625,605.4530639648438,148.2467498779297,570.2822875976562,205.74151611328125,25.33657455444336,232.29818725585938,189.57763671875,249.0965576171875
2024-12-31,134.66014099121094,1148.1573486328125,605.4530639648438,148.630859375,568.482666015625,207.40390014648438,25.33657455444336,232.29818725585938,190.9331512451172,249.0965576171875
2025-01-02,133.640380859375,1153.156005859375,595.0108642578125,153.77792358398438,588.2786254882812,210.1418914794922,25.463598251342773,231.40357971191406,189.67445373535156,247.73431396484375
2025-01-03,132.76626586914062,1152.656005859375,606.4381713867188,152.27989196777344,584.8793334960938,206.9149627685547,25.580852508544922,230.9065704345703,188.0284881591797,243.4529571533203
2025-01-06,133.78604125976562,1145.1583251953125,597.3751220703125,153.29779052734375,569.8823852539062,208.9684600830078,25.404972076416016,230.9065704345703,188.2221221923828,241.89610290527344
2025-01-07,135.5342559814453,1153.65576171875,607.8173828125,152.10704040527344,576.48095703125,211.1197509765625,25.62970733642578,225.48927307128906,190.25538635253906,244.42599487304688
2025-01-08,141.26446533203125,1189.6448974609375,639.1441040039062,152.27989196777344,577.8806762695312,211.41311645507812,26.675220489501953,233.24246215820312,199.64712524414062,254.54554748535156
2025-01-09,139.6619415283203,1186.1461181640625,639.5381469726562,150.35935974121094,581.2800903320312,215.7156982421875,26.68499183654785,231.9502716064453,199.2598419189453,245.39903259277344
2025-01-10,140.0018768310547,1191.6444091796875,640.3262329101562,151.3004150390625,579.88037109375,215.52011108398438,27.06606674194336,228.96827697753906,199.64712524414062,242.67454528808594
2025-01-13,139.9533233642578,1181.1474609375,635.20361328125,149.2646484375,567.2830200195312,214.05331420898438,26.772932052612305,228.1233673095703,199.64712524414062,237.2255401611328
2025-01-14,141.07022094726562,1186.6458740234375,645.2518920898438,149.78318786621094,566.2831420898438,217.57362365722656,27.232175827026367,230.50897216796875,199.4534912109375,240.1446533203125
2025-01-15,141.16734313964844,1187.6456298828125,646.6310424804688,148.2467498779297,563.2837524414062,217.3780517578125,27.183319091796875,231.60235595703125,197.1297607421875,240.5338592529297
2025-01-16,142.91552734375,1212.1383056640625,675.7904663085938,150.9547119140625,578.6805419921875,219.04042053222656,27.720733642578125,234.58438110351562,197.90432739257812,241.31228637695312
2025-01-17,144.22669982910156,1222.1353759765625,684.0654907226562,154.39248657226562,587.8787231445312,222.36512756347656,27.984554290771484,222.1593475341797,197.3234100341797,244.2313995361328
2025-01-20,145.2950439453125,1224.134765625,682.0952758789062,156.9276123046875,595.2771606445312,221.68063354492188,28.101808547973633,221.1653594970703,199.0662078857422,248.31813049316406
2025-01-21,146.8004150390625,1248.127685546875,694.9017333984375,156.8123779296875,593.8773803710938,222.56069946289062,28.20928955078125,228.22276306152344,201.9708709716797,252.0156707763672
2025-01-22,147.7716522216797,1244.628662109375,707.1171875,158.57928466796875,603.2755126953125,227.93893432617188,28.648990631103516,227.72576904296875,202.358154296875,260.77294921875
2025-01-23,148.4515380859375,1258.1246337890625,722.6820678710938,160.0388946533203,611.4738159179688,232.6326446533203,29.030065536499023,233.3418731689453,202.9390869140625,266.8057861328125
2025-01-24,147.9173583984375,1237.6307373046875,720.7118530273438,160.40377807617188,605.4750366210938,231.26365661621094,28.766244888305664,232.3975830078125,201.5835723876953,266.6111755371094
2025-01-27,148.01446533203125,1243.1290283203125,712.4368896484375,159.25146484375,589.6782836914062,229.8946533203125,28.53173828125,231.35386657714844,202.55178833007812,263.69207763671875
2025-01-28,149.76266479492188,1250.6268310546875,721.3029174804688,160.17333984375,582.6797485351562,232.82821655273438,28.57082176208496,230.21078491210938,205.26280212402344,262.5243835449219
2025-01-29,147.8687744140625,1195.1434326171875,731.3511352539062,160.00047302246094,584.0794677734375,232.43707275390625,28.805328369140625,231.50296020507812,201.9708709716797,264.8597412109375
2025-01-30,150.10260009765625,1208.139404296875,735.8826293945312,159.71241760253906,595.8770141601562,233.12156677246094,28.942127227783203,233.19277954101562,208.7484130859375,262.7190246582031
2025-01-31,151.6079864501953,1223.634765625,744.1576538085938,160.48060607910156,605.8749389648438,234.58836364746094,29.56747817993164,239.0076904296875,210.8784942626953,261.94061279296875
2025-02-03,152.82203674316406,1230.6326904296875,752.629638671875,159.96206665039062,595.2771606445312,234.39279174804688,29.880155563354492,241.84059143066406,210.10391235351562,260.3837585449219
2025-02-04,155.29864501953125,1210.1387939453125,746.9159545898438,159.42433166503906,593.4774780273438,234.6861572265625,29.508852005004883,236.22447204589844,211.84671020507812,258.0484924316406
2025-02-05,154.6673583984375,1207.6397705078125,737.6558837890625,160.26934814453125,601.67578125,235.95736694335938,29.352516174316406,236.87057495117188,212.0403594970703,254.93475341796875
2025-02-06,151.0252685546875,1184.646484375,695.8869018554688,161.2296142578125,605.8749389648438,235.6640167236328,28.5219669342041,226.13536071777344,203.71365356445312,250.2642059326172
2025-02-07,153.06483459472656,1196.642822265625,712.6339111328125,160.28855895996094,602.6756591796875,238.20645141601562,28.678306579589844,212.11993408203125,205.65008544921875,235.08489990234375
2025-02-10,154.52166748046875,1180.1478271484375,720.1207275390625,160.78790283203125,613.2734375,240.35772705078125,28.727161407470703,216.79176330566406,210.49119567871094,220.4893798828125
2025-02-11,156.60980224609375,1204.640625,720.5148315429688,160.57664489746094,619.8720703125,239.57545471191406,29.26457405090332,216.9905548095703,211.0721435546875,220.4893798828125
2025-02-12,155.5900115966797,1209.13916015625,717.1654052734375,163.13096618652344,620.6718139648438,240.9444580078125,29.225488662719727,216.2947540283203,210.2975616455078,220.8785858154297
2025-02-13,158.2608642578125,1247.627685546875,745.7338256835938,163.22698974609375,624.2711791992188,240.35772705078125,29.880155563354492,225.2407684326172,211.26577758789062,221.65701293945312
2025-02-14,160.59181213378906,1227.6336669921875,804.8408813476562,161.8249969482422,624.4710693359375,240.55331420898438,30.95498275756836,243.13279724121094,211.84671020507812,223.9923095703125
2025-02-17,173.16915893554688,1337.6009521484375,917.7352905273438,163.72633361816406,635.2689208984375,246.51824951171875,33.47593307495117,282.4455261230469,225.59544372558594,239.36622619628906
2025-02-18,177.19972229003906,1336.101318359375,914.9769897460938,166.12701416015625,644.2670288085938,245.7359619140625,34.198997497558594,284.2844543457031,225.59544372558594,242.2853240966797
2025-02-19,179.04507446289062,1344.598876953125,918.91748046875,162.2091064453125,642.4674682617188,246.42047119140625,35.088172912597656,292.3855895996094,227.72552490234375,249.2911834716797
2025-02-20,177.782470703125,1283.616943359375,876.3603515625,158.52166748046875,618.2724609375,242.41122436523438,34.003578186035156,292.2861633300781,226.75730895996094,250.06959533691406
2025-02-21,177.00550842285156,1255.1256103515625,880.8919067382812,153.6434783935547,611.2738647460938,238.7931671142578,34.3455696105957,295.06939697265625,226.5636749267578,260.1891174316406
2025-02-24,180.35621643066406,1304.6107177734375,937.2406616210938,157.81105041503906,606.074951171875,237.52194213867188,35.029544830322266,297.90228271484375,234.1157989501953,257.8538818359375
2025-02-25,183.9011688232422,1365.592529296875,938.6197509765625,157.58059692382812,614.873046875,239.57545471191406,35.8991813659668,308.190185546875,235.66493225097656,262.3298034667969
2025-02-26,184.72671508789062,1344.598876953125,955.5637817382812,160.86473083496094,630.8698120117188,243.1935272216797,36.65155792236328,307.3453063964844,236.82681274414062,266.0273132324219
2025-02-27,187.68894958496094,1391.0848388671875,986.1024780273438,158.57928466796875,731.448974609375,242.99795532226562,38.10745620727539,316.29132080078125,239.9251251220703,261.74603271484375
2025-02-28,186.13497924804688,1406.080322265625,991.5205688476562,159.11703491210938,743.8464965820312,244.56253051757812,37.677528381347656,317.6331787109375,238.56961059570312,265.63812255859375
2025-03-03,216.00010681152344,1611.019287109375,1127.466796875,167.4521942138672,776.6397705078125,252.1898193359375,43.75518035888672,354.3615417480469,273.8128356933594,307.8677978515625
2025-03-04,221.43896484375,1569.0318603515625,1105.3016357421875,162.03627014160156,786.23779296875,249.35403442382812,42.50447463989258,345.3658752441406,266.4543762207031,305.1432800292969
2025-03-05,238.33824157714844,1621.0162353515625,1184.603515625,165.91575622558594,805.0338134765625,254.9278564453125,44.17533493041992,366.4884033203125,277.8793640136719,317.0143127441406
2025-03-06,240.08645629882812,1633.0128173828125,1181.15576171875,166.18463134765625,804.6339721679688,252.97213745117188,45.11336898803711,372.7506103515625,287.1742858886719,314.2897644042969
2025-03-07,229.88861083984375,1566.03271484375,1098.40576171875,162.82366943359375,801.234619140625,245.24703979492188,42.21133804321289,357.29388427734375,277.4920654296875,303.58642578125
2025-03-10,229.4029998779297,1568.531982421875,1102.3463134765625,156.6395263671875,732.6487426757812,233.12156677246094,42.01591491699219,366.5877685546875,276.1365966796875,293.8560791015625
2025-03-11,227.9461669921875,1575.0301513671875,1136.8253173828125,156.5242919921875,747.245849609375,233.31715393066406,42.748748779296875,381.1001892089844,279.041259765625,300.6673583984375
2025-03-12,231.9281768798828,1583.5274658203125,1246.1734619140625,157.58059692382812,780.8388671875,244.95367431640625,42.71943664550781,386.16961669921875,282.33319091796875,299.888916015625
2025-03-13,230.0828399658203,1590.025634765625,1268.8310546875,155.77528381347656,771.2408447265625,239.67323303222656,43.051658630371094,372.7506103515625,281.9458923339844,306.8947448730469
2025-03-14,242.90301513671875,1656.5057373046875,1348.6256103515625,162.4779815673828,796.2357177734375,245.14923095703125,46.11979675292969,397.5509338378906,298.01837158203125,321.295654296875
2025-03-17,241.25192260742188,1636.0118408203125,1347.6405029296875,164.4369354248047,801.4345703125,247.20274353027344,45.63124084472656,403.2664794921875,303.24676513671875,325.7715759277344
2025-03-18,245.13681030273438,1654.50634765625,1423.987060546875,164.95547485351562,811.0325927734375,247.20274353027344,46.647438049316406,409.0813293457031,305.957763671875,312.538330078125
2025-03-19,239.98934936523438,1672.5009765625,1359.4619140625,164.49456787109375,812.6322631835938,252.28762817382812,47.10668182373047,387.2630310058594,306.3450622558594,316.0412292480469
2025-03-20,236.1044464111328,1643.009765625,1316.11669921875,160.71107482910156,796.4356079101562,246.90939331054688,46.35430145263672,386.9648132324219,296.662841796875,310.00848388671875
2025-03-21,233.09364318847656,1595.0240478515625,1285.578125,160.0196990966797,800.4347534179688,244.8558807373047,44.83977508544922,377.7702941894531,297.2437744140625,305.92169189453125
2025-03-24,237.6584014892578,1583.5274658203125,1299.8623046875,160.57664489746094,789.8370361328125,245.44259643554688,43.78449630737305,394.718017578125,300.7293701171875,303.97564697265625
2025-03-25,241.05767822265625,1569.53173828125,1299.8623046875,165.4740447998047,801.6345825195312,248.27838134765625,44.22419357299805,399.29046630859375,304.2149658203125,302.6134033203125
2025-03-26,243.77711486816406,1575.0301513671875,1333.3563232421875,163.76473999023438,801.4345703125,245.24703979492188,44.88862991333008,395.6623229980469,305.3768310546875,307.8677978515625
2025-03-27,242.80587768554688,1584.02734375,1329.908447265625,161.9978485107422,796.8355102539062,242.90016174316406,45.220848083496094,401.87481689453125,304.9895324707031,303.78106689453125
2025-03-28,239.5037384033203,1564.0333251953125,1290.5037841796875,159.65476989746094,771.0408325195312,240.25994873046875,44.01899719238281,389.8971252441406,299.18023681640625,294.4399108886719
2025-03-31,238.53250122070312,1559.0347900390625,1299.3697509765625,156.3130340576172,748.8453979492188,236.64187622070312,43.804039001464844,391.2887268066406,295.3073425292969,298.7212829589844
2025-04-01,242.90301513671875,1585.027099609375,1333.848876953125,161.38327026367188,779.2391967773438,239.67323303222656,44.98634338378906,401.3281555175781,296.85650634765625,304.5594787597656
2025-04-02,239.2123565673828,1570.031494140625,1277.6971435546875,156.27464294433594,755.64404296875,238.9887237548828,43.598838806152344,384.87744140625,290.0789794921875,296.19134521484375
2025-04-03,245.13681030273438,1620.0166015625,1332.86376953125,151.7421417236328,745.8460083007812,228.0366973876953,45.04496765136719,409.18072509765625,292.4026794433594,308.0623779296875
2025-04-04,231.0540771484375,1517.04736328125,1257.0096435546875,141.06390380859375,658.864013671875,213.46661376953125,39.455875396728516,377.1241760253906,270.9081726074219,282.7635192871094
2025-04-07,221.24472045898438,1497.0533447265625,1225.4859619140625,131.36517333984375,635.6687622070312,196.84300231933594,38.146541595458984,367.2835693359375,258.3213195800781,284.7095642089844
2025-04-08,233.28790283203125,1566.03271484375,1295.921875,134.66851806640625,679.0598754882812,206.71939086914062,40.98994445800781,398.0479431152344,275.1683654785156,292.1046447753906
2025-04-09,228.91738891601562,1571.5311279296875,1287.0557861328125,128.1770782470703,663.4630126953125,196.06072998046875,39.7880973815918,391.7857360839844,273.2319030761719,288.2124938964844
2025-04-10,238.53250122070312,1621.5162353515625,1358.9693603515625,133.9195098876953,693.4569091796875,207.3061065673828,41.341705322265625,407.7394714355469,281.3649597167969,295.99676513671875
2025-04-11,238.04690551757812,1657.0054931640625,1340.2520751953125,129.5022430419922,693.6568603515625,200.16773986816406,41.58598709106445,412.42266845703125,282.1395263671875,296.19134521484375
2025-04-14,245.23394775390625,1692.4949951171875,1418.5689697265625,133.72744750976562,709.4535522460938,206.13267517089844,43.2079963684082,428.01678466796875,291.4344482421875,307.47857666015625
2025-04-15,252.22677612304688,1742.9798583984375,1471.7652587890625,135.3406982421875,731.6489868164062,210.72860717773438,45.435813903808594,444.3084716796875,299.95477294921875,316.9170227050781
2025-04-16,249.89581298828125,1741.4803466796875,1462.4066162109375,134.91818237304688,724.0505981445312,209.75074768066406,44.28282165527344,439.9241638183594,297.6310729980469,312.92755126953125
2025-04-17,245.7195587158203,1715.191162109375,1442.2117919921875,131.0386962890625,714.3118286132812,207.5016632080078,44.01899719238281,438.4793395996094,293.95184326171875,312.92755126953125
2025-04-22,245.6224365234375,1705.1929931640625,1404.7772216796875,130.64593505859375,715.91162109375,209.6529541015625,43.61838150024414,436.5362854003906,290.46624755859375,304.85137939453125
2025-04-23,243.58285522460938,1666.6998291015625,1362.909912109375,136.32107543945312,727.7100830078125,214.54225158691406,42.84646224975586,420.34429931640625,291.62811279296875,293.27227783203125
2025-04-24,234.3562469482422,1683.69677734375,1361.9246826171875,134.7697296142578,735.1092529296875,216.009033203125,43.344791412353516,423.93145751953125,288.72344970703125,301.8349609375
2025-04-25,227.07208251953125,1682.197021484375,1365.865234375,138.0491485595703,755.3067016601562,225.00535583496094,43.598838806152344,424.62896728515625,287.9488525390625,304.3648681640625
2025-04-28,227.26629638671875,1680.1973876953125,1319.564697265625,141.70166015625,754.306884765625,226.1787872314453,42.84646224975586,419.7962646484375,288.14251708984375,304.75408935546875
2025-04-29,232.80227661132812,1729.1885986328125,1431.8680419921875,141.36781311035156,752.70703125,225.29869079589844,44.165565490722656,436.0380859375,298.01837158203125,311.3706970214844
2025-04-30,237.85264587402344,1734.1876220703125,1476.69091796875,144.47048950195312,754.1068725585938,227.8411407470703,44.751834869384766,446.3013000488281,306.9259948730469,324.6039733886719
2025-05-01,237.85264587402344,1741.6864013671875,1476.69091796875,144.47048950195312,766.9052734375,227.8411407470703,44.751834869384766,446.3013000488281,306.9259948730469,324.6039733886719
2025-05-02,245.6224365234375,1778.6796875,1552.5447998046875,152.14862060546875,783.9031982421875,237.9130859375,47.048057556152344,461.3474426269531,314.28448486328125,331.6097717285156
2025-05-05,244.26272583007812,1778.6796875,1602.785888671875,155.40838623046875,783.9031982421875,238.0108642578125,47.653865814208984,460.35101318359375,319.5128479003906,336.5722351074219
2025-05-06,242.41738891601562,1770.18115234375,1620.51806640625,153.7981414794922,781.1035766601562,238.4020233154297,46.87217330932617,454.4222106933594,314.28448486328125,333.55584716796875
2025-05-07,241.5432891845703,1728.688720703125,1609.1890869140625,151.7755126953125,765.9054565429688,237.3263702392578,46.696292877197266,453.7247314453125,310.0243225097656,332.58282470703125
2025-05-08,246.20516967773438,1745.6856689453125,1675.6845703125,155.50657653808594,793.9019775390625,244.66030883789062,47.87860107421875,463.48974609375,315.4463195800781,348.92816162109375
2025-05-09,239.2123565673828,1687.696044921875,1668.788818359375,155.5654754638672,791.5022583007812,242.70458984375,46.295677185058594,448.19451904296875,304.6022644042969,318.4886779785156
2025-05-12,232.12242126464844,1665.2000732421875,1570.2769775390625,155.70294189453125,784.903076171875,244.7581024169922,44.302364349365234,432.1021728515625,290.2726135253906,309.9734802246094
2025-05-13,232.41378784179688,1673.1986083984375,1584.561279296875,158.17723083496094,800.9010620117188,246.02932739257812,44.39030456542969,425.02752685546875,291.4344482421875,313.7906494140625
2025-05-14,233.38502502441406,1700.6937255859375,1576.244384765625,156.6062469482422,796.9015502929688,246.42047119140625,44.43915939331055,429.36199951171875,290.6598815917969,316.9226379394531
2025-05-15,239.7950897216797,1754.6839599609375,1665.3536376953125,156.33132934570312,815.8992309570312,248.962890625,46.22727966308594,443.31201171875,297.8247375488281,326.6123962402344
2025-05-16,243.58285522460938,1762.1826171875,1705.9478759765625,157.33282470703125,809.4999389648438,250.4296875,47.8004264831543,447.2977294921875,299.5675354003906,330.3316955566406
2025-05-19,245.81668090820312,1776.6800537109375,1735.1558837890625,158.96270751953125,819.0988159179688,253.36325073242188,48.797088623046875,457.3616943359375,300.34210205078125,335.1275939941406
2025-05-20,249.9913787841797,1796.176513671875,1762.3837890625,158.90379333496094,817.4990234375,255.41677856445312,49.87191390991211,452.3795471191406,302.22979736328125,329.940185546875
2025-05-21,250.7772216796875,1818.6724853515625,1777.2353515625,159.15908813476562,824.2982177734375,253.85218811035156,50.575435638427734,460.5004577636719,306.1625061035156,341.1959533691406
2025-05-22,254.90283203125,1841.6683349609375,1752.4827880859375,158.3343048095703,838.8963623046875,254.83004760742188,50.047794342041016,461.7460021972656,305.9659118652344,338.7490539550781
2025-05-23,252.4470977783203,1842.6680908203125,1765.84912109375,154.4461669921875,835.69677734375,249.15847778320312,50.184593200683594,464.6854553222656,299.87017822265625,339.2384033203125
2025-05-26,257.3585205078125,1842.6680908203125,1823.7701416015625,157.3131866455078,835.69677734375,254.24334716796875,51.84568405151367,471.0128173828125,303.4096374511719,343.6428527832031
2025-05-27,262.1717224121094,1899.657958984375,1870.3050537109375,159.25726318359375,851.4948120117188,256.32000732421875,53.05730438232422,475.2974548339844,306.5557861328125,350.592041015625
2025-05-28,267.57427978515625,1910.6558837890625,1879.2159423828125,159.39471435546875,857.694091796875,256.6166687011719,54.07350540161133,487.254638671875,315.4044189453125,354.9964599609375
2025-05-29,262.1717224121094,1882.1610107421875,1859.908935546875,159.61073303222656,850.8948974609375,256.7155456542969,52.88142776489258,487.254638671875,312.8481750488281,354.9964599609375
2025-05-30,262.662841796875,1901.15771484375,1866.3446044921875,159.1394500732422,866.0930786132812,258.49554443359375,52.9791374206543,482.82049560546875,313.43804931640625,351.9623107910156
2025-06-02,265.41326904296875,1919.1544189453125,1800.997802734375,159.63037109375,868.6926879882812,258.8910827636719,52.43195343017578,485.0126647949219,316.9775085449219,351.8644104003906
2025-06-03,267.27960205078125,1956.647705078125,1816.8394775390625,163.4203338623047,894.0895385742188,262.0555419921875,53.233184814453125,495.8737487792969,318.1573486328125,361.3094482421875
2025-06-04,263.0557861328125,1962.146728515625,1814.8592529296875,167.0924835205078,891.0899658203125,262.54998779296875,51.92385482788086,485.5108642578125,311.07843017578125,357.8837890625
2025-06-05,267.770751953125,1981.64306640625,1863.374267578125,162.4973907470703,876.291748046875,261.56109619140625,53.05730438232422,509.5746765136719,314.224609375,374.81634521484375
2025-06-06,256.86737060546875,1930.15234375,1770.3045654296875,162.3402862548828,884.8906860351562,262.7477722167969,51.41575241088867,509.5746765136719,309.89862060546875,358.3242492675781
2025-06-09,254.5098876953125,1922.15380859375,1756.938232421875,162.4973907470703,888.09033203125,262.7477722167969,50.86857223510742,473.00567626953125,303.016357421875,358.3242492675781
2025-06-10,245.27642822265625,1871.6629638671875,1654.95751953125,160.94606018066406,879.891357421875,257.4077453613281,47.66363525390625,428.3157653808594,292.9879150390625,364.04998779296875
2025-06-11,244.7852783203125,1866.1639404296875,1702.9775390625,160.6514892578125,893.2897338867188,257.01220703125,47.223934173583984,445.1055908203125,297.90380859375,371.92901611328125
2025-06-12,245.17819213867188,1884.6605224609375,1730.700439453125,159.84637451171875,887.2904663085938,255.2322235107422,47.29233169555664,445.8031005859375,299.67352294921875,376.82281494140625
2025-06-13,246.16049194335938,1938.6507568359375,1777.7303466796875,158.6485137939453,869.8925170898438,250.38665771484375,47.497528076171875,458.3581237792969,299.0836486816406,376.6759948730469
2025-06-16,246.25869750976562,1927.65283203125,1742.5816650390625,159.08053588867188,885.2907104492188,256.2210998535156,47.995853424072266,466.92742919921875,300.4600830078125,376.8717346191406
2025-06-17,243.80299377441406,1930.65234375,1711.3934326171875,157.82376098632812,890.489990234375,256.9132995605469,47.13599395751953,483.61767578125,299.87017822265625,380.6889343261719
2025-06-18,243.90122985839844,1931.6522216796875,1723.769775390625,160.02310180664062,890.8899536132812,259.0888671875,47.03828430175781,493.8310546875,300.6567077636719,381.6676940917969
2025-06-19,241.5437469482422,1919.654296875,1703.9676513671875,158.8252410888672,882.6909790039062,255.034423828125,46.0611686706543,490.34356689453125,298.49371337890625,379.71014404296875
2025-06-20,244.9817352294922,1897.6583251953125,1740.1064453125,164.4611053466797,887.6903076171875,257.30889892578125,45.96345520019531,490.34356689453125,299.87017822265625,386.02313232421875
2025-06-23,242.23135375976562,1879.6614990234375,1722.7796630859375,163.97018432617188,886.490478515625,256.1222229003906,44.955657958984375,480.9771423339844,299.0836486816406,379.9548645019531
2025-06-24,233.5872344970703,1800.6756591796875,1669.3140869140625,167.50486755371094,909.0877685546875,260.1766662597656,44.461639404296875,471.1124572753906,287.08880615234375,370.46087646484375
2025-06-25,238.10574340820312,1818.6724853515625,1720.7994384765625,168.4278106689453,916.686767578125,260.77001953125,45.65716552734375,488.3507080078125,291.6114501953125,360.2817687988281
2025-06-26,245.17819213867188,1887.16015625,1846.0474853515625,172.90509033203125,933.6846923828125,264.3299865722656,47.61347579956055,519.1404418945312,297.1172790527344,369.62890625
2025-06-27,241.4455108642578,1861.664794921875,1733.6707763671875,174.96697998046875,954.0821533203125,269.1755676269531,46.072139739990234,509.3753967285156,293.57781982421875,370.9991760253906
2025-06-30,245.17819213867188,1886.1602783203125,1779.215576171875,174.04403686523438,967.48046875,272.8344421386719,47.20838165283203,525.7168579101562,295.1509094238281,382.5485534667969
2025-07-01,232.1138153076172,1862.66455078125,1685.6507568359375,169.19366455078125,939.4839477539062,261.9566650390625,44.84697341918945,489.8453674316406,286.1056213378906,367.5245666503906
2025-07-02,234.07838439941406,1849.1669921875,1712.383544921875,172.00177001953125,943.2835693359375,263.3410949707031,44.90625762939453,486.40765380859375,287.8753356933594,355.19219970703125
2025-07-03,239.08802795410156,1876.162109375,1681.6903076171875,173.5531005859375,954.2821655273438,267.0,45.22242736816406,489.2972717285156,288.8585205078125,355.9752197265625
2025-07-04,240.26678466796875,1879.16162109375,1737.6312255859375,172.19815063476562,962.4810791015625,266.8022155761719,45.321231842041016,492.2367858886719,291.21820068359375,359.59661865234375
2025-07-07,243.99945068359375,1874.1624755859375,1785.1561279296875,174.0636749267578,969.6802368164062,271.6477966308594,46.062259674072266,497.7171325683594,292.0047302246094,363.3648376464844
2025-07-08,241.83843994140625,1876.162109375,1811.888916015625,175.67391967773438,966.2806396484375,271.9444274902344,46.41795349121094,484.7635498046875,289.4484558105469,361.3583984375
2025-07-09,243.50830078125,1876.162109375,1842.0870361328125,179.051513671875,984.2785034179688,276.4933166503906,46.38831329345703,493.23321533203125,289.8417053222656,317.6077880859375
2025-07-10,241.93666076660156,1876.6619873046875,1827.235595703125,179.97445678710938,975.279541015625,272.9333190917969,46.0820198059082,487.4040832519531,291.414794921875,319.1248779296875
2025-07-11,246.5533905029297,1899.157958984375,1821.7899169921875,179.89590454101562,987.8779907226562,276.3944396972656,46.7242431640625,487.45391845703125,297.7071533203125,321.96331787109375
2025-07-14,250.08963012695312,1910.156005859375,1861.39404296875,179.67990112304688,998.2766723632812,278.0755615234375,48.008689880371094,489.64605712890625,302.8197021484375,315.160888671875
2025-07-15,243.60653686523438,1882.1610107421875,1809.90869140625,176.8717803955078,990.2777099609375,276.78997802734375,47.20838165283203,483.51800537109375,295.3475341796875,316.1885681152344
2025-07-16,242.13311767578125,1860.1650390625,1799.017578125,177.7161865234375,988.2779541015625,276.8888854980469,45.8844108581543,472.1088562011719,290.0383605957031,309.8755798339844
2025-07-17,244.39236450195312,1898.6580810546875,1822.780029296875,181.9185333251953,1009.8753051757812,280.6466369628906,47.02065658569336,478.5856628417969,289.2518310546875,311.3437194824219
2025-07-18,246.062255859375,1939.6507568359375,1817.33447265625,182.8414764404297,1004.8759155273438,282.1299743652344,48.5323486328125,557.2040405273438,290.6282653808594,314.2310791015625
2025-07-21,242.13311767578125,1900.15771484375,1797.037353515625,182.64511108398438,999.87646484375,279.9544372558594,48.117374420166016,526.2150268554688,284.72918701171875,306.4988708496094
2025-07-22,239.48094177246094,1859.1651611328125,1736.64111328125,178.03038024902344,983.07861328125,272.4388732910156,47.7320442199707,519.5390014648438,281.3863830566406,307.67340087890625
2025-07-23,233.78370666503906,1858.665283203125,1759.4134521484375,180.05300903320312,983.278564453125,275.50445556640625,48.06797409057617,539.0690307617188,257.5933837890625,305.373291015625
2025-07-24,233.9801483154297,1849.6668701171875,1728.2252197265625,179.2871551513672,985.478271484375,275.9989013671875,47.000892639160156,530.3004150390625,262.9025573730469,303.4646911621094
2025-07-25,235.84649658203125,1846.16748046875,1716.8389892578125,176.93069458007812,977.079345703125,274.4166564941406,46.99101638793945,528.1083374023438,260.7395935058594,300.4794921875
2025-07-28,225.6307373046875,1804.675048828125,1660.4031982421875,174.41714477539062,981.2788696289062,272.73553466796875,45.63740158081055,508.08001708984375,264.8689270019531,298.52197265625
2025-07-29,231.72088623046875,1820.672119140625,1717.8291015625,176.1844940185547,1005.875732421875,278.57000732421875,47.27754211425781,524.12255859375,268.40838623046875,302.68170166015625
2025-07-30,230.93507385253906,1784.6787109375,1715.3538818359375,175.61500549316406,987.8779907226562,277.67999267578125,47.3664665222168,528.7061157226562,266.8352966308594,301.8497314453125
2025-07-31,231.6226806640625,1803.6751708984375,1718.32421875,172.84616088867188,1071.86767578125,286.2833251953125,46.70448303222656,531.7951049804688,267.8184509277344,303.1710510253906
2025-08-01,231.32798767089844,1816.1729736328125,1690.601318359375,166.03208923339844,1064.8685302734375,277.185546875,45.51884078979492,524.3218383789062,265.4588317871094,298.3751525878906
2025-08-04,232.31027221679688,1835.1695556640625,1747.5322265625,169.19366455078125,1089.865478515625,284.5033264160156,46.76376724243164,524.4214477539062,266.8352966308594,303.1221618652344
2025-08-05,232.70318603515625,1838.1689453125,1751.49267578125,172.0214080810547,1072.867431640625,284.3055419921875,47.60359573364258,532.4925537109375,265.85211181640625,304.3456115722656
2025-08-06,234.27484130859375,1857.6654052734375,1765.84912109375,174.67242431640625,1087.865478515625,286.8766784667969,49.075767517089844,539.8661499023438,269.1949157714844,298.52197265625
2025-08-07,227.10415649414062,1758.183349609375,1624.7593994140625,174.18148803710938,1076.9114990234375,287.9644470214844,46.062259674072266,520.8343505859375,265.4588317871094,291.6706237792969
2025-08-08,224.94313049316406,1737.187255859375,1604.4622802734375,173.0229034423828,1071.4119873046875,287.9644470214844,44.886497497558594,501.6032409667969,264.0823974609375,291.6706237792969
2025-08-11,224.2555389404297,1715.6910400390625,1530.20458984375,172.6105194091797,1081.9111328125,284.0088806152344,44.5703239440918,496.82037353515625,262.9025573730469,287.3151550292969
2025-08-12,226.7112579345703,1727.6888427734375,1547.5313720703125,177.57872009277344,1090.4105224609375,287.37109375,45.37063217163086,502.0018005371094,267.4252014160156,293.3834533691406
2025-08-13,227.49708557128906,1731.188232421875,1581.19482421875,176.30230712890625,1081.4112548828125,286.1844177246094,46.14130401611328,497.7669372558594,267.4252014160156,289.2726745605469
2025-08-14,233.2925567626953,1774.6802978515625,1624.7593994140625,180.44573974609375,1101.4095458984375,290.3377685546875,47.22814178466797,518.7418212890625,271.1612854003906,293.0408935546875
2025-08-15,231.22975158691406,1759.68310546875,1604.9573974609375,183.489501953125,1073.911865234375,288.5577697753906,47.22814178466797,508.1796875,270.96466064453125,290.8876647949219
2025-08-18,234.37306213378906,1790.1776123046875,1631.690185546875,180.8777618408203,1081.9111328125,289.74444580078125,48.72007751464844,530.8983154296875,273.12762451171875,297.1517028808594
2025-08-19,224.74668884277344,1720.6900634765625,1552.48193359375,180.50465393066406,1059.4129638671875,288.85443115234375,43.770015716552734,493.63177490234375,264.67230224609375,278.9956970214844
2025-08-20,225.33604431152344,1726.6890869140625,1542.0858154296875,175.88992309570312,1025.915771484375,285.9866638183594,44.32331466674805,496.6708984375,266.638671875,281.0021667480469
2025-08-21,227.202392578125,1759.1832275390625,1592.5810546875,177.63763427734375,1040.41455078125,289.25,46.46735382080078,507.1832275390625,270.5713806152344,286.92364501953125
2025-08-22,228.18467712402344,1763.682373046875,1606.4425048828125,177.44126892089844,1042.9144287109375,287.272216796875,46.78352355957031,516.3504028320312,268.998291015625,288.734375
2025-08-25,228.28289794921875,1763.682373046875,1633.67041015625,177.2645263671875,1042.9144287109375,286.6788635253906,47.870365142822266,533.0904541015625,273.9141845703125,289.9577941894531
2025-08-26,221.21044921875,1771.180908203125,1619.3138427734375,176.6165008544922,1057.4130859375,284.79998779296875,47.95928955078125,536.8768310546875,270.374755859375,292.0132141113281
2025-08-27,223.17501831054688,1766.181884765625,1619.3138427734375,175.02589416503906,1056.4132080078125,284.0088806152344,47.78144454956055,534.8839721679688,267.8184509277344,288.00030517578125
2025-08-28,221.99627685546875,1766.6817626953125,1621.2940673828125,175.37936401367188,1058.4130859375,284.6022033691406,47.78144454956055,537.17578125,266.8352966308594,290.4961242675781
2025-08-29,221.21044921875,1757.18359375,1672.7794189453125,175.81137084960938,1069.912109375,281.73443603515625,48.14701461791992,533.2897338867188,265.4588317871094,293.6770935058594
2025-09-01,220.22817993164062,1790.677490234375,1731.195556640625,178.6980438232422,1099.90966796875,282.4266662597656,50.33057403564453,538.1722412109375,265.6554870605469,301.6540222167969
2025-09-02,216.2990264892578,1767.1817626953125,1731.6905517578125,175.90956115722656,1068.912109375,276.3944396972656,48.3545036315918,528.4072265625,259.9530334472656,293.08984375
2025-09-03,219.83526611328125,1777.179931640625,1736.64111328125,181.3490447998047,1081.9111328125,278.4710998535156,48.611392974853516,530.1011352539062,265.2621765136719,293.77496337890625
2025-09-04,218.16537475585938,1760.6829833984375,1707.9281005859375,183.46986389160156,1069.412109375,277.77886962890625,46.65508270263672,504.09429931640625,265.4588317871094,290.7897644042969
2025-09-05,218.2635955810547,1776.6800537109375,1727.235107421875,180.50465393066406,1075.41162109375,275.10888671875,46.5760383605957,512.66357421875,264.67230224609375,292.3068542480469
2025-09-08,220.62109375,1795.1766357421875,1773.27490234375,184.41246032714844,1092.4102783203125,276.2955322265625,46.82304763793945,520.3361206054688,266.638671875,292.84515380859375
2025-09-09,224.1573028564453,1792.17724609375,1761.3936767578125,184.1375274658203,1086.9107666015625,276.8888854980469,46.694602966308594,508.08001708984375,267.8184509277344,288.2939147949219
2025-09-10,230.93507385253906,1831.670166015625,1819.314697265625,185.13902282714844,1099.40966796875,277.77886962890625,47.82096481323242,518.9411010742188,273.9141845703125,300.4794921875
2025-09-11,239.38272094726562,1947.1492919921875,1861.88916015625,190.48033142089844,1123.40771484375,282.0311279296875,49.1943359375,530.698974609375,278.2402038574219,303.1710510253906
2025-09-12,246.062255859375,1980.643310546875,1877.7308349609375,189.7144775390625,1129.9071044921875,282.4266662597656,49.89583969116211,535.182861328125,285.1224670410156,302.6327819824219
2025-09-15,257.55499267578125,2015.636962890625,1930.7012939453125,192.7386016845703,1145.4058837890625,285.29443359375,51.73358917236328,532.5922241210938,298.8869934082031,307.7712707519531
2025-09-16,253.1347198486328,1996.1405029296875,1882.186279296875,189.419921875,1130.4071044921875,280.6466369628906,50.172489166259766,515.8522338867188,294.5610046386719,303.7093811035156
2025-09-17,248.81265258789062,1955.14794921875,1869.8099365234375,188.2220458984375,1115.9083251953125,276.69110107421875,48.90780258178711,514.1582641601562,288.2686462402344,298.0325927734375
2025-09-18,248.32151794433594,1949.64892578125,1900.503173828125,188.2220458984375,1129.4072265625,281.6355285644531,49.30302047729492,506.58538818359375,288.8585205078125,297.6410827636719
2025-09-19,242.82070922851562,1951.1485595703125,1908.9190673828125,190.34286499023438,1149.905517578125,288.3599853515625,49.243736267089844,525.1189575195312,275.68389892578125,298.66876220703125
2025-09-22,246.35694885253906,1967.145751953125,1920.80029296875,191.59963989257812,1148.9056396484375,291.1288757324219,51.10124588012695,552.321533203125,278.0435485839844,310.4139099121094
2025-09-23,245.96401977539062,1950.648681640625,1893.077392578125,190.73561096191406,1163.9044189453125,288.3599853515625,49.99464416503906,532.3928833007812,278.0435485839844,304.9817810058594
2025-09-24,251.75949096679688,1993.1409912109375,1958.9193115234375,190.30360412597656,1173.4036865234375,289.348876953125,52.26713180541992,561.5883178710938,281.7796325683594,311.5884094238281
2025-09-25,251.85772705078125,1998.14013671875,1958.9193115234375,190.34286499023438,1170.4039306640625,288.9533386230469,52.207847595214844,571.054443359375,281.3863830566406,312.8118896484375
2025-09-26,254.7063446044922,2011.6376953125,1941.097412109375,192.16912841796875,1182.40283203125,292.7110900878906,52.36593246459961,571.9512329101562,277.06036376953125,312.2735290527344
2025-09-29,258.8319396972656,2045.631591796875,1968.8203125,192.22802734375,1163.4044189453125,292.5133056640625,53.4527702331543,580.3212890625,281.5830078125,315.89495849609375
2025-09-30,261.8770446777344,2058.629150390625,1964.85986328125,193.81863403320312,1189.90234375,296.76556396484375,53.37372970581055,572.449462890625,279.81329345703125,312.1756896972656
2025-10-01,259.3230895996094,2036.63330078125,1931.69140625,195.46817016601562,1176.9033203125,295.0844421386719,53.35396957397461,562.285888671875,280.9930725097656,314.42681884765625
2025-10-02,268.1636657714844,2059.629150390625,1966.3450927734375,198.38427734375,1167.4041748046875,300.2266540527344,54.994110107421875,564.3783569335938,283.1560974121094,322.5015869140625
2025-10-03,266.1990966796875,2054.6298828125,1943.07763671875,199.85707092285156,1168.4039306640625,299.7322082519531,55.1324348449707,565.175537109375,284.72918701171875,327.8847961425781
2025-10-06,257.6531982421875,2015.636962890625,1870.3050537109375,197.45152282714844,1154.4052734375,294.78778076171875,54.69770050048828,554.8941650390625,276.0771789550781,325.48681640625
2025-10-07,255.68862915039062,1992.1412353515625,1865.849609375,198.7770233154297,1153.4052734375,295.381103515625,54.22344207763672,544.6127319335938,276.2738342285156,311.5884094238281
2025-10-08,260.1089172363281,2028.6346435546875,1914.3646240234375,201.5753173828125,1152.4052734375,300.4244384765625,55.52764892578125,548.206298828125,280.7964782714844,317.0205383300781
2025-10-09,258.14434814453125,2014.63720703125,1885.1566162109375,200.93710327148438,1154.9051513671875,299.6333312988281,54.816261291503906,537.0265502929688,279.4200134277344,303.7086486816406
2025-10-10,252.938232421875,1982.14306640625,1863.374267578125,198.33518981933594,1138.406494140625,293.99664306640625,52.26713180541992,525.9466552734375,274.3074645996094,301.5392761230469
2025-10-13,250.4825439453125,1951.1485595703125,1860.8990478515625,198.67884826660156,1128.4073486328125,294.78778076171875,52.1683235168457,513.369384765625,271.5545654296875,298.5317687988281
2025-10-14,253.03648376464844,1954.1480712890625,1820.3048095703125,199.61160278320312,1123.90771484375,296.1722106933594,51.75334930419922,506.9809875488281,271.7511901855469,296.90478515625
2025-10-15,244.9817352294922,1900.65771484375,1727.7301025390625,199.31704711914062,1112.40869140625,293.4033508300781,49.57966995239258,482.0761413574219,265.4588317871094,293.45355224609375
2025-10-16,249.30380249023438,1907.656494140625,1756.938232421875,201.72259521484375,1139.9063720703125,299.435546875,50.1922492980957,482.3756103515625,269.3915710449219,294.83404541015625
2025-10-17,241.05259704589844,1831.170166015625,1645.0565185546875,196.7642059326172,1102.909423828125,293.6011047363281,47.52455139160156,461.064208984375,265.2621765136719,286.2552490234375
2025-10-20,249.9913787841797,1861.664794921875,1742.086669921875,200.00433349609375,1126.9073486328125,299.7322082519531,49.57966995239258,478.98175048828125,269.3915710449219,288.22735595703125
2025-10-21,251.17013549804688,1870.1632080078125,1762.8787841796875,203.588134765625,1134.4068603515625,304.6766662597656,50.212013244628906,479.53076171875,269.3915710449219,289.50927734375
2025-10-22,254.60813903808594,1870.6632080078125,1733.17578125,202.06625366210938,1102.409423828125,300.7210998535156,49.89583969116211,492.2576904296875,276.6670837402344,287.68505859375
2025-10-23,256.08154296875,1871.298095703125,1748.5223388671875,203.4899444580078,1108.408935546875,304.3799743652344,50.725791931152344,491.4591369628906,279.0267333984375,289.70648193359375
2025-10-24,248.91085815429688,1861.2991943359375,1746.5421142578125,204.6681671142578,1120.907958984375,301.1166687011719,50.626991271972656,521.255126953125,275.88055419921875,291.1855773925781
2025-10-27,247.1427764892578,1863.2989501953125,1714.36376953125,204.81544494628906,1120.907958984375,300.2266540527344,50.44914245605469,509.1770324707031,274.3074645996094,289.9036865234375
2025-10-28,248.22328186035156,1882.296875,1727.7301025390625,203.98086547851562,1145.9058837890625,301.9077453613281,51.12100601196289,514.6670532226562,275.2906494140625,289.8544006347656
2025-10-29,242.23135375976562,1869.29833984375,1713.8687744140625,204.6190643310547,1159.40478515625,300.2266540527344,50.48866271972656,512.3712158203125,270.374755859375,290.9390563964844
2025-10-30,241.4455108642578,1860.29931640625,1688.1259765625,208.841064453125,1167.904052734375,302.00665283203125,49.91560363769531,509.6761169433594,268.40838623046875,237.83935546875
2025-10-31,242.52601623535156,1870.798095703125,1684.66064453125,209.52835083007812,1166.9041748046875,304.4788818359375,50.271297454833984,523.0518798828125,274.1108093261719,255.44064331054688
2025-11-03,245.07997131347656,1863.2989501953125,1755.9481201171875,210.26473999023438,1164.904296875,306.8522033691406,51.456939697265625,520.8558349609375,280.20654296875,255.5392608642578
2025-11-04,242.624267578125,1849.8004150390625,1711.8885498046875,208.98834228515625,1147.40576171875,306.2588806152344,50.40962219238281,524.3494873046875,273.9141845703125,252.63037109375
2025-11-05,235.84649658203125,1848.300537109375,1690.106201171875,208.49742126464844,1156.905029296875,303.489990234375,49.89583969116211,513.8684692382812,267.03192138671875,249.96798706054688
2025-11-06,234.27484130859375,1810.8045654296875,1691.0963134765625,204.86453247070312,1131.4071044921875,299.435546875,49.036251068115234,510.7741394042969,265.85211181640625,243.80506896972656
2025-11-07,236.73056030273438,1806.8050537109375,1731.6905517578125,204.27542114257812,1138.406494140625,297.75445556640625,49.91560363769531,514.5672607421875,268.60504150390625,243.5585479736328
2025-11-10,237.02525329589844,1821.803466796875,1769.314453125,207.2700958251953,1160.9046630859375,305.566650390625,50.1922492980957,523.9502563476562,270.5713806152344,245.43206787109375
2025-11-11,236.337646484375,1798.805908203125,1714.36376953125,207.17190551757812,1152.4052734375,305.4677734375,49.352420806884766,517.8612670898438,271.7511901855469,242.42457580566406
2025-11-12,236.73056030273438,1791.806640625,1727.7301025390625,208.1537628173828,1152.4052734375,306.7533264160156,49.57966995239258,523.351318359375,272.734375,239.95941162109375
2025-11-13,239.38272094726562,1806.3050537109375,1733.17578125,206.43551635742188,1120.407958984375,303.489990234375,50.74555206298828,532.4348754882812,273.32427978515625,243.75575256347656
2025-11-14,235.1588897705078,1806.8050537109375,1709.9083251953125,202.7535400390625,1105.9091796875,301.01776123046875,49.856319427490234,524.4493408203125,269.58819580078125,241.48780822753906
2025-11-17,238.40042114257812,1804.8052978515625,1705.9478759765625,203.53903198242188,1094.4100341796875,302.5010986328125,50.468902587890625,537.525634765625,281.97625732421875,245.4813690185547
2025-11-18,234.5695343017578,1804.8052978515625,1699.0172119140625,200.4461669921875,1073.411865234375,295.87554931640625,49.55990982055664,514.3676147460938,276.6670837402344,239.36776733398438
2025-11-19,228.77403259277344,1724.31396484375,1580.204833984375,199.56251525878906,1066.412353515625,295.47998046875,47.14910125732422,491.00994873046875,268.60504150390625,233.10623168945312
2025-11-20,231.6226806640625,1754.8106689453125,1620.799072265625,200.69163513183594,1078.911376953125,296.96331787109375,48.51258850097656,502.189697265625,269.58819580078125,240.84686279296875
2025-11-21,222.88034057617188,1712.815185546875,1504.4619140625,199.0715789794922,1037.9146728515625,286.1844177246094,45.489200592041016,479.1314697265625,261.3294677734375,228.52102661132812
2025-11-24,219.5405731201172,1651.82177734375,1428.718994140625,196.42056274414062,1028.91552734375,279.3611145019531,44.43199920654297,452.42987060546875,259.75640869140625,225.95724487304688
2025-11-25,222.2909698486328,1620.8250732421875,1453.4715576171875,198.0897216796875,1044.9141845703125,283.1188659667969,44.84697341918945,458.1694641113281,259.1664733886719,227.88009643554688
2025-11-26,221.60337829589844,1643.8226318359375,1480.699462890625,201.13348388671875,1057.9130859375,285.8877868652344,45.02482223510742,469.3492126464844,263.29583740234375,230.4931640625
2025-11-27,222.4874267578125,1653.821533203125,1499.016357421875,200.4461669921875,1058.4130859375,285.78887939453125,45.63740158081055,481.0779724121094,264.8689270019531,241.58641052246094
2025-11-28,221.4069061279297,1650.3218994140625,1465.847900390625,200.74073791503906,1067.912353515625,287.0744323730469,46.34878921508789,474.73944091796875,266.04876708984375,236.36026000976562
2025-12-01,215.61143493652344,1609.326416015625,1433.6695556640625,189.08609008789062,1036.914794921875,282.9211120605469,45.133506774902344,461.96258544921875,261.1328430175781,233.8950958251953
2025-12-02,218.42311096191406,1623.8248291015625,1475.2537841796875,187.0438232421875,1045.9141845703125,286.9755554199219,45.41015625,469.09967041015625,265.2621765136719,235.3741912841797
2025-12-03,221.48143005371094,1643.3226318359375,1503.966796875,194.52557373046875,1062.91259765625,293.4033508300781,46.17094421386719,467.95172119140625,264.67230224609375,237.14910888671875
2025-12-04,221.67874145507812,1686.3179931640625,1524.759033203125,193.44554138183594,1090.910400390625,290.73333740234375,46.78352355957031,477.3846435546875,266.245361328125,242.37527465820312
2025-12-05,221.1854705810547,1672.8194580078125,1514.3629150390625,193.13133239746094,1084.4110107421875,289.6455383300781,46.63532257080078,488.36474609375,265.0655822753906,242.7696990966797
2025-12-08,223.94781494140625,1690.817626953125,1569.3135986328125,194.48631286621094,1106.9091796875,291.7221984863281,47.61347579956055,497.2486267089844,265.4588317871094,248.09446716308594
2025-12-09,229.7684783935547,1726.313720703125,1625.2545166015625,191.8942108154297,1110.90869140625,291.5244140625,48.868282318115234,510.1752014160156,272.3410949707031,252.92617797851562
2025-12-10,224.9343719482422,1706.31591796875,1594.0662841796875,190.460693359375,1105.9091796875,290.73333740234375,48.0580940246582,504.1860656738281,266.638671875,244.0022735595703
2025-12-11,225.32899475097656,1690.817626953125,1586.6405029296875,189.7733917236328,1099.90966796875,288.0633239746094,47.0700569152832,502.5889587402344,265.6554870605469,246.56605529785156
2025-12-12,227.99269104003906,1700.3165283203125,1600.0068359375,190.49996948242188,1096.409912109375,288.0633239746094,47.60359573364258,506.7813720703125,267.6218566894531,247.60142517089844
2025-12-15,228.19000244140625,1693.3172607421875,1557.927490234375,192.56185913085938,1113.908447265625,289.74444580078125,47.57395553588867,507.4800720214844,267.6218566894531,248.04515075683594
2025-12-16,224.44110107421875,1664.3204345703125,1487.1351318359375,189.45919799804688,1097.9097900390625,290.4366760253906,45.71644592285156,483.0743408203125,264.0823974609375,243.26272583007812
2025-12-17,224.44110107421875,1680.818603515625,1511.8876953125,186.9456329345703,1101.909423828125,290.4366760253906,45.84489440917969,490.31121826171875,264.67230224609375,248.98191833496094
2025-12-18,228.09133911132812,1715.31494140625,1534.6600341796875,190.51959228515625,1143.906005859375,298.05108642578125,47.72216033935547,503.1878662109375,268.21173095703125,253.1234130859375
2025-12-19,226.71017456054688,1723.81396484375,1544.0660400390625,192.2869415283203,1169.9039306640625,302.8966369628906,48.63115692138672,507.7795715332031,270.1781005859375,254.65179443359375
2025-12-22,227.4007568359375,1717.314697265625,1529.70947265625,192.16912841796875,1154.9051513671875,298.84222412109375,48.81888198852539,512.07177734375,267.6218566894531,255.98300170898438
2025-12-23,225.92092895507812,1709.8155517578125,1525.7491455078125,193.15098571777344,1159.90478515625,297.06219482421875,48.858402252197266,528.2424926757812,266.4420166015625,257.06768798828125
2025-12-24,225.52630615234375,1711.3153076171875,1525.7491455078125,192.40476989746094,1149.405517578125,295.97442626953125,48.858402252197266,528.2424926757812,267.2285461425781,257.06768798828125
2025-12-29,224.04647827148438,1698.3167724609375,1510.8975830078125,192.4440460205078,1136.9066162109375,291.02996826171875,47.90000534057617,522.75244140625,265.85211181640625,255.2434539794922
2025-12-30,226.61151123046875,1713.8150634765625,1545.5511474609375,195.33070373535156,1152.9052734375,294.0955505371094,48.57187271118164,536.6272583007812,267.8184509277344,254.99693298339844
2025-12-31,226.71017456054688,1713.8150634765625,1545.5511474609375,194.8004913330078,1149.905517578125,294.0955505371094,48.57187271118164,536.6272583007812,269.1949157714844,254.99693298339844
2026-01-02,231.8402557373047,1753.810791015625,1586.1453857421875,200.00433349609375,1196.901611328125,303.78668212890625,50.60722732543945,558.7870483398438,275.68389892578125,265.4492492675781
2026-01-05,242.791015625,1850.80029296875,1734.660888671875,204.22633361816406,1231.39892578125,309.3244323730469,53.768943786621094,595.8200073242188,287.08880615234375,274.07733154296875
2026-01-06,244.56680297851562,1881.2969970703125,1723.274658203125,205.60092163085938,1244.3978271484375,309.2255554199219,53.927032470703125,595.8200073242188,286.695556640625,278.7611389160156
2026-01-07,264.88983154296875,1925.792236328125,1806.9384765625,209.87200927734375,1258.8966064453125,319.01556396484375,56.673770904541016,625.5660400390625,300.4600830078125,281.1277160644531
2026-01-08,262.2261047363281,2022.78173828125,1832.68115234375,211.2957000732422,1272.3955078125,316.04888916015625,57.81989288330078,640.2394409179688,301.04998779296875,282.85333251953125
2026-01-09,262.4234313964844,2052.778564453125,1881.1961669921875,211.19752502441406,1293.393798828125,313.7744140625,57.780372619628906,680.7659912109375,303.4096374511719,295.0805358886719
2026-01-12,266.5669860839844,2092.774169921875,1871.295166015625,212.2284698486328,1286.894287109375,315.4555358886719,57.97797775268555,694.541015625,309.70196533203125,300.2080993652344
2026-01-13,260.64764404296875,2071.7763671875,1885.1566162109375,216.20498657226562,1304.892822265625,322.17999267578125,58.274391174316406,702.8259887695312,308.71881103515625,295.03125
2026-01-14,259.56243896484375,2037.7801513671875,1880.2060546875,211.54116821289062,1274.895263671875,316.6422119140625,57.40491485595703,691.5464477539062,305.9659118652344,296.5103454589844
2026-01-15,251.6699981689453,2040.77978515625,1894.5625,210.95205688476562,1272.8955078125,315.25775146484375,57.32587432861328,694.3413696289062,303.4096374511719,299.36993408203125
2026-01-16,258.0826110839844,2087.774658203125,1883.1763916015625,213.45578002929688,1285.3944091796875,317.13665771484375,58.31391143798828,706.519287109375,311.07843017578125,327.7686767578125
2026-01-19,260.8449401855469,2085.77490234375,1900.998291015625,206.58277893066406,1266.8958740234375,313.8733215332031,59.282188415527344,721.9912109375,323.4665222167969,324.9583740234375
2026-01-20,260.74627685546875,2065.777099609375,1890.1070556640625,204.17723083496094,1280.894775390625,312.7855224609375,58.84745407104492,728.4794921875,325.432861328125,327.02911376953125
2026-01-21,258.1812744140625,2061.777587890625,1835.1563720703125,203.63720703125,1254.8968505859375,312.09332275390625,57.97797775268555,721.29248046875,322.8765869140625,326.1909484863281
2026-01-22,248.0197296142578,1984.785888671875,1772.7799072265625,202.99900817871094,1243.8978271484375,302.6000061035156,56.179752349853516,690.248779296875,315.99432373046875,310.8576354980469
2026-01-23,255.02427673339844,2026.7813720703125,1811.888916015625,203.04811096191406,1252.8970947265625,306.95111083984375,57.36539840698242,717.4993896484375,328.5790710449219,316.03448486328125
2026-01-26,253.05116271972656,1972.787109375,1773.27490234375,198.72792053222656,1235.3984375,304.2811279296875,55.84382247924805,699.7315673828125,321.10687255859375,314.11163330078125
2026-01-27,257.3919982910156,2011.782958984375,1831.6910400390625,195.7823486328125,1239.898193359375,305.8633117675781,57.049224853515625,713.7062377929688,328.7756652832031,319.0912780761719
2026-01-28,256.99737548828125,1995.28466796875,1826.740478515625,191.52108764648438,1207.9007568359375,298.4466552734375,57.049224853515625,705.02197265625,320.3203125,316.5274963378906
2026-01-29,252.459228515625,1973.287109375,1777.7303466796875,190.48033142089844,1200.9013671875,295.2822265625,55.54740905761719,697.0364990234375,314.6178894042969,318.055908203125
2026-01-30,252.55789184570312,1973.7869873046875,1763.868896484375,189.89120483398438,1210.9005126953125,297.6555480957031,55.6264533996582,692.0455322265625,314.4212341308594,325.9444274902344
2026-02-02,253.54444885253906,1921.7926025390625,1711.8885498046875,190.28396606445312,1230.39892578125,298.84222412109375,55.29051971435547,675.4755859375,311.6683349609375,325.1062927246094
2026-02-03,255.2216033935547,1931.2916259765625,1743.0767822265625,186.78854370117188,1235.3984375,300.2266540527344,55.685733795166016,679.1688842773438,312.4548645019531,328.95196533203125
2026-02-04,249.69688415527344,1874.2977294921875,1662.87841796875,184.84446716308594,1217.4000244140625,297.35888671875,53.057559967041016,650.3211669921875,306.9490966796875,325.4513854980469
2026-02-05,245.35604858398438,1856.2996826171875,1555.4521484375,186.08160400390625,1207.4007568359375,299.1388854980469,52.286888122558594,638.04345703125,309.89862060546875,316.97125244140625
2026-02-06,243.77755737304688,1878.7972412109375,1588.62060546875,187.82931518554688,1228.8990478515625,304.5777587890625,52.563541412353516,655.611572265625,311.6683349609375,366.3238830566406
2026-02-09,253.93905639648438,1943.290283203125,1632.6802978515625,189.63592529296875,1274.895263671875,310.9066467285156,54.02583312988281,669.6860961914062,326.2193908691406,374.26171875
2026-02-10,249.10494995117188,1923.79248046875,1612.878173828125,188.1435089111328,1243.39794921875,304.5777587890625,52.91923522949219,646.528076171875,320.5169677734375,371.4021301269531
2026-02-11,242.59368896484375,1925.292236328125,1576.244384765625,183.8429718017578,1247.8974609375,301.51220703125,52.9587516784668,642.23583984375,316.19097900390625,355.62506103515625
2026-02-12,243.3829345703125,1924.7923583984375,1563.8680419921875,186.96527099609375,1225.8992919921875,303.8855285644531,52.62281799316406,626.5642700195312,317.7640686035156,358.82977294921875
2026-02-13,241.90310668945312,1967.7877197265625,1593.076171875,188.92898559570312,1270.8956298828125,329.1022033691406,53.433013916015625,637.5443115234375,324.2530517578125,363.26708984375
2026-02-16,248.0197296142578,2028.7811279296875,1603.96728515625,193.6222686767578,1297.8934326171875,334.4422302246094,55.369564056396484,623.869140625,337.4277038574219,365.73223876953125
2026-02-17,245.5533447265625,2028.7811279296875,1595.5513916015625,192.93496704101562,1296.8934326171875,337.1122131347656,54.836021423339844,626.46435546875,334.6747741699219,371.1063232421875
2026-02-18,256.0108337402344,2109.7724609375,1677.23486328125,197.00967407226562,1324.39111328125,343.34222412109375,57.40491485595703,652.6170043945312,344.1133117675781,391.12347412109375
2026-02-19,259.7597351074219,2162.7666015625,1726.2449951171875,183.7055206298828,1323.891357421875,338.29888916015625,58.49176025390625,671.6824951171875,343.9166564941406,387.47503662109375
2026-02-20,260.8449401855469,2164.766357421875,1722.7796630859375,186.29762268066406,1335.8902587890625,342.55108642578125,58.21510696411133,668.1887817382812,347.45611572265625,392.06024169921875
2026-02-23,250.0915069580078,2136.76953125,1684.66064453125,179.81735229492188,1332.8905029296875,342.1555480957031,57.286354064941406,648.2249755859375,340.1805725097656,386.2424621582031
2026-02-24,247.8224334716797,2140.76904296875,1707.43310546875,179.52279663085938,1309.8924560546875,336.8155517578125,58.45223617553711,656.7095947265625,340.5738525390625,382.1995849609375
2026-02-25,249.9928436279297,2105.772705078125,1665.3536376953125,181.13304138183594,1309.8924560546875,340.37554931640625,56.23903274536133,647.4263916015625,338.2142333984375,378.6004333496094
2026-02-26,250.78208923339844,2117.771484375,1657.432861328125,183.35205078125,1352.388916015625,342.7488708496094,55.70549774169922,650.021728515625,331.33197021484375,374.01519775390625
2026-02-27,251.47267150878906,2111.772216796875,1647.0367431640625,180.89739990234375,1333.3905029296875,336.2221984863281,56.12046813964844,652.2177734375,332.9050598144531,380.42462158203125
2026-03-02,252.459228515625,2240.75830078125,1611.39306640625,177.00924682617188,1353.8887939453125,332.36553955078125,57.52348327636719,648.9236450195312,332.9050598144531,389.052734375
2026-03-03,246.24395751953125,2219.760498046875,1564.3631591796875,172.23741149902344,1302.8929443359375,317.9277648925781,57.246829986572266,643.0343627929688,325.432861328125,380.96697998046875
2026-03-04,247.3291473388672,2268.755126953125,1622.2841796875,173.98512268066406,1362.8880615234375,323.3666687011719,59.67740249633789,661.6007080078125,341.16375732421875,392.2081604003906
2026-03-05,233.22142028808594,2149.76806640625,1531.689697265625,172.68907165527344,1289.89404296875,312.7855224609375,56.02166748046875,627.8618774414062,310.2919006347656,382.7912292480469
2026-03-06,238.0555419921875,2213.76123046875,1576.7393798828125,172.3159637451172,1264.8961181640625,314.1700134277344,57.918697357177734,652.117919921875,328.1857604980469,385.3056640625
2026-03-09,244.17218017578125,2258.75634765625,1608.917724609375,172.23741149902344,1238.398193359375,311.2033386230469,61.73251724243164,672.2813720703125,333.4949645996094,395.9552001953125
2026-03-10,247.1318359375,2248.75732421875,1636.640625,174.67242431640625,1310.892333984375,317.4333190917969,61.7127571105957,681.76416015625,339.5906677246094,396.8919677734375
2026-03-11,244.17218017578125,2227.759521484375,1505.4520263671875,173.710205078125,1300.3931884765625,314.6644592285156,59.716922760009766,662.69873046875,338.60748291015625,387.3271179199219
2026-03-12,251.47267150878906,2297.752197265625,1535.155029296875,168.91873168945312,1283.39453125,304.6766662597656,63.11576843261719,684.55908203125,342.7368469238281,403.5971984863281
2026-03-13,250.38748168945312,2306.751220703125,1576.7393798828125,165.3251495361328,1215.4002685546875,301.01776123046875,63.313377380371094,684.1598510742188,342.9334716796875,406.9991455078125
2026-03-16,246.44125366210938,2321.74951171875,1608.4227294921875,166.87648010253906,1229.89892578125,303.292236328125,63.03672409057617,686.8549194335938,340.3772277832031,407.1963806152344
2026-03-17,245.5533447265625,2330.74853515625,1618.81884765625,167.22994995117188,1246.8975830078125,301.51220703125,62.562469482421875,686.056396484375,340.3772277832031,402.3153381347656
2026-03-18,249.9928436279297,2329.74853515625,1589.6107177734375,167.21031188964844,1255.3968505859375,303.1933288574219,63.49122619628906,696.63720703125,342.1469421386719,413.8523254394531
2026-03-19,245.75067138671875,2307.7509765625,1534.6600341796875,160.98533630371094,1189.90234375,289.9422302246094,62.443904876708984,671.4827880859375,334.87139892578125,406.6540222167969
2026-03-20,239.04209899902344,2249.75732421875,1488.1251220703125,158.00048828125,1160.9046630859375,278.4710998535156,59.87500762939453,641.1378173828125,320.5169677734375,394.72259521484375
2026-03-23,235.8851318359375,2139.76904296875,1468.3231201171875,163.3810577392578,1182.90283203125,284.1077575683594,58.49176025390625,637.4444580078125,317.5674133300781,393.88446044921875
2026-03-24,237.06900024414062,2126.7705078125,1456.9368896484375,161.57444763183594,1165.404296875,278.9655456542969,57.286354064941406,635.9472045898438,315.7976989746094,384.22100830078125
2026-03-25,242.69235229492188,2151.767822265625,1471.7884521484375,165.40370178222656,1193.90185546875,284.8988952636719,58.31391143798828,633.6513671875,321.10687255859375,389.5950622558594
2026-03-26,238.3515167236328,2092.774169921875,1421.7882080078125,160.43548583984375,1149.905517578125,278.57000732421875,57.87917709350586,612.6893920898438,310.0952453613281,384.5661315917969
2026-03-27,234.7012481689453,2066.777099609375,1365.847412109375,157.50955200195312,1108.408935546875,275.306640625,55.942623138427734,590.62939453125,304.78607177734375,374.7054443359375
2026-03-30,242.791015625,2131.77001953125,1395.550537109375,156.29205322265625,1106.4091796875,271.3511047363281,54.994110107421875,603.5059814453125,307.9322509765625,392.2574462890625
2026-03-31,248.71034240722656,2199.7626953125,1430.2041015625,157.90231323242188,1131.9071044921875,276.2955322265625,57.345638275146484,616.2828979492188,313.83135986328125,406.9991455078125
2026-04-01,262.9167175292969,2294.75244140625,1565.8482666015625,164.85385131835938,1206.90087890625,287.37109375,61.890602111816406,662.0,330.1521301269531,413.01416015625
2026-04-02,263.90325927734375,2288.753173828125,1554.9571533203125,162.1439208984375,1188.40234375,284.1077575683594,61.5151481628418,642.0,330.9386901855469,413.01416015625
2026-04-07,261.3382263183594,2257.75634765625,1515.8480224609375,159.6696319580078,1142.506103515625,279.8555603027344,56.565086364746094,624.2999877929688,324.0564270019531,414.14813232421875
2026-04-08,266.6656188964844,2288.253173828125,1562.3829345703125,172.080322265625,1277.89501953125,309.62109375,56.9405403137207,631.0999755859375,332.51177978515625,410.4010925292969
2026-04-09,264.5938720703125,2268.755126953125,1534.8580322265625,167.70123291015625,1279.69482421875,312.4888916015625,58.728885650634766,623.7000122070312,330.9386901855469,417.599365234375
2026-04-10,255.71487426757812,2193.76318359375,1449.313232421875,166.42481994628906,1267.0958251953125,309.8188781738281,55.63633346557617,610.0,319.5337829589844,400.9348449707031
2026-04-13,262.02880859375,2245.2578125,1480.6004638671875,167.36741638183594,1269.2957763671875,306.6544494628906,57.10850524902344,620.0,324.84295654296875,403.4000244140625
2026-04-14,263.4100036621094,2231.25927734375,1471.887451171875,169.62567138671875,1312.0921630859375,313.8733215332031,56.84173583984375,615.7999877929688,324.6463317871094,398.5
2026-04-15,265.5804138183594,2251.257080078125,1500.204345703125,168.5652618408203,1286.6943359375,305.3688659667969,57.14802932739258,618.9000244140625,325.6295166015625,325.9997863769531
2026-04-16,263.8045959472656,2216.260986328125,1482.382568359375,168.6634521484375,1250.0972900390625,294.88665771484375,57.286354064941406,601.2999877929688,320.713623046875,308.7597961425781
2026-04-17,261.0422668457031,2255.256591796875,1480.40234375,176.2237548828125,1310.4923095703125,311.796630859375,56.999820709228516,595.5999755859375,321.10687255859375,305.80438232421875
2026-04-20,259.7597351074219,2239.25830078125,1461.1944580078125,173.1800079345703,1262.29638671875,299.6333312988281,57.40491485595703,589.5,316.7808837890625,303.8340759277344
2026-04-21,244.36949157714844,2144.7685546875,1416.8377685546875,170.52000427246094,1180.3031005859375,279.26220703125,54.6087760925293,570.7000122070312,306.5557861328125,303.4236145019531
2026-04-22,238.7461395263672,2112.77197265625,1408.718994140625,166.24000549316406,1138.5064697265625,269.47222900390625,54.213558197021484,564.7999877929688,299.67352294921875,307.1999816894531
2026-04-23,239.4367218017578,2080.0,1393.0753173828125,168.16000366210938,1160.1556396484375,275.8999938964844,53.68989944458008,586.2999877929688,302.0331726074219,328.1000061035156
2026-04-24,229.66983032226562,2020.5,1306.1441650390625,165.9199981689453,1129.35693359375,267.0,52.069522857666016,565.0,291.414794921875,314.5
2026-04-27,228.09133911132812,2036.0,1332.48095703125,165.55999755859375,1130.3568115234375,270.9555358886719,51.91143798828125,567.4000244140625,286.8921813964844,311.1000061035156
2026-04-28,227.99269104003906,2046.5,1329.9066162109375,166.10000610351562,1134.356689453125,268.2855224609375,51.782989501953125,569.7000122070312,287.28546142578125,304.0
2026-04-29,227.0061492919922,2001.0,1324.7581787109375,174.6199951171875,1098.5579833984375,265.8133239746094,51.51622009277344,559.7000122070312,285.7123718261719,303.79998779296875
2026-04-30,230.75503540039062,2042.5,1342.382080078125,174.8800048828125,1181.954833984375,269.9666442871094,52.38569259643555,560.0,291.8080749511719,310.0
2026-05-01,230.75503540039062,2034.5,1342.382080078125,174.8800048828125,1199.1541748046875,269.9666442871094,52.38569259643555,560.0,291.8080749511719,310.0
2026-05-04,230.064453125,2034.5,1374.4613037109375,176.17999267578125,1199.1541748046875,262.2533264160156,52.148563385009766,572.0999755859375,294.3643493652344,315.6000061035156
2026-05-05,233.12277221679688,2077.0,1421.1942138671875,177.86000061035156,1201.9541015625,269.2744140625,52.642581939697266,575.5999755859375,297.5105285644531,312.5
2026-05-06,237.75958251953125,2089.5,1427.332763671875,188.5,1279.151123046875,293.4033508300781,55.29051971435547,588.2000122070312,302.6230773925781,328.29998779296875
2026-05-07,232.7281494140625,2001.0,1328.322509765625,183.44000244140625,1279.7510986328125,291.5244140625,54.243202209472656,562.5,293.57781982421875,319.29998779296875
2026-05-08,224.83570861816406,1934.800048828125,1206.341796875,179.8800048828125,1219.75341796875,283.1188659667969,52.524017333984375,538.0,285.1224670410156,309.3999938964844
2026-05-11,221.97471618652344,1923.5,1173.8663330078125,175.47999572753906,1227.5531005859375,281.239990234375,50.69615173339844,525.7999877929688,282.17291259765625,296.70001220703125
2026-05-12,222.9612579345703,1926.0,1150.5,172.52000427246094,1190.9544677734375,277.58111572265625,49.396881103515625,510.1000061035156,279.61663818359375,298.1000061035156
2026-05-13,220.6921844482422,1928.5,1121.5999755859375,173.44000244140625,1204.9539794921875,278.3722229003906,49.243736267089844,491.6000061035156,278.2402038574219,292.29998779296875
2026-05-14,220.00160217285156,1923.0,1143.199951171875,172.74000549316406,1197.1541748046875,280.0533447265625,49.2585563659668,491.6000061035156,279.4200134277344,292.29998779296875
2026-05-15,216.4499969482422,1850.5,1120.0,167.67999267578125,1139.9564208984375,268.3844299316406,48.403907775878906,482.75,275.3999938964844,292.20001220703125
2026-05-18,219.8000030517578,1880.5,1172.0,170.3800048828125,1157.5557861328125,270.8566589355469,49.327720642089844,492.3500061035156,275.20001220703125,294.70001220703125
2026-05-19,226.3000030517578,1902.0,1207.0,169.10000610351562,1164.555419921875,271.1533508300781,50.32069778442383,513.9000244140625,279.6000061035156,304.20001220703125
2026-05-20,229.5,1926.0,1233.5999755859375,173.36000061035156,1224.55322265625,279.3611145019531,51.535980224609375,524.2000122070312,284.3999938964844,312.70001220703125
2026-05-21,226.8000030517578,1953.0,1209.4000244140625,165.9600067138672,1208.15380859375,276.59222412109375,50.73567199707031,527.2000122070312,286.0,311.79998779296875
2026-05-22,229.6999969482422,1993.5,1227.199951171875,169.52000427246094,1248.7523193359375,281.83331298828125,51.69406509399414,529.9000244140625,291.3999938964844,311.5
2026-05-25,232.10000610351562,1993.5,1243.5999755859375,174.25999450683594,1248.7523193359375,298.1499938964844,51.39765548706055,539.4000244140625,295.79998779296875,311.5
2026-05-26,230.3000030517578,1990.0,1237.199951171875,172.27999877929688,1261.1517333984375,295.1000061035156,52.00035858154297,540.5,293.6000061035156,320.0
2026-05-27,233.1999969482422,1965.5,1232.800048828125,173.6999969482422,1297.150390625,299.0,51.03208541870117,536.7000122070312,295.20001220703125,318.79998779296875
2026-05-28,239.60000610351562,2019.0,1284.0,177.6999969482422,1314.5498046875,303.0,53.768943786621094,576.2000122070312,303.20001220703125,333.1000061035156
2026-05-29,239.5,2023.0,1293.4000244140625,179.6999969482422,1337.348876953125,305.70001220703125,53.768943786621094,569.2999877929688,304.79998779296875,332.1000061035156
2026-06-01,230.0,1921.0,1207.0,173.17999267578125,1272.75146484375,297.0,51.8422737121582,536.2000122070312,291.20001220703125,322.8999938964844
2026-06-02,226.60000610351562,1908.5,1190.0,172.67999267578125,1280.551025390625,298.0,51.713829040527344,524.9000244140625,292.0,315.70001220703125
2026-06-03,224.89999389648438,1900.0,1200.4000244140625,169.3000030517578,1258.15185546875,293.79998779296875,50.26141357421875,517.5,286.6000061035156,307.5
2026-06-04,230.0,1916.0,1190.199951171875,177.0,1263.1517333984375,300.29998779296875,50.64674758911133,525.7999877929688,295.6000061035156,305.6000061035156
2026-06-05,232.39999389648438,1930.5,1209.800048828125,178.9600067138672,1259.951904296875,298.5,51.23957061767578,528.4000244140625,297.79998779296875,312.0
2026-06-08,232.3000030517578,1953.5,1199.800048828125,176.9600067138672,1261.1517333984375,294.5,50.77519226074219,531.7999877929688,298.3999938964844,316.3999938964844
2026-06-09,231.5,1933.5,1207.199951171875,175.74000549316406,1225.1531982421875,295.6000061035156,51.407535552978516,524.0999755859375,295.3999938964844,313.79998779296875
2026-06-10,234.0,1940.0,1197.199951171875,174.9600067138672,1233.5528564453125,291.5,51.69406509399414,524.5999755859375,297.79998779296875,298.0
2026-06-11,237.8000030517578,1942.5,1220.0,175.25999450683594,1252.752197265625,295.29998779296875,53.06743621826172,538.2999877929688,300.20001220703125,301.8999938964844
2026-06-12,234.6999969482422,1911.0,1205.5999755859375,179.27999877929688,1307.9500732421875,306.1000061035156,52.84019088745117,521.5999755859375,297.0,294.20001220703125
2026-06-15,230.60000610351562,1820.5,1150.199951171875,183.67999267578125,1358.34814453125,316.3999938964844,51.37789535522461,502.8999938964844,297.20001220703125,290.0
2026-06-16,228.10000610351562,1860.5,1145.5999755859375,185.3000030517578,1392.94677734375,324.0,51.081485748291016,505.29998779296875,299.20001220703125,292.29998779296875
2026-06-17,231.0,1865.0,1170.199951171875,187.02000427246094,1389.9468994140625,324.0,51.68418884277344,509.29998779296875,301.6000061035156,296.20001220703125
2026-06-18,232.60000610351562,1840.0,1178.5999755859375,191.94000244140625,1409.546142578125,333.5,51.1802864074707,503.3999938964844,301.20001220703125,294.0
2026-06-19,232.39999389648438,1846.5,1202.5999755859375,189.4199981689453,1408.1461181640625,329.3999938964844,52.029998779296875,503.3999938964844,302.0,306.1000061035156
2026-06-22,226.3000030517578,1811.0,1189.4000244140625,189.52000427246094,1411.74609375,331.20001220703125,50.08000183105469,502.8999938964844,293.0,293.3999938964844
2026-06-23,228.0,1825.0,1166.5999755859375,193.25999450683594,1391.1468505859375,331.1000061035156,50.43000030517578,505.20001220703125,296.6000061035156,301.3999938964844
2026-06-24,225.3000030517578,1824.5,949.0,195.10000610351562,1419.145751953125,338.3999938964844,48.029998779296875,491.0,295.0,290.79998779296875
2026-06-25,218.39999389648438,1792.0,949.0,195.0800018310547,1431.9453125,343.70001220703125,46.125,489.3500061035156,289.20001220703125,285.5
2026-06-26,216.5,1808.0,946.5999755859375,191.89999389648438,1406.146240234375,332.70001220703125,46.255001068115234,487.3999938964844,287.79998779296875,278.3999938964844
2026-06-29,220.5,1808.0,970.9000244140625,191.5800018310547,1415.1458740234375,336.5,46.060001373291016,498.8500061035156,283.6000061035156,293.1000061035156
2026-06-30,224.8000030517578,1844.0,990.5,194.5399932861328,1444.5447998046875,345.0,46.92499923706055,502.79998779296875,287.20001220703125,298.29998779296875
2026-07-01,229.39999389648438,1880.0,1050.5999755859375,198.22000122070312,1460.9442138671875,349.8999938964844,48.7599983215332,519.5,292.3999938964844,307.6000061035156
2026-07-02,240.39999389648438,1982.5,1115.0,203.89999389648438,1475.1435546875,353.29998779296875,51.939998626708984,564.2000122070312,307.20001220703125,323.5
2026-07-03,238.1999969482422,1981.5,1093.4000244140625,206.14999389648438,1504.1424560546875,356.70001220703125,52.529998779296875,562.7999877929688,306.0,328.1000061035156
2026-07-06,241.10000610351562,2025.0,1130.0,209.39999389648438,1503.9425048828125,357.1000061035156,54.91999816894531,587.7000122070312,311.20001220703125,331.20001220703125
2026-07-07,237.60000610351562,1971.0,1111.5999755859375,203.9499969482422,1447.7447509765625,347.20001220703125,53.93000030517578,600.0,303.79998779296875,323.5
2026-07-08,233.6999969482422,1925.7230224609375,1058.800048828125,197.36000061035156,1399.3465576171875,332.5,53.369998931884766,586.0,297.20001220703125,321.79998779296875
2026-07-09,226.8000030517578,1839.0,1013.2000122070312,196.52000427246094,1436.3450927734375,340.0,52.189998626708984,564.0,289.6000061035156,312.6000061035156
2026-07-10,223.3000030517578,1851.0,992.0,197.25999450683594,1438.3450927734375,336.1000061035156,51.81999969482422,546.5,287.0,299.5
2026-07-13,221.10000610351562,1848.0,979.2000122070312,195.27999877929688,1415.345947265625,330.1000061035156,51.150001525878906,529.5,283.6000061035156,279.0
2026-07-14,220.0,1853.0,979.9000244140625,195.94000244140625,1402.1463623046875,327.79998779296875,51.0,524.4000244140625,284.6000061035156,279.29998779296875
2026-07-15,220.5,1813.0,976.0999755859375,195.3800048828125,1391.346923828125,330.79998779296875,50.369998931884766,520.4000244140625,280.20001220703125,275.1000061035156
2026-07-16,220.10000610351562,1834.0,963.9000244140625,195.6199951171875,1378.347412109375,329.1000061035156,49.61000061035156,516.7000122070312,278.79998779296875,272.29998779296875
2026-07-17,223.10000610351562,1880.0,984.2000122070312,194.32000732421875,1365.5478515625,329.5,50.75,567.0,285.3999938964844,277.5
2026-07-20,223.89999389648438,1875.0,990.2999877929688,191.77999877929688,1357.9481201171875,324.70001220703125,49.904998779296875,574.5999755859375,282.0,277.1000061035156
2026-07-21,225.10000610351562,1909.0,995.4000244140625,194.60000610351562,1372.5474853515625,322.8999938964844,50.65999984741211,575.7999877929688,283.6000061035156,276.79998779296875
2026-07-22,226.8000030517578,1924.0,1007.7999877929688,208.3000030517578,1391.94677734375,327.29998779296875,51.15999984741211,586.7999877929688,288.0,282.20001220703125
2026-07-23,238.3000030517578,1965.0,1017.0,204.5,1358.9481201171875,321.3999938964844,51.880001068115234,597.0,304.6000061035156,291.79998779296875
2026-07-24,236.39999389648438,1971.0,1037.5999755859375,206.0500030517578,1415.5458984375,329.79998779296875,52.2599983215332,587.4000244140625,299.20001220703125,289.79998779296875
2026-07-27,243.39999389648438,2000.0,1050.5999755859375,208.89999389648438,1413.5460205078125,333.20001220703125,53.04999923706055,601.0,304.79998779296875,291.3999938964844
2026-07-28,249.3000030517578,2025.0,1086.800048828125,212.0,1419.3458251953125,343.0,54.04999923706055,615.4000244140625,310.20001220703125,296.5
2026-07-29,245.39999389648438,2020.0,1153.4000244140625,209.89999389648438,1379.947265625,339.79998779296875,53.72999954223633,599.5999755859375,303.0,293.5
2026-07-30,243.3000030517578,2050.0,1139.5999755859375,204.0,1462.944091796875,340.29998779296875,53.720001220703125,591.2999877929688,300.0,294.8999938964844
2026-07-31,243.3000030517578,2094.0,1139.5999755859375,204.0,1467.7440185546875,340.29998779296875,53.720001220703125,591.2999877929688,300.0,294.8999938964844
2026-08-03,253.8000030517578,2143.0,1175.0,208.0,1506.742431640625,351.29998779296875,54.709999084472656,615.0999755859375,304.79998779296875,302.8999938964844
2026-08-04,262.3999938964844,2184.0,1200.800048828125,214.10000610351562,1529.341552734375,356.3999938964844,56.529998779296875,619.7000122070312,310.20001220703125,308.20001220703125
2026-08-05,261.70001220703125,2156.0,1200.5999755859375,214.9499969482422,1570.3399658203125,358.5,57.400001525878906,624.9000244140625,310.79998779296875,311.70001220703125
