Date,HO.PA,BA.L,RHM.DE,AIR.PA,RR.L,SAF.PA,LDO.MI,SAAB-B.ST,AM.PA,KOG.OL
2023-08-07,128.70689392089844,1022.3460693359375,263.1724853515625,123.75587463378906,209.45675659179688,143.0930633544922,12.843331336975098,139.85768127441406,171.3796844482422,83.5009765625
2023-08-08,129.84085083007812,1025.8438720703125,261.5160827636719,123.17069244384766,207.85708618164062,142.5896759033203,12.877103805541992,138.57456970214844,171.47496032714844,83.99937438964844
2023-08-09,130.21885681152344,1027.3427734375,259.9571228027344,124.28441619873047,209.05685424804688,143.2866668701172,12.85297966003418,139.66029357910156,171.76075744628906,85.07284545898438
2023-08-10,129.03762817382812,1021.3466796875,258.6904602050781,124.62419891357422,207.75714111328125,143.6932373046875,12.877103805541992,137.4888916015625,171.8560028076172,83.30928039550781
2023-08-11,128.1871337890625,1015.8502197265625,253.428955078125,123.397216796875,207.65713500976562,142.4541473388672,12.7227144241333,137.4888916015625,163.2822723388672,84.03771209716797
2023-08-14,125.96643829345703,1017.349365234375,258.0083923339844,123.30282592773438,208.9568634033203,142.93817138671875,12.626218795776367,137.24212646484375,164.04437255859375,84.91948699951172
2023-08-15,124.64344787597656,1014.3511962890625,253.13665771484375,121.69831085205078,205.45758056640625,141.54421997070312,12.626218795776367,137.34080505371094,163.09173583984375,84.6894760131836
2023-08-16,123.79296112060547,1001.859130859375,243.49057006835938,121.45291137695312,204.15785217285156,141.54421997070312,12.418757438659668,136.8966827392578,162.5201416015625,84.30607604980469
2023-08-17,121.8084945678711,955.18896484375,241.05470275878906,120.4146957397461,202.35821533203125,140.11154174804688,12.365686416625977,135.66293334960938,160.51962280273438,83.27093505859375
2023-08-18,122.3282470703125,962.7841796875,243.00338745117188,119.58411407470703,201.1584930419922,138.833740234375,12.380160331726074,135.31748962402344,162.32962036132812,82.42749786376953
2023-08-21,123.60397338867188,959.9859619140625,242.61366271972656,120.92436218261719,201.8583526611328,140.09219360351562,12.476654052734375,137.686279296875,164.615966796875,83.42430114746094
2023-08-22,123.88746643066406,970.1793823242188,239.39830017089844,121.69831085205078,201.0585174560547,140.88595581054688,12.452528953552246,136.74864196777344,166.044921875,83.9610366821289
2023-08-23,125.21045684814453,980.3729248046875,242.22393798828125,122.71765899658203,201.75836181640625,141.97015380859375,12.616569519042969,139.90704345703125,168.23597717285156,84.99617004394531
2023-08-24,125.06867980957031,989.1673583984375,239.00856018066406,122.05697631835938,201.6583709716797,140.59556579589844,12.54419994354248,139.4135284423828,167.0928192138672,84.49777221679688
2023-08-25,125.39944458007812,990.7662963867188,237.0598602294922,122.58552551269531,202.9581298828125,140.4600372314453,12.500777244567871,139.85768127441406,167.0928192138672,85.11119079589844
2023-08-28,126.91141510009766,990.7662963867188,242.41879272460938,124.81298065185547,202.9581298828125,142.95751953125,12.61174488067627,142.62127685546875,170.7128448486328,85.49456787109375
2023-08-29,126.43891143798828,1001.859130859375,243.49057006835938,125.11499786376953,212.85606384277344,143.5770721435547,12.650341987609863,141.73297119140625,169.37916564941406,83.99937438964844
2023-08-30,126.67517852783203,1001.859130859375,241.7367401123047,126.32310485839844,216.75526428222656,144.11915588378906,12.785433769226074,143.0160675048828,170.80810546875,84.34441375732422
2023-08-31,127.38392639160156,1006.8560180664062,244.8546600341797,127.7766342163086,222.25411987304688,143.55770874023438,12.84815502166748,142.76930236816406,172.99917602539062,84.49777221679688
2023-09-01,127.80913543701172,1006.8560180664062,241.83416748046875,126.34199523925781,219.05477905273438,141.3893280029297,12.84815502166748,143.5589141845703,172.42759704589844,85.60958099365234
2023-09-04,129.17938232421875,1006.8560180664062,241.24957275390625,126.64401245117188,219.8546142578125,141.40869140625,12.906051635742188,144.05242919921875,171.47496032714844,86.52970886230469
2023-09-05,129.6046142578125,1009.3543701171875,242.51622009277344,126.56851959228516,219.15476989746094,141.0408477783203,13.181058883666992,144.9900665283203,172.237060546875,92.01209259033203
2023-09-06,129.17938232421875,1013.3518676757812,240.37265014648438,126.41749572753906,214.6556854248047,141.36996459960938,13.311326026916504,145.23680114746094,171.47496032714844,91.74372863769531
2023-09-07,129.7463836669922,1028.3421630859375,238.42393493652344,128.75820922851562,223.7538299560547,143.7126007080078,13.37404727935791,146.02639770507812,171.66546630859375,93.08557891845703
2023-09-08,131.06935119628906,1026.84326171875,238.32652282714844,127.833251953125,220.35452270507812,143.7900390625,13.258254051208496,146.322509765625,172.99917602539062,92.77885437011719
2023-09-11,131.68359375,1037.836181640625,245.34185791015625,126.15322875976562,223.55386352539062,145.28079223632812,13.37404727935791,148.6419677734375,173.18971252441406,92.16544342041016
2023-09-12,132.15609741210938,1043.332763671875,248.45977783203125,123.15181732177734,224.35369873046875,144.3514862060547,13.320975303649902,150.22116088867188,172.237060546875,91.55203247070312
2023-09-13,132.15609741210938,1044.3319091796875,247.58285522460938,123.18958282470703,225.25350952148438,143.75131225585938,13.325799942016602,149.8263702392578,172.42759704589844,89.86514282226562
2023-09-14,130.45509338378906,1051.3275146484375,250.21359252929688,123.0763168334961,225.75341796875,145.78416442871094,13.282378196716309,152.4912567138672,171.47496032714844,89.75012969970703
2023-09-15,131.8253173828125,1050.3282470703125,253.8187255859375,123.94465637207031,227.3530731201172,147.54595947265625,13.489839553833008,153.23150634765625,171.8560028076172,90.24854278564453
2023-09-18,131.30557250976562,1054.3255615234375,258.2032775878906,122.73652648925781,224.35369873046875,146.84898376464844,13.37404727935791,152.3925323486328,174.80918884277344,89.90348052978516
2023-09-19,131.87257385253906,1058.322998046875,254.0135955810547,122.01921844482422,225.95335388183594,146.88772583007812,13.586332321166992,150.22116088867188,173.66603088378906,89.25172424316406
2023-09-20,129.7463836669922,1044.3319091796875,251.57769775390625,122.35899353027344,223.65383911132812,147.1781005859375,13.5380859375,143.85501098632812,172.42759704589844,88.29327392578125
2023-09-21,127.10038757324219,1028.842041015625,244.46493530273438,118.47038269042969,220.35452270507812,143.30601501464844,13.267903327941895,142.57192993164062,171.57022094726562,86.26133728027344
2023-09-22,125.39944458007812,1010.3536987304688,243.9777374267578,116.92249298095703,220.5544891357422,142.4928741455078,13.127985954284668,141.23948669433594,169.76019287109375,86.18465423583984
2023-09-25,125.4466781616211,1009.3543701171875,242.41879272460938,116.05416107177734,219.75465393066406,142.43479919433594,13.147286415100098,137.29148864746094,167.9501953125,85.22620391845703
2023-09-26,125.35218811035156,1014.3511962890625,244.3675079345703,116.63934326171875,219.6546630859375,142.53160095214844,12.997720718383789,136.99539184570312,170.52230834960938,85.11119079589844
2023-09-27,125.8719253540039,1013.3518676757812,242.02903747558594,117.03575897216797,218.75485229492188,144.69998168945312,13.195533752441406,137.93301391601562,171.8560028076172,85.60958099365234
2023-09-28,126.24992370605469,1017.8489990234375,245.24441528320312,119.62187194824219,221.45428466796875,145.0678253173828,13.287202835083008,138.62391662597656,171.3796844482422,85.11119079589844
2023-09-29,125.77742767333984,997.1622314453125,237.6444549560547,119.84839630126953,220.8544158935547,143.88682556152344,13.181058883666992,137.39015197753906,169.95071411132812,84.57444763183594
2023-10-02,124.59619903564453,1008.3549194335938,233.35731506347656,118.50814056396484,216.55532836914062,141.60231018066406,13.065266609191895,138.03172302246094,167.75967407226562,85.11119079589844
2023-10-03,123.88746643066406,1014.3511962890625,231.11630249023438,117.33778381347656,212.0562286376953,140.1696319580078,13.007369041442871,137.7356414794922,168.14071655273438,86.64471435546875
2023-10-04,121.52500915527344,977.3748168945312,227.02403259277344,116.60159301757812,210.75650024414062,139.1628875732422,12.737187385559082,131.4188232421875,163.94912719726562,84.61279296875
2023-10-05,121.0525131225586,982.571533203125,228.38812255859375,116.58271789550781,210.45655822753906,138.64016723632812,12.621394157409668,133.4421844482422,165.94964599609375,85.11119079589844
2023-10-06,120.95801544189453,979.9732055664062,227.8035125732422,117.30003356933594,208.7569122314453,140.1502685546875,12.486303329467773,129.4941864013672,165.18753051757812,83.76934814453125
2023-10-09,126.6279296875,1024.3447265625,244.07518005371094,116.16743469238281,205.15765380859375,141.19573974609375,13.084565162658691,141.23948669433594,172.42759704589844,87.02811431884766
2023-10-10,127.9509048461914,1040.3345947265625,248.07003784179688,118.5458984375,212.25619506835938,145.59054565429688,13.263078689575195,141.53555297851562,174.23760986328125,89.32840728759766
2023-10-11,131.35284423828125,1053.326171875,254.7930450439453,119.2254638671875,213.0560302734375,147.1974639892578,13.460890769958496,142.62127685546875,176.14288330078125,89.52009582519531
2023-10-12,134.9438018798828,1067.81689453125,261.7109680175781,118.69691467285156,211.7563018798828,147.29428100585938,13.808268547058105,145.63162231445312,178.7150115966797,93.2005844116211
2023-10-13,136.45574951171875,1078.8099365234375,262.1981506347656,115.1103286743164,213.15599060058594,144.31277465820312,13.470540046691895,143.5095672607422,178.52447509765625,92.97054290771484
2023-10-16,135.32176208496094,1076.3116455078125,262.685302734375,116.03529357910156,213.4559326171875,145.6486358642578,13.769671440124512,142.17710876464844,177.85763549804688,92.6638412475586
2023-10-17,134.42404174804688,1074.3128662109375,261.1263427734375,120.15042114257812,215.55551147460938,147.10067749023438,13.890288352966309,142.27581787109375,179.5723876953125,92.35713958740234
2023-10-18,133.76254272460938,1071.814453125,260.2494201660156,117.71532440185547,207.75714111328125,144.81614685058594,13.846867561340332,141.38751220703125,177.95289611816406,93.43061065673828
2023-10-19,130.69134521484375,1039.946533203125,251.6751251220703,116.94136810302734,205.55758666992188,143.7126007080078,13.509138107299805,139.0680694580078,174.80918884277344,91.43701934814453
2023-10-20,130.26612854003906,1060.9351806640625,253.2340850830078,114.44965362548828,198.90895080566406,140.30516052246094,13.37887191772461,137.39015197753906,173.4755096435547,89.5967788696289
2023-10-23,131.6363525390625,1067.431884765625,252.25975036621094,115.62000274658203,203.45799255371094,141.97015380859375,13.195533752441406,137.686279296875,175.6665496826172,89.98015594482422
2023-10-24,133.80982971191406,1076.9266357421875,260.1520080566406,118.13060760498047,204.35781860351562,143.8674774169922,13.407819747924805,140.1537628173828,179.38185119628906,90.67024993896484
2023-10-25,134.2350311279297,1094.9169921875,259.8597106933594,118.01734924316406,202.9581298828125,143.73194885253906,13.562209129333496,141.48622131347656,180.81082153320312,91.59037017822266
2023-10-26,134.1877899169922,1095.9166259765625,264.0494079589844,119.33872985839844,200.45863342285156,143.015625,13.557385444641113,144.3978729248047,181.38238525390625,90.74693298339844
2023-10-27,133.29005432128906,1083.4232177734375,259.27508544921875,117.94184875488281,200.358642578125,141.97015380859375,13.364397048950195,139.66029357910156,177.38131713867188,93.54562377929688
2023-10-30,133.3373260498047,1102.413330078125,263.1724853515625,119.11219787597656,201.95831298828125,143.36410522460938,13.67800235748291,140.25247192382812,178.33395385742188,88.1782455444336
2023-10-31,131.49459838867188,1103.4127197265625,263.46478271484375,119.18770599365234,215.3555450439453,142.3186492919922,13.7358980178833,141.14077758789062,178.61973571777344,87.41148376464844
2023-11-01,130.73861694335938,1116.9053955078125,269.4083251953125,120.75448608398438,220.25454711914062,144.99037170410156,13.957834243774414,144.3485107421875,178.42921447753906,88.63832092285156
2023-11-02,129.8881072998047,1104.911865234375,264.53656005859375,121.81156921386719,223.55386352539062,147.0038604736328,13.914411544799805,141.58489990234375,174.14234924316406,87.9482192993164
2023-11-03,127.66741180419922,1081.42431640625,263.46478271484375,121.81156921386719,220.8544158935547,145.2614288330078,13.837217330932617,141.97972106933594,172.1417999267578,86.3763427734375
2023-11-06,129.2266387939453,1075.92724609375,265.41351318359375,121.20751953125,224.05377197265625,145.20335388183594,13.706951141357422,139.6109161376953,173.38023376464844,86.87474822998047
2023-11-07,128.5178985595703,1078.9256591796875,264.92633056640625,121.94371032714844,225.95335388183594,145.39694213867188,13.653878211975098,140.30181884765625,172.3323211669922,87.64151763916016
2023-11-08,129.84085083007812,1082.423828125,267.45965576171875,123.05744171142578,232.35203552246094,147.50723266601562,13.68282699584961,138.96939086914062,174.23760986328125,89.36674499511719
2023-11-09,129.557373046875,1089.420166015625,265.0237731933594,120.67897033691406,232.75196838378906,148.59141540527344,13.706951141357422,138.4758758544922,174.0470733642578,88.94503021240234
2023-11-10,130.97483825683594,1102.912841796875,266.58270263671875,121.26414489746094,231.95211791992188,148.18484497070312,14.348634719848633,138.57456970214844,174.23760986328125,88.21659088134766
2023-11-13,133.3373260498047,1107.4105224609375,275.25445556640625,122.92530822753906,240.15045166015625,150.1402587890625,14.310036659240723,139.0680694580078,178.42921447753906,88.79166412353516
2023-11-14,130.45509338378906,1072.42919921875,271.5519104003906,124.2466812133789,238.95068359375,152.11500549316406,13.890288352966309,138.08108520507812,177.66709899902344,90.1718521118164
2023-11-15,129.65185546875,1067.431884765625,273.1108703613281,123.83137512207031,243.54974365234375,152.6571044921875,13.851691246032715,137.43954467773438,177.0955047607422,90.9002685546875
2023-11-16,129.3211212158203,1061.4349365234375,269.7006530761719,124.07678985595703,244.4495391845703,153.93490600585938,13.875815391540527,136.35382080078125,175.38076782226562,89.75012969970703
2023-11-17,130.54959106445312,1054.9384765625,271.941650390625,124.83184051513672,243.9496612548828,155.4256591796875,14.141172409057617,137.14341735839844,178.7150115966797,89.48176574707031
2023-11-20,130.73861694335938,1060.435546875,271.64935302734375,125.56802368164062,245.4493408203125,155.56118774414062,14.396881103515625,140.7459716796875,179.4770965576172,89.90348052978516
2023-11-21,132.39231872558594,1064.93310546875,281.6851806640625,126.24760437011719,242.9498748779297,155.8128662109375,14.150821685791016,139.4135284423828,180.62030029296875,90.51689910888672
2023-11-22,132.9120635986328,1060.435546875,281.5877380371094,126.47412872314453,237.4509735107422,155.75477600097656,13.88546371459961,140.4005126953125,178.61973571777344,90.78527069091797
2023-11-23,132.77029418945312,1071.4295654296875,276.2287902832031,127.02156066894531,240.65032958984375,155.75477600097656,14.001256942749023,140.4005126953125,178.42921447753906,91.82040405273438
2023-11-24,132.81756591796875,1067.431884765625,276.13134765625,127.09705352783203,240.9502716064453,155.87095642089844,14.010906219482422,140.10443115234375,179.38185119628906,91.85873413085938
2023-11-27,129.8881072998047,1048.941650390625,266.9724426269531,126.09659576416016,243.1498260498047,154.6706085205078,13.51878833770752,133.04737854003906,174.7139129638672,90.63190460205078
2023-11-28,130.73861694335938,1049.9410400390625,267.06988525390625,127.00267791748047,258.2467041015625,156.04519653320312,13.673177719116211,133.88633728027344,176.52394104003906,89.21339416503906
2023-11-29,131.02207946777344,1034.4493408203125,268.1416931152344,127.9465103149414,263.34564208984375,155.0190887451172,13.629755020141602,135.1200714111328,176.23814392089844,89.06002807617188
2023-11-30,129.4156036376953,1049.4412841796875,268.921142578125,128.55055236816406,268.7445373535156,155.87095642089844,13.576683044433594,133.04737854003906,173.7612762451172,89.02169799804688
2023-12-01,131.49459838867188,1058.9364013671875,274.4749755859375,130.32496643066406,276.6429443359375,157.9231414794922,13.832392692565918,135.71229553222656,175.38076782226562,90.70858764648438
2023-12-04,129.08486938476562,1046.4429931640625,276.13134765625,129.3245086669922,285.3410949707031,156.103271484375,13.6345796585083,136.8473358154297,171.284423828125,86.83641815185547
2023-12-05,128.70462036132812,1043.9442138671875,276.2287902832031,128.89035034179688,284.6412658691406,155.3482208251953,13.417468070983887,136.64991760253906,173.66603088378906,85.99297332763672
2023-12-06,129.465087890625,1030.451416015625,275.25445556640625,130.5326385498047,288.54046630859375,158.7362823486328,13.427117347717285,134.083740234375,172.99917602539062,85.18785858154297
2023-12-07,128.79971313476562,1018.4578247070312,270.8698425292969,130.58924865722656,286.1409606933594,158.87181091308594,13.103863716125488,131.7642822265625,170.52230834960938,83.5009765625
2023-12-08,132.0791015625,1041.9453125,277.3980407714844,133.8549346923828,289.2403259277344,159.3364715576172,13.364397048950195,134.2317657470703,173.7612762451172,85.41789245605469
2023-12-11,130.6057586669922,1041.9453125,276.6185607910156,134.3079833984375,296.8387451171875,160.1883087158203,13.330623626708984,133.392822265625,172.1417999267578,85.14952087402344
2023-12-12,130.6532745361328,1055.93798828125,279.44415283203125,134.6666259765625,304.63714599609375,162.12437438964844,13.354747772216797,137.4888916015625,170.7128448486328,85.83961486816406
2023-12-13,131.8414764404297,1065.4327392578125,282.3672180175781,134.3079833984375,301.73773193359375,160.420654296875,13.924060821533203,139.6109161376953,171.47496032714844,87.18144989013672
2023-12-14,127.89669799804688,1045.4434814453125,278.4698181152344,132.19375610351562,299.9380798339844,155.6386260986328,13.928885459899902,139.70962524414062,167.56912231445312,86.64471435546875
2023-12-15,128.22938537597656,1057.43701171875,278.27496337890625,131.68409729003906,290.0401306152344,155.03846740722656,14.261789321899414,141.288818359375,168.23597717285156,87.67986297607422
2023-12-18,128.60958862304688,1067.931396484375,276.033935546875,131.3632049560547,292.33966064453125,155.61924743652344,14.049503326416016,143.5095672607422,170.14126586914062,88.1399154663086
2023-12-19,128.1343231201172,1064.4332275390625,277.6903381347656,132.02389526367188,294.9391174316406,155.07717895507812,14.189419746398926,144.20046997070312,170.42706298828125,88.83000946044922
2023-12-20,127.23130798339844,1086.421630859375,277.105712890625,130.13623046875,298.8383483886719,153.0636749267578,14.107398986816406,147.30950927734375,171.284423828125,89.09837341308594
2023-12-21,128.27691650390625,1092.9183349609375,278.85955810546875,130.7402801513672,299.7381591796875,154.24465942382812,14.170122146606445,148.1977996826172,171.8560028076172,88.5616455078125
2023-12-22,127.75410461425781,1089.420166015625,277.3980407714844,131.6085968017578,302.33758544921875,154.7286834716797,14.232841491699219,146.2238006591797,171.57022094726562,87.79487609863281
2023-12-27,127.6590576171875,1094.41748046875,279.5415954589844,131.58970642089844,298.73834228515625,154.8448486328125,14.353459358215332,148.2471466064453,171.47496032714844,88.1782455444336
2023-12-28,127.46894836425781,1100.9140625,280.32110595703125,131.83511352539062,298.03851318359375,154.51573181152344,14.42582893371582,149.48089599609375,170.7128448486328,88.75332641601562
2023-12-29,127.32635498046875,1109.9091796875,279.6390380859375,131.9295196533203,299.63818359375,154.36083984375,14.411355972290039,149.925048828125,170.7128448486328,89.21339416503906
2024-01-02,126.85108184814453,1115.40625,291.526123046875,133.3452606201172,298.03851318359375,154.9610137939453,14.705660820007324,152.3432159423828,171.47496032714844,90.28685760498047
2024-01-03,127.61152648925781,1133.396728515625,289.382568359375,129.45664978027344,294.7391662597656,153.58641052246094,14.903472900390625,150.66529846191406,172.42759704589844,90.24854278564453
2024-01-04,130.3206024169922,1154.88525390625,297.2748107910156,131.55197143554688,297.738525390625,155.21267700195312,15.75744342803955,155.5509490966797,176.9049835205078,92.54883575439453
2024-01-05,129.9403839111328,1152.3863525390625,297.2748107910156,131.85398864746094,296.538818359375,154.4382781982422,15.63682746887207,156.78468322753906,176.04762268066406,92.62550354003906
2024-01-08,130.3206024169922,1144.3907470703125,299.51580810546875,135.1574249267578,305.13702392578125,156.0258331298828,15.79604434967041,156.6859893798828,174.33287048339844,92.35713958740234
2024-01-09,130.41563415527344,1145.889892578125,297.2748107910156,135.0819091796875,308.73626708984375,156.60665893554688,15.88288688659668,159.40023803710938,175.38076782226562,94.96414947509766
2024-01-10,131.55630493164062,1154.88525390625,298.1517028808594,135.9502410888672,309.13623046875,158.38780212402344,16.0517520904541,160.53530883789062,176.80975341796875,95.8075942993164
2024-01-11,131.88902282714844,1162.880859375,300.2953186035156,135.7992401123047,296.938720703125,158.7362823486328,16.365354537963867,162.70669555664062,175.76182556152344,96.80439758300781
2024-01-12,134.83572387695312,1188.8671875,307.70037841796875,140.82044982910156,304.93707275390625,163.11175537109375,16.6693115234375,166.95077514648438,180.71554565429688,98.43377685546875
2024-01-15,131.88902282714844,1177.373291015625,307.5055236816406,139.70672607421875,299.9380798339844,163.13113403320312,16.442550659179688,168.03648376464844,169.09335327148438,97.95453643798828
2024-01-16,131.93653869628906,1180.3717041015625,312.1824035644531,139.366943359375,298.13848876953125,162.5309295654297,16.495622634887695,168.82606506347656,167.85491943359375,99.87145233154297
2024-01-17,131.46127319335938,1191.36572265625,317.4438781738281,138.78173828125,296.538818359375,161.4854736328125,16.452199935913086,168.08583068847656,168.9980926513672,100.82991027832031
2024-01-18,129.70272827148438,1177.8729248046875,325.62847900390625,141.61325073242188,306.436767578125,165.57052612304688,16.28816032409668,169.91177368164062,166.33071899414062,101.50083923339844
2024-01-19,126.42333221435547,1173.3753662109375,321.8284912109375,140.4806671142578,304.93707275390625,164.40890502929688,15.8635892868042,165.51962280273438,162.90121459960938,100.63822937011719
2024-01-22,127.89669799804688,1166.87890625,325.23870849609375,141.61325073242188,308.8362121582031,166.4998321533203,15.921483039855957,168.9247589111328,164.80648803710938,101.50083923339844
2024-01-23,127.51646423339844,1163.380859375,316.7618408203125,139.68783569335938,301.73773193359375,163.40216064453125,15.569281578063965,165.37159729003906,163.09173583984375,101.02161407470703
2024-01-24,127.84915924072266,1175.8740234375,323.1925964355469,138.4986114501953,307.0366516113281,165.8802947998047,15.786394119262695,168.18450927734375,165.18753051757812,100.9257583618164
2024-01-25,128.51454162597656,1181.37109375,319.392578125,140.140869140625,306.436767578125,166.42239379882812,15.824991226196289,167.49362182617188,163.94912719726562,102.26760864257812
2024-01-26,128.32444763183594,1167.378662109375,308.8695983886719,140.8959503173828,305.33697509765625,168.24227905273438,15.559632301330566,165.37159729003906,164.33016967773438,101.40498352050781
2024-01-29,130.41563415527344,1181.8709716796875,318.2234191894531,140.70718383789062,303.937255859375,168.91989135742188,15.632003784179688,167.148193359375,166.90228271484375,102.93852233886719
2024-01-30,130.13047790527344,1185.3690185546875,316.56695556640625,141.44337463378906,307.0366516113281,169.01669311523438,15.665775299072266,167.3455810546875,166.33071899414062,103.3219223022461
2024-01-31,128.65711975097656,1176.373779296875,316.46954345703125,139.49908447265625,301.13787841796875,167.87442016601562,15.63682746887207,166.0131378173828,167.18807983398438,102.93852233886719
2024-02-01,128.46702575683594,1168.8778076171875,320.07464599609375,139.12155151367188,298.73834228515625,167.68081665039062,15.45348834991455,166.90142822265625,167.37860107421875,103.51361083984375
2024-02-02,128.94229125976562,1171.3765869140625,319.7823486328125,140.91482543945312,310.13604736328125,169.8491973876953,15.434189796447754,167.9871368408203,168.8075714111328,103.7052993774414
2024-02-05,128.27691650390625,1178.3726806640625,319.10028076171875,140.68832397460938,309.7360534667969,169.9072723388672,15.67542552947998,167.6416778564453,164.52069091796875,104.28038024902344
2024-02-06,130.08297729492188,1204.8585205078125,324.9464111328125,143.21780395507812,317.7344055175781,171.33995056152344,16.259212493896484,169.81307983398438,166.90228271484375,104.8554458618164
2024-02-07,129.4175567626953,1197.8623046875,325.23870849609375,142.21731567382812,322.8333435058594,169.79110717773438,16.080699920654297,170.60267639160156,166.99755859375,104.95130157470703
2024-02-08,127.2788314819336,1194.3642578125,323.58233642578125,142.84024047851562,317.6344299316406,169.8104705810547,15.88288688659668,171.54034423828125,165.37808227539062,104.08867645263672
2024-02-09,127.08869934082031,1208.8565673828125,327.9669189453125,142.06631469726562,318.03436279296875,170.7784881591797,16.413602828979492,178.69607543945312,164.04437255859375,115.01512145996094
2024-02-12,127.32635498046875,1223.3487548828125,339.951416015625,141.5377655029297,309.0362243652344,169.36517333984375,16.601764678955078,188.4673309326172,164.42543029785156,119.99909973144531
2024-02-13,125.90052795410156,1211.85498046875,355.63848876953125,140.53729248046875,306.2367858886719,168.0486602783203,16.640363693237305,185.80245971679688,163.663330078125,120.57418823242188
2024-02-14,131.03350830078125,1229.3455810546875,355.0538635253906,141.82090759277344,312.1355895996094,170.29449462890625,17.648725509643555,191.4283447265625,168.61703491210938,124.695556640625
2024-02-15,132.69696044921875,1224.3482666015625,367.5256042480469,140.53729248046875,319.9339294433594,177.30296325683594,17.92855453491211,192.0205535888672,174.0470733642578,124.98309326171875
2024-02-16,133.69503784179688,1241.3392333984375,378.24346923828125,138.12107849121094,323.2332763671875,181.8720245361328,18.111894607543945,195.47503662109375,175.57130432128906,125.55817413330078
2024-02-19,127.37388610839844,1247.3358154296875,393.7356872558594,136.19564819335938,334.1310729980469,183.0723876953125,18.517168045043945,196.659423828125,172.3323211669922,126.99585723876953
2024-02-20,128.46702575683594,1252.333251953125,391.59210205078125,136.81857299804688,330.4317932128906,184.36952209472656,18.47857093811035,197.3009796142578,173.95181274414062,126.90000915527344
2024-02-21,128.18185424804688,1240.83935546875,389.7408142089844,137.66802978515625,329.4320068359375,183.14981079101562,18.36277961730957,196.21527099609375,173.4755096435547,126.70829772949219
2024-02-22,127.61152648925781,1231.3447265625,391.397216796875,139.00828552246094,356.726318359375,185.3181915283203,18.411026000976562,190.5894012451172,174.0470733642578,127.18754577636719
2024-02-23,128.894775390625,1239.8399658203125,399.776611328125,139.65008544921875,353.0271301269531,186.84767150878906,18.333829879760742,194.8828125,173.66603088378906,128.4335479736328
2024-02-26,131.88902282714844,1255.3316650390625,410.981689453125,139.06491088867188,361.1254577636719,187.46719360351562,19.279468536376953,203.07492065429688,175.95236206054688,129.87123107910156
2024-02-27,130.08297729492188,1234.8427734375,404.1612243652344,139.68783569335938,358.5260009765625,186.17005920410156,18.82594871520996,197.44903564453125,174.0470733642578,128.9127655029297
2024-02-28,129.84532165527344,1228.845947265625,410.5919494628906,145.0865936279297,370.4235534667969,187.04127502441406,18.951391220092773,201.00222778320312,175.28550720214844,129.48785400390625
2024-02-29,130.27305603027344,1241.3392333984375,413.125244140625,144.35040283203125,369.02386474609375,187.50592041015625,19.062358856201172,201.44638061523438,174.23760986328125,129.67955017089844
2024-03-01,128.70462036132812,1249.3349609375,418.0944519042969,144.06724548339844,374.72265625,187.2542266845703,19.530353546142578,202.6801300048828,174.42816162109375,130.6380157470703
2024-03-04,131.5087890625,1259.3297119140625,418.97137451171875,146.6344757080078,376.32232666015625,190.197021484375,19.819835662841797,210.92153930664062,178.52447509765625,131.50062561035156
2024-03-05,143.4381866455078,1279.3189697265625,423.35595703125,148.72979736328125,374.8226318359375,191.49417114257812,19.98387336730957,202.4827117919922,184.24029541015625,132.17153930664062
2024-03-06,139.73104858398438,1275.3211669921875,421.21234130859375,149.3527374267578,378.92181396484375,192.36538696289062,20.147912979125977,201.19964599609375,174.23760986328125,128.8169403076172
2024-03-07,138.68544006347656,1271.3232421875,425.3046569824219,149.44711303710938,389.9195251464844,190.33251953125,20.041772842407227,205.09825134277344,174.42816162109375,129.3920135498047
2024-03-08,136.16648864746094,1257.3306884765625,410.981689453125,149.18284606933594,386.32025146484375,189.19029235839844,19.964576721191406,202.8775177001953,172.237060546875,127.0916976928711
2024-03-11,133.74256896972656,1259.3297119140625,404.8432922363281,147.9936065673828,383.1209411621094,188.2996826171875,19.154027938842773,208.848876953125,168.71231079101562,128.24185180664062
2024-03-12,135.31100463867188,1281.8177490234375,407.57147216796875,149.12620544433594,391.7191467285156,191.59097290039062,19.30841827392578,209.5397491455078,167.9501953125,128.33770751953125
2024-03-13,136.64175415039062,1289.8134765625,410.4945068359375,150.3343048095703,393.7187194824219,192.63644409179688,19.974225997924805,209.78651428222656,167.9501953125,128.9127655029297
2024-03-14,138.82803344726562,1293.811279296875,432.2225646972656,151.35366821289062,389.3196716308594,193.9916534423828,20.611085891723633,212.69815063476562,170.99862670898438,129.58367919921875
2024-03-15,139.39834594726562,1294.31103515625,445.18145751953125,153.61886596679688,393.4188232421875,195.8793182373047,20.533889770507812,214.6721649169922,169.85546875,131.1172332763672
2024-03-18,141.25193786621094,1304.3057861328125,464.8633728027344,154.05303955078125,389.9195251464844,196.8473358154297,20.997060775756836,218.5214385986328,171.76075744628906,136.19708251953125
2024-03-19,143.67584228515625,1326.7935791015625,475.2889099121094,156.84678649902344,400.6173095703125,199.2673797607422,21.334789276123047,221.97593688964844,174.23760986328125,136.5804443359375
2024-03-20,145.3393096923828,1335.2891845703125,465.3505554199219,158.62120056152344,406.6161193847656,198.2993621826172,21.44093132019043,224.29539489746094,178.7150115966797,138.0181427001953
2024-03-21,147.38299560546875,1350.781005859375,479.1863098144531,159.79156494140625,420.1133117675781,200.04180908203125,21.23829460144043,224.9862823486328,178.8102569580078,137.63478088378906
2024-03-22,149.4266815185547,1362.7745361328125,487.5657653808594,160.3578643798828,419.8133544921875,200.62261962890625,21.57602310180664,230.56283569335938,183.7639923095703,141.2769012451172
2024-03-25,152.3258514404297,1359.2764892578125,494.1913757324219,160.5655059814453,421.01312255859375,201.39703369140625,22.164634704589844,233.5238494873047,197.19619750976562,142.52288818359375
2024-03-26,152.99124145507812,1368.2716064453125,507.637451171875,161.05630493164062,427.91168212890625,204.25270080566406,22.232181549072266,237.3731231689453,194.52880859375,143.1938018798828
2024-03-27,150.7574462890625,1352.77978515625,498.478515625,161.96238708496094,421.9129333496094,202.6554718017578,22.154985427856445,237.96533203125,196.24356079101562,143.6730194091797
2024-03-28,150.23464965820312,1348.781982421875,507.637451171875,161.13182067871094,426.61199951171875,203.33306884765625,22.46376609802246,234.90562438964844,194.33828735351562,143.6730194091797
2024-04-02,149.521728515625,1330.2918701171875,514.068115234375,157.77175903320312,418.8135681152344,198.7349853515625,22.174283981323242,234.46148681640625,194.52880859375,142.6187286376953
2024-04-03,151.61293029785156,1319.79736328125,519.9142456054688,158.62120056152344,423.9125061035156,199.7030029296875,22.47341537475586,238.360107421875,196.0530242919922,144.0564422607422
2024-04-04,150.09205627441406,1312.3013916015625,523.2269897460938,158.52684020996094,418.91351318359375,199.8966064453125,22.270780563354492,236.87960815429688,196.0530242919922,141.8519744873047
2024-04-05,151.13766479492188,1325.2945556640625,523.0321655273438,158.5834503173828,421.01312255859375,198.92857360839844,22.454116821289062,236.48483276367188,195.4814453125,145.39828491210938
2024-04-08,154.51214599609375,1336.788330078125,546.2217407226562,160.9619140625,429.0114440917969,201.34864807128906,22.869041442871094,242.20941162109375,200.05410766601562,146.5484161376953
2024-04-09,146.95526123046875,1276.320556640625,508.6117858886719,155.4310302734375,412.1149597167969,197.08934020996094,20.8233699798584,218.57078552246094,193.0045928955078,138.59323120117188
2024-04-10,147.28793334960938,1274.8214111328125,509.5860900878906,154.99688720703125,408.41571044921875,198.83177185058594,20.87161636352539,220.05130004882812,192.62353515625,143.86476135253906
2024-04-11,148.57118225097656,1285.3157958984375,519.134765625,153.14694213867188,406.8160400390625,198.83177185058594,20.948814392089844,223.0122833251953,191.28982543945312,144.2481231689453
2024-04-12,150.9475860595703,1317.7984619140625,529.2680053710938,153.75099182128906,404.61651611328125,199.218994140625,21.344436645507812,227.6676788330078,195.1003875732422,147.41104125976562
2024-04-15,152.1357421875,1336.788330078125,537.6473999023438,154.4116973876953,406.7160949707031,201.2518310546875,21.836557388305664,233.41259765625,197.95831298828125,148.17782592773438
2024-04-16,150.4247589111328,1320.7969970703125,529.4629516601562,152.68321228027344,397.7178955078125,198.44456481933594,21.875154495239258,227.7667236328125,197.19619750976562,145.78164672851562
2024-04-17,149.33163452148438,1319.2977294921875,518.1603393554688,153.54745483398438,401.3171691894531,200.09019470214844,21.50847816467285,225.93431091308594,197.00567626953125,146.5484161376953
2024-04-18,147.57310485839844,1286.4954833984375,497.3092956542969,154.2772674560547,402.41693115234375,201.542236328125,21.199697494506836,223.6561279296875,195.67196655273438,143.48135375976562
2024-04-19,147.57310485839844,1295.491943359375,491.07342529296875,153.681884765625,395.41839599609375,199.3157958984375,20.919864654541016,222.02178955078125,195.4814453125,143.1938018798828
2024-04-22,149.80691528320312,1315.484130859375,496.7246398925781,155.02626037597656,406.21612548828125,198.7349853515625,20.987411499023438,221.427490234375,192.43301391601562,143.57720947265625
2024-04-23,150.90003967285156,1339.474853515625,501.40155029296875,156.25543212890625,417.11395263671875,202.31666564941406,21.450580596923828,229.79725646972656,195.86251831054688,145.87750244140625
2024-04-24,152.08822631835938,1362.965576171875,507.2476806640625,155.77528381347656,416.9139709472656,203.478271484375,21.209346771240234,231.8773193359375,195.67196655273438,149.04042053222656
2024-04-25,148.90386962890625,1319.482666015625,499.8426208496094,152.22227478027344,405.6163024902344,200.8646240234375,20.668981552124023,227.8657684326172,192.2424774169922,144.72735595703125
2024-04-26,150.85250854492188,1339.474853515625,510.9501953125,150.82028198242188,421.01312255859375,201.92945861816406,20.997060775756836,225.6371307373047,194.14776611328125,145.49411010742188
2024-04-29,150.5673370361328,1354.4688720703125,511.53485107421875,149.7063751220703,414.71441650390625,198.34776306152344,21.31549072265625,228.06387329101562,193.1951141357422,146.64427185058594
2024-04-30,150.13958740234375,1332.4775390625,503.9349060058594,148.53482055664062,413.0147399902344,197.67015075683594,20.87161636352539,217.56451416015625,191.67088317871094,150.66981506347656
2024-05-01,150.13958740234375,1337.4755859375,503.9349060058594,148.53482055664062,407.41595458984375,197.67015075683594,20.87161636352539,217.56451416015625,191.67088317871094,150.66981506347656
2024-05-02,150.85250854492188,1328.9788818359375,499.2580261230469,147.47854614257812,406.4161071777344,196.31492614746094,20.77512550354004,215.6330108642578,190.71826171875,151.8199462890625
2024-05-03,153.0863037109375,1360.96630859375,522.8372802734375,148.2083282470703,418.01373291015625,199.79978942871094,21.045305252075195,217.71310424804688,192.2424774169922,153.35348510742188
2024-05-06,155.08245849609375,1360.96630859375,532.385986328125,150.43617248535156,418.01373291015625,199.79978942871094,21.672515869140625,222.91323852539062,195.1003875732422,157.474853515625
2024-05-07,154.98741149902344,1372.4617919921875,515.2373657226562,152.54876708984375,418.31365966796875,202.123046875,20.707576751708984,221.87319946289062,193.9572296142578,154.98287963867188
2024-05-08,157.41131591796875,1380.95849609375,521.0834350585938,155.10308837890625,428.6115417480469,204.34951782226562,21.276891708374023,229.54962158203125,193.0045928955078,158.27008056640625
2024-05-09,159.64511108398438,1391.4544677734375,527.9039306640625,155.98654174804688,433.81048583984375,205.51113891601562,21.32513999938965,229.54962158203125,197.38671875,158.27008056640625
2024-05-10,158.83714294433594,1393.45361328125,522.0578002929688,153.48983764648438,423.5126037597656,205.70472717285156,21.961999893188477,224.15138244628906,197.00567626953125,160.78384399414062
2024-05-13,157.60142517089844,1348.47119140625,522.4475708007812,151.6845245361328,420.61322021484375,202.8006591796875,21.22864532470703,222.8637237548828,197.95831298828125,162.81417846679688
2024-05-14,156.36570739746094,1351.469970703125,508.22198486328125,152.39512634277344,419.513427734375,201.73582458496094,21.161100387573242,228.2124481201172,199.10147094726562,160.9772186279297
2024-05-15,157.55389404296875,1362.4658203125,507.7294921875,153.64349365234375,426.4119873046875,204.93031311035156,21.71111297607422,232.76876831054688,198.72042846679688,163.97439575195312
2024-05-16,159.02723693847656,1363.4654541015625,505.7592468261719,152.64480590820312,420.3132629394531,201.155029296875,22.405868530273438,235.9384002685547,201.38780212402344,166.97154235839844
2024-05-17,158.74208068847656,1360.96630859375,504.38006591796875,152.64480590820312,418.01373291015625,201.8326416015625,22.46376609802246,237.52320861816406,199.48251342773438,166.97154235839844
2024-05-20,160.6431884765625,1371.4622802734375,523.2943725585938,154.546142578125,436.7098388671875,205.70472717285156,22.772546768188477,239.603271484375,200.034423828125,166.97154235839844
2024-05-21,161.8499298095703,1386.456298828125,519.1568603515625,154.93023681640625,432.91064453125,205.80154418945312,22.579559326171875,243.66432189941406,199.0662078857422,169.2919464111328
2024-05-22,160.54666137695312,1372.9615478515625,514.2312622070312,154.027587890625,427.91168212890625,208.02798461914062,22.637453079223633,244.1595916748047,197.1297607421875,171.51565551757812
2024-05-23,162.04302978515625,1396.4525146484375,526.0526733398438,154.8726348876953,440.3091125488281,210.73843383789062,22.75324821472168,247.131103515625,199.64712524414062,174.99623107910156
2024-05-24,160.45010375976562,1385.4566650390625,522.9002685546875,152.79843139648438,444.70819091796875,209.5768280029297,22.64710235595703,247.7254180908203,197.710693359375,174.99623107910156
2024-05-27,161.22242736816406,1385.4566650390625,524.2794799804688,153.12493896484375,444.70819091796875,211.7064666748047,22.965534210205078,248.41876220703125,195.9678955078125,174.89956665039062
2024-05-28,158.3262176513672,1370.9622802734375,515.807373046875,152.1646728515625,450.9069519042969,210.0441131591797,22.704999923706055,245.1501007080078,191.99818420410156,172.3858184814453
2024-05-29,158.37448120117188,1361.46630859375,507.3354187011719,150.51300048828125,446.9077453613281,207.892822265625,22.251480102539062,233.3630828857422,190.1585693359375,171.12892150878906
2024-05-30,158.6158447265625,1372.4617919921875,508.9115905761719,152.7792510986328,450.9069519042969,209.06625366210938,22.28042984008789,237.72129821777344,188.89988708496094,172.09576416015625
2024-05-31,160.88450622558594,1391.4544677734375,519.9448852539062,149.7063751220703,453.3064270019531,209.359619140625,22.74359893798828,250.9940643310547,192.67593383789062,174.31947326660156
2024-06-03,161.7051239013672,1394.9530029296875,527.0377807617188,149.1302032470703,460.8049011230469,210.63082885742188,23.293611526489258,254.06463623046875,189.57763671875,176.92990112304688
2024-06-04,161.12586975097656,1384.45703125,509.3056640625,146.5374755859375,447.9075622558594,206.62161254882812,22.859392166137695,247.9235076904297,187.73800659179688,170.35545349121094
2024-06-05,162.62225341796875,1391.4544677734375,515.807373046875,147.09442138671875,453.20648193359375,207.3061065673828,22.965534210205078,246.5367889404297,186.4793243408203,172.6758575439453
2024-06-06,165.56674194335938,1393.45361328125,516.0044555664062,147.42091369628906,458.10546875,206.23045349121094,22.907638549804688,246.5367889404297,187.0602569580078,174.99623107910156
2024-06-07,166.8700408935547,1394.453125,524.8704833984375,144.040771484375,456.80572509765625,203.98138427734375,23.322561264038086,269.6156005859375,186.9634552001953,180.21713256835938
2024-06-10,163.73248291015625,1399.4512939453125,523.4913330078125,143.52223205566406,464.9040832519531,203.6880340576172,23.544496536254883,260.89910888671875,186.76979064941406,178.47682189941406
2024-06-11,159.38815307617188,1383.45751953125,509.69970703125,142.60035705566406,464.9040832519531,202.6123809814453,22.49271583557129,257.53143310546875,182.50962829589844,176.92990112304688
2024-06-12,157.7469482421875,1387.9556884765625,505.95623779296875,143.4261932373047,469.3031311035156,203.59024047851562,22.05849266052246,251.98458862304688,178.9272003173828,177.896728515625
2024-06-13,155.52655029296875,1382.4578857421875,498.4693603515625,140.0076141357422,467.7034606933594,198.30979919433594,21.57602310180664,246.73489379882812,177.958984375,176.73655700683594
2024-06-14,145.10018920898438,1334.4766845703125,472.0682373046875,138.10629272460938,457.7055358886719,192.29595947265625,20.437395095825195,238.71180725097656,168.6640625,168.51849365234375
2024-06-17,146.78964233398438,1336.47607421875,478.76702880859375,140.0076141357422,461.5047607421875,195.4739990234375,21.02600860595703,240.4947052001953,170.21322631835938,167.74502563476562
2024-06-18,147.75503540039062,1344.472900390625,483.4955749511719,142.23544311523438,467.803466796875,198.21200561523438,21.624271392822266,236.82984924316406,170.50369262695312,168.80853271484375
2024-06-19,149.0100860595703,1349.9708251953125,480.6387634277344,142.06260681152344,472.40252685546875,196.3540802001953,21.846206665039062,240.98997497558594,173.60198974609375,169.09857177734375
2024-06-20,152.19589233398438,1345.9722900390625,488.9136962890625,142.8500213623047,485.3998107910156,198.89649963378906,22.03919219970703,237.8203582763672,176.02255249023438,169.0019073486328
2024-06-21,151.18223571777344,1338.47509765625,483.6925964355469,142.67718505859375,473.1023864746094,198.0164337158203,21.682165145874023,237.8203582763672,172.9242401123047,172.48248291015625
2024-06-24,152.6303253173828,1351.9698486328125,492.95269775390625,142.86923217773438,471.2027282714844,201.43894958496094,21.779878616333008,243.0205078125,173.89247131347656,169.48532104492188
2024-06-25,149.68585205078125,1336.47607421875,487.6330871582031,129.42543029785156,465.9038391113281,194.83840942382812,21.144752502441406,240.29661560058594,170.11639404296875,168.42181396484375
2024-06-26,146.69308471679688,1327.4796142578125,482.8059997558594,125.7763900756836,461.6047668457031,192.49154663085938,20.959102630615234,244.5557861328125,167.40536499023438,165.4246368408203
2024-06-27,145.29324340820312,1322.4814453125,468.71881103515625,125.44990539550781,454.6062316894531,193.42051696777344,20.92978858947754,249.3102264404297,165.08164978027344,168.2284393310547
2024-06-28,144.327880859375,1319.482666015625,468.6203308105469,123.1644515991211,456.70574951171875,193.02935791015625,21.183837890625,252.57888793945312,164.21026611328125,168.2284393310547
2024-07-01,146.74136352539062,1271.50146484375,476.2057189941406,126.4101791381836,452.70654296875,197.62530517578125,21.320632934570312,254.36178588867188,165.7593994140625,174.31947326660156
2024-07-02,146.2586669921875,1267.5030517578125,474.6295166015625,126.64064025878906,446.1079406738281,196.25628662109375,21.06658363342285,243.46624755859375,162.56427001953125,170.4521484375
2024-07-03,149.734130859375,1276.999267578125,497.4842529296875,130.4433135986328,455.7059326171875,198.70094299316406,21.86781883239746,251.04359436035156,164.0166015625,169.77537536621094
2024-07-04,151.0373992919922,1277.998779296875,507.5324401855469,130.6929931640625,461.8046875,200.167724609375,22.336833953857422,255.2037353515625,167.59901428222656,170.6455078125
2024-07-05,149.54104614257812,1262.0052490234375,483.2985534667969,130.8658447265625,454.10626220703125,198.0164337158203,21.936216354370117,250.25119018554688,165.08164978027344,169.77537536621094
2024-07-08,148.52735900878906,1270.001953125,489.6033020019531,130.28965759277344,461.204833984375,201.0478057861328,21.721250534057617,254.36178588867188,164.8880157470703,171.12892150878906
2024-07-09,146.69308471679688,1268.002685546875,493.34674072265625,126.60222625732422,447.607666015625,197.5275115966797,21.936216354370117,254.55990600585938,164.8880157470703,172.86923217773438
2024-07-10,147.99639892578125,1279.498291015625,493.7408142089844,128.0042266845703,454.10626220703125,200.26551818847656,22.50294303894043,263.17730712890625,165.4689178466797,192.012451171875
2024-07-11,148.86524963378906,1279.498291015625,503.00091552734375,126.71746826171875,453.1065368652344,199.77658081054688,22.43454360961914,263.3753967285156,164.69436645507812,199.74710083007812
2024-07-12,148.86524963378906,1267.5030517578125,501.4247131347656,128.06182861328125,449.9071350097656,200.26551818847656,22.415002822875977,261.0971984863281,164.50071716308594,205.1613311767578
2024-07-15,147.94813537597656,1278.4986572265625,507.7294921875,127.71614837646484,449.4072570800781,196.74522399902344,22.7081356048584,261.6915588378906,163.72613525390625,204.58123779296875
2024-07-16,147.32061767578125,1284.99609375,505.7592468261719,127.71614837646484,458.8053283691406,198.30979919433594,22.81562042236328,265.7525939941406,164.21026611328125,207.48175048828125
2024-07-17,145.67941284179688,1265.5037841796875,476.50128173828125,126.83268737792969,447.10772705078125,198.11422729492188,22.287975311279297,262.3848876953125,162.08016967773438,205.548095703125
2024-07-18,148.044677734375,1276.999267578125,485.662841796875,125.68036651611328,434.5103454589844,194.74061584472656,22.209808349609375,265.1583557128906,162.75791931152344,206.12815856933594
2024-07-19,147.22406005859375,1269.502197265625,482.904541015625,126.56381225585938,446.0079650878906,193.32272338867188,22.24889373779297,248.17115783691406,159.27232360839844,205.934814453125
2024-07-22,149.1066131591797,1276.999267578125,486.3524475097656,127.29362487792969,443.2085266113281,196.4518585205078,22.522483825683594,239.05850219726562,158.5945587158203,210.3822479248047
2024-07-23,139.1147003173828,1271.50146484375,486.450927734375,126.94792938232422,459.90509033203125,201.0478057861328,22.551799774169922,240.09849548339844,157.04541015625,214.63629150390625
2024-07-24,140.1766357421875,1259.0062255859375,488.6181945800781,125.4114990234375,443.8083801269531,196.0607147216797,21.643081665039062,248.7654266357422,169.14817810058594,211.9291534423828
2024-07-25,138.0044403076172,1249.5101318359375,464.38427734375,123.83665466308594,430.91107177734375,195.08285522460938,20.792993545532227,235.29457092285156,169.6322784423828,203.22767639160156
2024-07-26,139.1147003173828,1272.001220703125,482.0179138183594,125.6995620727539,441.7088317871094,198.89649963378906,21.428117752075195,239.20704650878906,175.63525390625,209.22203063964844
2024-07-29,139.88699340820312,1276.49951171875,485.9583435058594,125.04659271240234,439.709228515625,195.376220703125,21.731021881103516,240.94044494628906,179.21768188476562,208.83531188964844
2024-07-30,141.96263122558594,1281.4974365234375,491.08099365234375,128.27310180664062,444.6082458496094,200.46109008789062,22.121868133544922,239.6527862548828,179.70179748535156,209.8021240234375
2024-07-31,141.8660888671875,1296.49169921875,496.3020935058594,134.39964294433594,449.5072326660156,198.60316467285156,21.50628662109375,244.75389099121094,180.18589782714844,211.9291534423828
2024-08-01,140.1766357421875,1284.496337890625,489.11077880859375,128.59959411621094,481.0007629394531,189.0201416015625,21.105669021606445,239.75184631347656,180.08908081054688,209.6087646484375
2024-08-02,139.50083923339844,1281.4974365234375,472.954833984375,126.65983581542969,463.80426025390625,186.91773986816406,20.323976516723633,229.54962158203125,179.8954315185547,200.90728759765625
2024-08-05,140.75587463378906,1268.002685546875,473.1518249511719,125.31546783447266,443.7084045410156,184.61978149414062,20.323976516723633,228.70770263671875,179.60494995117188,195.87977600097656
2024-08-06,140.27317810058594,1270.501953125,482.51043701171875,127.75454711914062,468.4033508300781,185.20648193359375,20.529172897338867,230.49061584472656,180.37954711914062,200.5205535888672
2024-08-07,141.38336181640625,1292.4932861328125,487.2390441894531,130.57774353027344,479.6010437011719,188.3356475830078,20.87116241455078,235.44313049316406,186.092041015625,202.26084899902344
2024-08-08,141.04550170898438,1283.99658203125,503.98602294921875,129.11814880371094,476.7016296386719,187.3088836669922,20.675737380981445,234.15548706054688,181.444580078125,199.74710083007812
2024-08-09,142.25225830078125,1276.999267578125,530.3871459960938,129.02210998535156,484.8999328613281,188.2867431640625,21.154523849487305,238.216552734375,184.44606018066406,205.74143981933594
2024-08-12,141.96263122558594,1302.989013671875,537.8740844726562,128.44595336914062,486.599609375,187.94448852539062,21.408573150634766,240.4451904296875,183.4778289794922,207.67510986328125
2024-08-13,142.8797607421875,1322.9813232421875,539.4502563476562,129.00289916992188,491.8984680175781,188.7756805419922,21.33040428161621,244.35769653320312,185.41427612304688,210.3822479248047
2024-08-14,143.70034790039062,1356.9678955078125,549.6954345703125,129.31019592285156,498.9970397949219,189.6068572998047,22.004613876342773,252.47982788085938,188.2221221923828,212.89598083496094
2024-08-15,145.19671630859375,1360.466552734375,554.818115234375,131.48040771484375,502.89617919921875,190.68251037597656,22.004613876342773,254.8570098876953,188.415771484375,210.76895141601562
2024-08-16,144.6174774169922,1349.4708251953125,553.8329467773438,132.152587890625,500.8966369628906,192.6382293701172,22.102327346801758,254.55990600585938,187.0602569580078,213.86280822753906
2024-08-19,143.50726318359375,1338.47509765625,542.9967041015625,133.016845703125,499.8968200683594,192.1492919921875,21.92644691467285,240.94044494628906,185.02700805664062,211.9291534423828
2024-08-20,142.5901336669922,1310.4862060546875,526.6436767578125,132.97842407226562,492.8982849121094,191.1714324951172,21.55514144897461,237.91940307617188,184.1555938720703,212.31590270996094
2024-08-21,143.07281494140625,1311.985595703125,528.8109741210938,133.5738067626953,492.39837646484375,192.1981964111328,21.574684143066406,234.25453186035156,184.63970947265625,210.3822479248047
2024-08-22,143.16937255859375,1316.483642578125,525.6586303710938,133.362548828125,497.4973449707031,191.75814819335938,21.54537010192871,234.60122680664062,182.9937286376953,213.66946411132812
2024-08-23,143.16937255859375,1311.985595703125,527.431884765625,135.20626831054688,498.79705810546875,192.73602294921875,21.71147918701172,234.10595703125,183.1873779296875,213.66946411132812
2024-08-26,143.50726318359375,1311.985595703125,527.0377807617188,135.5327606201172,498.79705810546875,192.24708557128906,21.613767623901367,232.81829833984375,181.83187866210938,210.57559204101562
2024-08-27,143.84515380859375,1319.482666015625,527.6287841796875,135.26388549804688,494.0980224609375,192.1492919921875,21.740793228149414,235.3936004638672,182.8000946044922,209.99549865722656
2024-08-28,144.71400451660156,1347.4715576171875,535.3128051757812,135.26388549804688,500.0968017578125,193.17605590820312,22.219579696655273,238.563232421875,183.768310546875,212.70262145996094
2024-08-29,146.017333984375,1372.4617919921875,534.5245971679688,134.97579956054688,500.0968017578125,194.2028045654297,22.463857650756836,240.29661560058594,187.93165588378906,215.21640014648438
2024-08-30,146.74136352539062,1362.4658203125,533.93359375,133.304931640625,496.2975769042969,193.5671844482422,22.43454360961914,240.0489959716797,188.60940551757812,216.9566650390625
2024-09-02,143.2659149169922,1323.9808349609375,519.5509033203125,131.48040771484375,464.2041931152344,192.8337860107422,20.81253433227539,226.92478942871094,187.64120483398438,209.99549865722656
2024-09-03,141.9143524169922,1309.9862060546875,512.2610473632812,129.1949462890625,472.2025451660156,190.0957794189453,20.44123077392578,225.6371307373047,185.02700805664062,209.8021240234375
2024-09-04,141.8660888671875,1311.985595703125,515.6104736328125,128.27310180664062,480.600830078125,189.21571350097656,20.255578994750977,224.29994201660156,186.092041015625,209.4154052734375
2024-09-05,140.8041534423828,1301.9893798828125,507.5324401855469,126.50621032714844,477.8013916015625,188.384521484375,20.226266860961914,222.71514892578125,185.2206573486328,203.03433227539062
2024-09-06,139.88699340820312,1293.4927978515625,494.5289001464844,123.24127197265625,462.60455322265625,188.0911865234375,19.913589477539062,219.4960174560547,181.2509307861328,204.38787841796875
2024-09-09,140.080078125,1295.491943359375,499.4544677734375,124.6048583984375,475.50189208984375,189.7535400390625,19.92336082458496,223.0618133544922,182.50962829589844,204.58123779296875
2024-09-10,141.09376525878906,1300.4901123046875,503.39495849609375,125.25784301757812,474.7020568847656,191.80703735351562,19.845191955566406,222.9627685546875,183.86512756347656,203.8077850341797
2024-09-11,140.8041534423828,1300.4901123046875,502.60687255859375,125.04659271240234,479.0011291503906,191.85592651367188,19.747478485107422,223.80470275878906,181.54139709472656,204.58123779296875
2024-09-12,141.33509826660156,1324.4805908203125,514.0342407226562,125.3538589477539,493.6980895996094,197.91864013671875,20.109012603759766,228.31149291992188,183.4778289794922,210.57559204101562
2024-09-13,142.8797607421875,1336.47607421875,513.2461547851562,125.31546783447266,501.09661865234375,198.79872131347656,20.323976516723633,230.04489135742188,185.2206573486328,212.89598083496094
2024-09-16,142.54185485839844,1334.9764404296875,510.4878234863281,124.27836608886719,495.6976623535156,198.79872131347656,20.3044376373291,230.78775024414062,184.7365264892578,212.89598083496094
2024-09-17,137.0873260498047,1272.5009765625,476.0086975097656,124.56645202636719,494.8978576660156,198.0164337158203,19.395719528198242,219.05027770996094,179.70179748535156,195.87977600097656
2024-09-18,139.88699340820312,1273.5006103515625,474.136962890625,123.60618591308594,495.89764404296875,196.4518585205078,19.727937698364258,219.54551696777344,182.12234497070312,195.1063232421875
2024-09-19,143.12109375,1290.493896484375,486.25390625,128.13865661621094,524.8916015625,204.37252807617188,20.44123077392578,228.261962890625,186.9634552001953,200.5205535888672
2024-09-20,142.68667602539062,1269.502197265625,480.44171142578125,125.64196014404297,526.0914306640625,205.54595947265625,20.382604598999023,228.31149291992188,183.86512756347656,202.4542236328125
2024-09-23,140.5627899169922,1274.5001220703125,481.5253601074219,127.65853118896484,530.090576171875,206.71939086914062,20.33374786376953,229.69821166992188,184.05877685546875,203.03433227539062
2024-09-24,143.12109375,1267.003173828125,479.4566345214844,129.55987548828125,526.4912719726562,209.75076293945312,20.294666290283203,208.40232849121094,187.0602569580078,198.7802734375
2024-09-25,143.21763610839844,1273.5006103515625,484.874755859375,128.19627380371094,531.6902465820312,208.4795379638672,20.392375946044922,217.31689453125,188.99668884277344,203.22767639160156
2024-09-26,139.64564514160156,1242.0128173828125,477.0923156738281,129.00289916992188,526.6912841796875,211.31533813476562,20.099241256713867,215.48446655273438,184.93017578125,199.36036682128906
2024-09-27,139.64564514160156,1239.513916015625,475.1220703125,128.5035858154297,524.8916015625,208.67510986328125,19.942903518676758,215.1873016357422,185.7047576904297,199.16702270507812
2024-09-30,137.61830139160156,1237.014892578125,479.16107177734375,126.0068588256836,527.0912475585938,206.42604064941406,19.56182861328125,213.85011291503906,179.120849609375,199.5537109375
2024-10-01,141.09376525878906,1273.0008544921875,503.39495849609375,123.6253890991211,524.6917114257812,205.7415313720703,19.8940486907959,221.427490234375,181.444580078125,205.74143981933594
2024-10-02,142.39706420898438,1297.990966796875,509.1086120605469,122.28099822998047,518.6929321289062,205.15481567382812,20.61711311340332,227.0238494873047,182.2191619873047,211.9291534423828
2024-10-03,141.6247100830078,1298.99072265625,509.1086120605469,121.53199005126953,533.2899780273438,202.5146026611328,20.08946990966797,226.1819305419922,181.54139709472656,211.1556854248047
2024-10-04,141.96263122558594,1296.49169921875,512.2610473632812,121.80086517333984,530.090576171875,203.39466857910156,20.548715591430664,225.2904510498047,181.92868041992188,207.67510986328125
2024-10-07,142.20396423339844,1300.4901123046875,498.6664123535156,122.338623046875,526.4912719726562,198.99429321289062,20.480314254760742,225.34014892578125,181.7350311279297,209.22203063964844
2024-10-08,144.9071044921875,1290.9937744140625,494.9229431152344,121.32072448730469,527.4910888671875,199.87435913085938,20.431459426879883,225.48927307128906,181.444580078125,212.31590270996094
2024-10-09,145.29324340820312,1302.4893798828125,491.96759033203125,122.37703704833984,530.8904418945312,199.38543701171875,20.597570419311523,225.0419464111328,185.7047576904297,210.95364379882812
2024-10-10,144.23130798339844,1251.0093994140625,473.8414306640625,122.81876373291016,529.8906860351562,196.84300231933594,19.913589477539062,210.67864990234375,178.9272003173828,209.98060607910156
2024-10-11,142.107421875,1269.502197265625,466.4530334472656,127.63932800292969,537.0891723632812,200.26551818847656,19.93313217163086,210.4301300048828,179.60494995117188,209.00758361816406
2024-10-14,144.810546875,1298.99072265625,476.6982727050781,129.75192260742188,538.4888305664062,204.1769561767578,20.578027725219727,212.91514587402344,181.7350311279297,217.3756561279297
2024-10-15,144.8588409423828,1294.9921875,475.8116760253906,130.36648559570312,540.4884643554688,203.78579711914062,20.480314254760742,212.56724548339844,180.18589782714844,220.10015869140625
2024-10-16,146.88616943359375,1307.4873046875,474.0384521484375,130.5585479736328,559.8844604492188,203.8835906982422,21.03727149963379,216.095947265625,182.41278076171875,220.48939514160156
2024-10-17,148.6239013671875,1326.9796142578125,479.0625305175781,135.6864013671875,568.8826293945312,209.65296936035156,21.320632934570312,218.97854614257812,185.60792541503906,221.8516082763672
2024-10-18,148.18948364257812,1323.9808349609375,480.8357849121094,134.01553344726562,567.2830200195312,210.3374786376953,21.486743927001953,218.2827606201172,185.8015594482422,217.764892578125
2024-10-21,147.85157775878906,1326.9796142578125,483.1015319824219,133.32412719726562,566.8829956054688,208.7729034423828,21.33040428161621,218.63064575195312,182.9937286376953,215.8188018798828
2024-10-22,148.6721649169922,1339.474853515625,486.7464904785156,135.6287841796875,561.084228515625,205.7415313720703,21.613767623901367,238.11309814453125,186.57614135742188,215.8188018798828
2024-10-23,146.78964233398438,1322.4814453125,484.7762451171875,135.5711669921875,561.2842407226562,205.8393096923828,21.369489669799805,235.42929077148438,185.41427612304688,216.79183959960938
2024-10-24,147.85157775878906,1304.11083984375,495.9080505371094,135.5135498046875,554.685546875,205.54595947265625,21.428117752075195,235.57838439941406,186.4793243408203,227.30062866210938
2024-10-25,146.78964233398438,1291.614501953125,478.57000732421875,134.8989715576172,556.0852661132812,206.81716918945312,21.29132080078125,229.316162109375,186.6729736328125,222.43544006347656
2024-10-28,146.69308471679688,1295.6134033203125,483.2000427246094,134.32281494140625,560.2843627929688,206.71939086914062,21.564912796020508,231.40357971191406,186.18885803222656,226.91140747070312
2024-10-29,145.5828857421875,1279.1182861328125,481.4268493652344,134.7645263671875,554.4855346679688,205.15481567382812,21.408573150634766,231.5526580810547,182.0255126953125,228.27365112304688
2024-10-30,145.82423400878906,1268.62158203125,478.47149658203125,134.18838500976562,555.0853881835938,204.8614501953125,21.691938400268555,230.95628356933594,179.8954315185547,227.68980407714844
2024-10-31,143.02455139160156,1249.6270751953125,466.15753173828125,134.59169006347656,535.28955078125,203.1990966796875,21.467201232910156,217.78575134277344,179.41131591796875,222.8246612548828
2024-11-01,144.2795867919922,1268.62158203125,470.8860778808594,135.9744873046875,548.6867065429688,205.8393096923828,21.799419403076172,220.7180633544922,180.57318115234375,224.18690490722656
2024-11-04,141.431640625,1244.128662109375,461.3304443359375,134.70692443847656,549.4866333007812,206.23045349121094,21.262008666992188,217.7360382080078,178.34628295898438,216.20802307128906
2024-11-05,144.76226806640625,1279.6181640625,473.1518249511719,136.18576049804688,559.8844604492188,212.39096069335938,22.053468704223633,227.0796661376953,181.6382293701172,220.8785858154297
2024-11-06,148.91351318359375,1342.599365234375,488.4211730957031,136.7042999267578,573.881591796875,214.7378387451172,22.81562042236328,222.95455932617188,189.38400268554688,215.04039001464844
2024-11-07,154.89903259277344,1381.5877685546875,533.736572265625,138.66323852539062,552.6859130859375,218.16033935546875,23.792734146118164,233.9382781982422,192.8695831298828,218.7379150390625
2024-11-08,155.52655029296875,1377.0892333984375,537.8740844726562,136.6466827392578,553.0858764648438,214.9333953857422,24.144495010375977,231.60235595703125,192.38546752929688,219.90554809570312
2024-11-11,156.82984924316406,1393.0843505859375,556.59130859375,139.70033264160156,571.8819580078125,220.5072021484375,25.190006256103516,240.34959411621094,194.22511291503906,224.57611083984375
2024-11-12,155.2852020263672,1381.087890625,565.4573364257812,134.5532684326172,557.8848876953125,212.09759521484375,25.092296600341797,242.48667907714844,191.6108856201172,230.60891723632812
2024-11-13,151.085693359375,1344.0989990234375,564.275146484375,132.95924377441406,557.4849243164062,214.15110778808594,24.76007652282715,240.74717712402344,190.5458526611328,240.1446533203125
2024-11-14,148.2860107421875,1314.6077880859375,557.970458984375,133.4009552001953,545.0875854492188,213.6621856689453,24.564651489257812,235.28016662597656,186.6729736328125,235.668701171875
2024-11-15,146.0655975341797,1286.6160888671875,567.2305297851562,132.555908203125,538.6888427734375,212.29318237304688,24.212892532348633,233.54066467285156,185.8015594482422,233.52801513671875
2024-11-18,146.16212463378906,1295.6134033203125,573.7323608398438,133.03604125976562,539.0888061523438,213.46661376953125,24.31060218811035,238.5106658935547,185.7047576904297,234.3064422607422
2024-11-19,148.6239013671875,1312.1085205078125,595.7989501953125,131.806884765625,527.4910888671875,213.17324829101562,24.642822265625,247.20819091796875,189.19033813476562,241.70150756835938
2024-11-20,146.6448211669922,1299.6121826171875,587.5239868164062,132.36386108398438,526.0914306640625,213.2710418701172,24.53533935546875,241.69149780273438,189.38400268554688,241.3123016357422
2024-11-21,147.22406005859375,1324.604736328125,596.9810791015625,133.95791625976562,540.6884155273438,214.54225158691406,25.01412582397461,246.5124053955078,192.09500122070312,247.73431396484375
2024-11-22,143.02455139160156,1333.102294921875,609.78759765625,132.4598846435547,545.4873046875,215.2267608642578,24.926185607910156,243.0334014892578,188.51258850097656,250.65342712402344
2024-11-25,136.94253540039062,1297.113037109375,599.9364624023438,132.82479858398438,542.4879760742188,213.3688201904297,24.427858352661133,235.42929077148438,180.8636474609375,255.32398986816406
2024-11-26,137.28041076660156,1297.6129150390625,608.60546875,131.26914978027344,541.88818359375,213.3688201904297,24.554880142211914,240.00167846679688,181.1541290283203,250.2642059326172
2024-11-27,135.15652465820312,1285.1165771484375,606.832275390625,133.84268188476562,539.4886474609375,212.7821044921875,24.379003524780273,237.36758422851562,180.96046447753906,255.12939453125
2024-11-28,138.10101318359375,1289.6151123046875,611.1668090820312,139.37384033203125,545.4873046875,214.2489013671875,24.89687156677246,235.1807861328125,183.09056091308594,254.9347686767578
2024-11-29,136.60462951660156,1226.634033203125,613.1370849609375,141.6977081298828,558.4846801757812,215.61790466308594,24.887100219726562,237.41729736328125,182.41278076171875,252.79408264160156
2024-12-02,136.94253540039062,1254.6256103515625,618.8507080078125,144.54010009765625,572.8817749023438,216.8891143798828,25.258403778076172,240.54840087890625,183.28421020507812,259.0215148925781
2024-12-03,138.8849639892578,1259.124267578125,625.3524780273438,146.03811645507812,591.2779541015625,222.26734924316406,25.571081161499023,245.91600036621094,185.5111083984375,259.6053161621094
2024-12-04,137.8651885986328,1260.1240234375,642.2965087890625,148.09310913085938,594.6773071289062,223.53857421875,25.717649459838867,245.17047119140625,188.51258850097656,262.7190246582031
2024-12-05,138.05941772460938,1246.6280517578125,648.4042358398438,147.44012451171875,588.478515625,207.20831298828125,26.020553588867188,247.1584930419922,187.73800659179688,263.4974365234375
2024-12-06,137.71951293945312,1229.13330078125,642.0994873046875,148.99575805664062,586.279052734375,208.18617248535156,25.80558967590332,245.0710906982422,187.0602569580078,258.826904296875
2024-12-09,135.7770538330078,1198.642333984375,603.8768920898438,150.72425842285156,582.27978515625,205.7415313720703,24.57442283630371,229.4652862548828,184.05877685546875,246.56666564941406
2024-12-10,133.54324340820312,1178.6483154296875,596.3900146484375,149.99444580078125,565.6832885742188,201.34115600585938,24.291061401367188,227.47726440429688,183.86512756347656,244.62060546875
2024-12-11,134.7086944580078,1197.642578125,609.5906372070312,150.03286743164062,576.8809814453125,205.6437530517578,25.033668518066406,231.80116271972656,185.60792541503906,247.34510803222656
2024-12-12,135.29144287109375,1214.1376953125,617.4714965820312,153.54745483398438,575.2813110351562,203.49246215820312,25.141151428222656,232.59637451171875,185.5111083984375,252.5994873046875
2024-12-13,134.0288543701172,1198.642333984375,606.832275390625,153.854736328125,572.4818725585938,204.47032165527344,25.160694122314453,230.35986328125,184.05877685546875,250.2642059326172
2024-12-16,133.78604125976562,1196.642822265625,614.5161743164062,151.5885009765625,583.6795654296875,205.7415313720703,25.414743423461914,231.9005889892578,184.05877685546875,251.23724365234375
2024-12-17,132.572021484375,1169.6510009765625,603.6798706054688,152.24148559570312,580.8800659179688,207.0127410888672,25.102067947387695,222.358154296875,183.38101196289062,248.318115234375
2024-12-18,133.44610595703125,1173.14990234375,604.073974609375,152.54876708984375,586.6788940429688,209.359619140625,25.2779483795166,223.749755859375,183.1873779296875,248.318115234375
2024-12-19,135.43710327148438,1165.6522216796875,610.9697875976562,150.30172729492188,579.4803466796875,206.52381896972656,25.023897171020508,223.6006622314453,186.4793243408203,251.62644958496094
2024-12-20,133.4946746826172,1155.6552734375,602.4977416992188,148.630859375,575.2813110351562,205.3503875732422,24.965269088745117,224.94256591796875,185.2206573486328,246.95590209960938
2024-12-23,133.10618591308594,1157.15478515625,610.378662109375,147.78582763671875,575.4812622070312,204.95924377441406,25.160694122314453,233.73947143554688,185.7047576904297,251.23724365234375
2024-12-24,133.78604125976562,1158.1544189453125,610.378662109375,147.59376525878906,575.4812622070312,205.05702209472656,25.160694122314453,233.73947143554688,185.99522399902344,251.23724365234375
2024-12-27,134.07740783691406,1155.1553955078125,608.60546875,149.1302032470703,577.8806762695312,206.3282470703125,25.307260513305664,233.39158630371094,186.57614135742188,251.82102966308594
2024-12-30,133.54324340820312,1144.658447265625,605.453125,148.24676513671875,570.2823486328125,205.7415313720703,25.33657455444336,232.2981719970703,189.57763671875,249.0965576171875
2024-12-31,134.66012573242188,1148.1573486328125,605.453125,148.630859375,568.482666015625,207.40390014648438,25.33657455444336,232.2981719970703,190.93313598632812,249.0965576171875
2025-01-02,133.64036560058594,1153.156005859375,595.0108642578125,153.77792358398438,588.2786254882812,210.1418914794922,25.463598251342773,231.40357971191406,189.6744384765625,247.73431396484375
2025-01-03,132.76626586914062,1152.656005859375,606.4381713867188,152.27989196777344,584.8793334960938,206.9149627685547,25.580852508544922,230.9065704345703,188.0284881591797,243.4529571533203
2025-01-06,133.78604125976562,1145.1583251953125,597.3751831054688,153.29779052734375,569.8823852539062,208.9684600830078,25.404972076416016,230.9065704345703,188.2221221923828,241.8961181640625
2025-01-07,135.53424072265625,1153.65576171875,607.8173828125,152.10704040527344,576.48095703125,211.1197509765625,25.62970733642578,225.48927307128906,190.25538635253906,244.42599487304688
2025-01-08,141.2644500732422,1189.6448974609375,639.1441040039062,152.27989196777344,577.8806762695312,211.41311645507812,26.675220489501953,233.2424774169922,199.64712524414062,254.54554748535156
2025-01-09,139.6619415283203,1186.1461181640625,639.5381469726562,150.35935974121094,581.2800903320312,215.7156982421875,26.68499183654785,231.95028686523438,199.2598419189453,245.39903259277344
2025-01-10,140.00186157226562,1191.6444091796875,640.3262939453125,151.3004150390625,579.88037109375,215.52011108398438,27.06606674194336,228.96827697753906,199.64712524414062,242.67453002929688
2025-01-13,139.9533233642578,1181.1474609375,635.2036743164062,149.26463317871094,567.2830200195312,214.05331420898438,26.772932052612305,228.1233673095703,199.64712524414062,237.22555541992188
2025-01-14,141.07022094726562,1186.6458740234375,645.2518310546875,149.78317260742188,566.2830810546875,217.57362365722656,27.232175827026367,230.50897216796875,199.4534912109375,240.1446533203125
2025-01-15,141.1673583984375,1187.6456298828125,646.6310424804688,148.24676513671875,563.2837524414062,217.3780517578125,27.183319091796875,231.60235595703125,197.1297607421875,240.5338592529297
2025-01-16,142.91552734375,1212.1383056640625,675.7904663085938,150.95472717285156,578.6805419921875,219.0404052734375,27.720733642578125,234.58438110351562,197.90432739257812,241.3123016357422
2025-01-17,144.22669982910156,1222.1353759765625,684.0654907226562,154.39248657226562,587.8787231445312,222.36512756347656,27.984554290771484,222.15936279296875,197.3234100341797,244.2313995361328
2025-01-20,145.29505920410156,1224.134765625,682.09521484375,156.9276123046875,595.2772216796875,221.68063354492188,28.101808547973633,221.1653594970703,199.0662078857422,248.318115234375
2025-01-21,146.80043029785156,1248.127685546875,694.9017333984375,156.8123779296875,593.87744140625,222.5607147216797,28.20928955078125,228.2227783203125,201.9708709716797,252.0156707763672
2025-01-22,147.7716522216797,1244.628662109375,707.1171875,158.5792694091797,603.2755126953125,227.93893432617188,28.648990631103516,227.72576904296875,202.35813903808594,260.7729797363281
2025-01-23,148.45152282714844,1258.1246337890625,722.6820678710938,160.0388946533203,611.4738159179688,232.6326446533203,29.030065536499023,233.3418731689453,202.9390869140625,266.8057861328125
2025-01-24,147.91734313964844,1237.6307373046875,720.7117919921875,160.40379333496094,605.4750366210938,231.26364135742188,28.766244888305664,232.39756774902344,201.5835723876953,266.6111755371094
2025-01-27,148.0144500732422,1243.1290283203125,712.4368286132812,159.25146484375,589.6782836914062,229.89463806152344,28.53173828125,231.35386657714844,202.55178833007812,263.69207763671875
2025-01-28,149.76266479492188,1250.6268310546875,721.3029174804688,160.17332458496094,582.6797485351562,232.82821655273438,28.57082176208496,230.2107696533203,205.2628173828125,262.5244140625
2025-01-29,147.8687744140625,1195.1434326171875,731.3511352539062,160.00047302246094,584.0794677734375,232.43707275390625,28.805328369140625,231.50296020507812,201.9708709716797,264.85968017578125
2025-01-30,150.1026153564453,1208.139404296875,735.8826293945312,159.71240234375,595.8770141601562,233.12156677246094,28.942127227783203,233.1927947998047,208.7484130859375,262.7190246582031
2025-01-31,151.60800170898438,1223.634765625,744.1576538085938,160.48060607910156,605.8749389648438,234.58836364746094,29.56747817993164,239.00767517089844,210.8784942626953,261.94061279296875
2025-02-03,152.822021484375,1230.6326904296875,752.629638671875,159.96206665039062,595.2772216796875,234.39279174804688,29.880155563354492,241.84059143066406,210.1039276123047,260.3837585449219
2025-02-04,155.2986297607422,1210.1387939453125,746.9159545898438,159.42431640625,593.4774780273438,234.6861572265625,29.508852005004883,236.22447204589844,211.8467254638672,258.0484619140625
2025-02-05,154.6673583984375,1207.6397705078125,737.6558227539062,160.2693634033203,601.67578125,235.95736694335938,29.352516174316406,236.87059020996094,212.0403594970703,254.9347686767578
2025-02-06,151.0252685546875,1184.646484375,695.8869018554688,161.22962951660156,605.8749389648438,235.6640167236328,28.5219669342041,226.13536071777344,203.71365356445312,250.2642059326172
2025-02-07,153.06483459472656,1196.642822265625,712.6339111328125,160.28855895996094,602.6756591796875,238.20645141601562,28.678306579589844,212.11993408203125,205.6501007080078,235.0848846435547
2025-02-10,154.52166748046875,1180.1478271484375,720.1207275390625,160.78790283203125,613.2734375,240.3577423095703,28.727161407470703,216.791748046875,210.49119567871094,220.48939514160156
2025-02-11,156.60980224609375,1204.640625,720.5148315429688,160.57664489746094,619.8720703125,239.57545471191406,29.26457405090332,216.9905548095703,211.07212829589844,220.48939514160156
2025-02-12,155.5900115966797,1209.13916015625,717.1654052734375,163.13096618652344,620.6718139648438,240.94444274902344,29.225488662719727,216.2947540283203,210.29754638671875,220.8785858154297
2025-02-13,158.26087951660156,1247.627685546875,745.7338256835938,163.22698974609375,624.2711791992188,240.3577423095703,29.880155563354492,225.2407684326172,211.26577758789062,221.65701293945312
2025-02-14,160.59182739257812,1227.6336669921875,804.8408813476562,161.8249969482422,624.4711303710938,240.55331420898438,30.95498275756836,243.13279724121094,211.8467254638672,223.99229431152344
2025-02-17,173.16917419433594,1337.6009521484375,917.7352905273438,163.72633361816406,635.2688598632812,246.51824951171875,33.47593307495117,282.4455261230469,225.59544372558594,239.3662109375
2025-02-18,177.19973754882812,1336.101318359375,914.9769897460938,166.12701416015625,644.2670288085938,245.7359619140625,34.198997497558594,284.2844543457031,225.59544372558594,242.2853240966797
2025-02-19,179.04507446289062,1344.598876953125,918.9174194335938,162.2091064453125,642.4674682617188,246.4204559326172,35.088172912597656,292.38555908203125,227.7255401611328,249.29116821289062
2025-02-20,177.782470703125,1283.616943359375,876.3603515625,158.52166748046875,618.2724609375,242.41123962402344,34.003578186035156,292.2861328125,226.75730895996094,250.06959533691406
2025-02-21,177.0054931640625,1255.1256103515625,880.8919067382812,153.64349365234375,611.2738647460938,238.7931671142578,34.3455696105957,295.0693664550781,226.56365966796875,260.18914794921875
2025-02-24,180.356201171875,1304.6107177734375,937.2406616210938,157.81105041503906,606.074951171875,237.52194213867188,35.029544830322266,297.9023132324219,234.1157989501953,257.8538513183594
2025-02-25,183.9011993408203,1365.592529296875,938.6197509765625,157.5806121826172,614.873046875,239.57545471191406,35.8991813659668,308.190185546875,235.66494750976562,262.3298034667969
2025-02-26,184.72671508789062,1344.598876953125,955.5637817382812,160.86473083496094,630.8697509765625,243.1935272216797,36.65155792236328,307.3453063964844,236.82681274414062,266.0273132324219
2025-02-27,187.68893432617188,1391.0848388671875,986.1024169921875,158.5792694091797,731.4490356445312,242.99795532226562,38.10745620727539,316.29132080078125,239.9251251220703,261.7460021972656
2025-02-28,186.13497924804688,1406.080322265625,991.5206298828125,159.1170196533203,743.8464965820312,244.5625457763672,37.677528381347656,317.6332092285156,238.56959533691406,265.63812255859375
2025-03-03,216.0001220703125,1611.019287109375,1127.466796875,167.4521942138672,776.6397705078125,252.1898193359375,43.75518035888672,354.3615417480469,273.8128356933594,307.8677673339844
2025-03-04,221.43896484375,1569.0318603515625,1105.3016357421875,162.03627014160156,786.23779296875,249.35403442382812,42.50447463989258,345.3658752441406,266.4543762207031,305.143310546875
2025-03-05,238.3382568359375,1621.0162353515625,1184.603515625,165.91575622558594,805.0338745117188,254.92784118652344,44.17533493041992,366.4884033203125,277.8793640136719,317.0142822265625
2025-03-06,240.08645629882812,1633.0128173828125,1181.1556396484375,166.1846160888672,804.6339721679688,252.9721221923828,45.11336898803711,372.7506103515625,287.1742858886719,314.289794921875
2025-03-07,229.88861083984375,1566.03271484375,1098.40576171875,162.8236846923828,801.234619140625,245.24703979492188,42.21133804321289,357.29388427734375,277.4920959472656,303.58642578125
2025-03-10,229.4029998779297,1568.531982421875,1102.3463134765625,156.6395263671875,732.6487426757812,233.12156677246094,42.01591491699219,366.5877685546875,276.1365966796875,293.8561096191406
2025-03-11,227.9461669921875,1575.0301513671875,1136.8253173828125,156.52430725097656,747.2457885742188,233.31715393066406,42.748748779296875,381.1001892089844,279.0412292480469,300.6673278808594
2025-03-12,231.9281768798828,1583.5274658203125,1246.1734619140625,157.5806121826172,780.8388671875,244.95367431640625,42.71943664550781,386.16961669921875,282.33319091796875,299.8888854980469
2025-03-13,230.08285522460938,1590.025634765625,1268.8310546875,155.77528381347656,771.2408447265625,239.67324829101562,43.051658630371094,372.7506103515625,281.9458923339844,306.8947448730469
2025-03-14,242.90301513671875,1656.5057373046875,1348.6256103515625,162.4779815673828,796.2357177734375,245.1492462158203,46.11979675292969,397.5509338378906,298.01837158203125,321.295654296875
2025-03-17,241.25192260742188,1636.0118408203125,1347.6405029296875,164.4369354248047,801.4345703125,247.20274353027344,45.63124084472656,403.2664489746094,303.24676513671875,325.7715759277344
2025-03-18,245.13681030273438,1654.50634765625,1423.987060546875,164.95547485351562,811.0325927734375,247.20274353027344,46.647438049316406,409.08135986328125,305.957763671875,312.5383605957031
2025-03-19,239.9893341064453,1672.5009765625,1359.4619140625,164.4945526123047,812.6322631835938,252.28761291503906,47.10668182373047,387.2630310058594,306.3450622558594,316.0412292480469
2025-03-20,236.1044464111328,1643.009765625,1316.1168212890625,160.71109008789062,796.4356079101562,246.9093780517578,46.35430145263672,386.96484375,296.6628723144531,310.0084533691406
2025-03-21,233.09365844726562,1595.0240478515625,1285.578125,160.01968383789062,800.4347534179688,244.8558807373047,44.83977508544922,377.7702941894531,297.2438049316406,305.9217224121094
2025-03-24,237.65838623046875,1583.5274658203125,1299.8623046875,160.57664489746094,789.8370971679688,245.44261169433594,43.78449630737305,394.7180480957031,300.7294006347656,303.97564697265625
2025-03-25,241.05767822265625,1569.53173828125,1299.8623046875,165.47402954101562,801.6345825195312,248.27838134765625,44.22419357299805,399.29046630859375,304.2149963378906,302.6134033203125
2025-03-26,243.777099609375,1575.0301513671875,1333.3563232421875,163.76473999023438,801.4345703125,245.24703979492188,44.88862991333008,395.6623229980469,305.3768310546875,307.8677673339844
2025-03-27,242.80587768554688,1584.02734375,1329.908447265625,161.99783325195312,796.8355102539062,242.90016174316406,45.220848083496094,401.8748474121094,304.98956298828125,303.78106689453125
2025-03-28,239.5037384033203,1564.0333251953125,1290.503662109375,159.65478515625,771.0408325195312,240.25994873046875,44.01899719238281,389.8971252441406,299.1802062988281,294.4399108886719
2025-03-31,238.5325164794922,1559.0347900390625,1299.3697509765625,156.3130340576172,748.8453979492188,236.64187622070312,43.804039001464844,391.2886962890625,295.3073425292969,298.7212829589844
2025-04-01,242.90301513671875,1585.027099609375,1333.848876953125,161.38327026367188,779.2391967773438,239.67324829101562,44.98634338378906,401.328125,296.85650634765625,304.5594787597656
2025-04-02,239.2123565673828,1570.031494140625,1277.6971435546875,156.27462768554688,755.64404296875,238.9887237548828,43.598838806152344,384.87744140625,290.0789489746094,296.1913757324219
2025-04-03,245.13681030273438,1620.0166015625,1332.86376953125,151.74215698242188,745.8460083007812,228.03671264648438,45.04496765136719,409.1807556152344,292.4027099609375,308.0623779296875
2025-04-04,231.05406188964844,1517.04736328125,1257.0096435546875,141.06390380859375,658.864013671875,213.46661376953125,39.455875396728516,377.12420654296875,270.9081726074219,282.7635192871094
2025-04-07,221.24472045898438,1497.0533447265625,1225.4859619140625,131.36517333984375,635.6687622070312,196.84300231933594,38.146541595458984,367.2835998535156,258.3212890625,284.7095947265625
2025-04-08,233.28790283203125,1566.03271484375,1295.921875,134.66851806640625,679.0598754882812,206.71939086914062,40.98994445800781,398.0479431152344,275.1683654785156,292.10467529296875
2025-04-09,228.91738891601562,1571.5311279296875,1287.0557861328125,128.1770782470703,663.4630126953125,196.0607147216797,39.7880973815918,391.7857360839844,273.23193359375,288.2124938964844
2025-04-10,238.5325164794922,1621.5162353515625,1358.9693603515625,133.9195098876953,693.4568481445312,207.3061065673828,41.341705322265625,407.7394714355469,281.364990234375,295.99676513671875
2025-04-11,238.04689025878906,1657.0054931640625,1340.252197265625,129.5022430419922,693.6568603515625,200.167724609375,41.58598709106445,412.42266845703125,282.1395568847656,296.1913757324219
2025-04-14,245.23394775390625,1692.4949951171875,1418.5689697265625,133.72743225097656,709.4535522460938,206.13267517089844,43.2079963684082,428.01678466796875,291.4344482421875,307.47857666015625
2025-04-15,252.22677612304688,1742.9798583984375,1471.7652587890625,135.3406982421875,731.6489868164062,210.72862243652344,45.435813903808594,444.3084716796875,299.95477294921875,316.9169921875
2025-04-16,249.8957977294922,1741.4803466796875,1462.4066162109375,134.91818237304688,724.0505981445312,209.75076293945312,44.28282165527344,439.9241638183594,297.6310729980469,312.92755126953125
2025-04-17,245.7195587158203,1715.191162109375,1442.211669921875,131.0386962890625,714.3118286132812,207.50167846679688,44.01899719238281,438.4793395996094,293.95184326171875,312.92755126953125
2025-04-22,245.6224365234375,1705.1929931640625,1404.77734375,130.64593505859375,715.91162109375,209.65296936035156,43.61838150024414,436.5362854003906,290.46624755859375,304.8513488769531
2025-04-23,243.58285522460938,1666.6998291015625,1362.9097900390625,136.32107543945312,727.7100830078125,214.54225158691406,42.84646224975586,420.34429931640625,291.62811279296875,293.27227783203125
2025-04-24,234.3562469482422,1683.69677734375,1361.9246826171875,134.7697296142578,735.1092529296875,216.009033203125,43.344791412353516,423.93145751953125,288.72344970703125,301.8349914550781
2025-04-25,227.07205200195312,1682.197021484375,1365.865234375,138.0491485595703,755.3067016601562,225.00535583496094,43.598838806152344,424.62896728515625,287.9488525390625,304.3648376464844
2025-04-28,227.2663116455078,1680.1973876953125,1319.564697265625,141.70166015625,754.306884765625,226.1787872314453,42.84646224975586,419.7962646484375,288.14251708984375,304.7540588378906
2025-04-29,232.80227661132812,1729.1885986328125,1431.8680419921875,141.36781311035156,752.70703125,225.2987060546875,44.165565490722656,436.0380859375,298.01837158203125,311.3706970214844
2025-04-30,237.85263061523438,1734.1876220703125,1476.69091796875,144.47048950195312,754.1068725585938,227.8411407470703,44.751834869384766,446.3013000488281,306.9259948730469,324.6039733886719
2025-05-01,237.85263061523438,1741.6864013671875,1476.69091796875,144.47048950195312,766.9052734375,227.8411407470703,44.751834869384766,446.3013000488281,306.9259948730469,324.6039733886719
2025-05-02,245.6224365234375,1778.6796875,1552.544921875,152.14862060546875,783.9031982421875,237.9130859375,47.048057556152344,461.3474426269531,314.28448486328125,331.6097717285156
2025-05-05,244.26272583007812,1778.6796875,1602.785888671875,155.40838623046875,783.9031982421875,238.0108642578125,47.653865814208984,460.35101318359375,319.51287841796875,336.5722351074219
2025-05-06,242.4174041748047,1770.18115234375,1620.51806640625,153.7981414794922,781.1035766601562,238.4020233154297,46.87217330932617,454.4222106933594,314.28448486328125,333.55584716796875
2025-05-07,241.5432891845703,1728.688720703125,1609.1890869140625,151.7755126953125,765.9054565429688,237.3263702392578,46.696292877197266,453.7247314453125,310.0243225097656,332.58282470703125
2025-05-08,246.20516967773438,1745.6856689453125,1675.6845703125,155.50657653808594,793.9019775390625,244.6603240966797,47.87860107421875,463.48974609375,315.4463195800781,348.92816162109375
2025-05-09,239.2123565673828,1687.696044921875,1668.7886962890625,155.5654754638672,791.502197265625,242.70460510253906,46.295677185058594,448.19451904296875,304.6022644042969,318.4886474609375
2025-05-12,232.12242126464844,1665.2000732421875,1570.277099609375,155.70294189453125,784.903076171875,244.75811767578125,44.302364349365234,432.1021728515625,290.2725830078125,309.9734802246094
2025-05-13,232.41378784179688,1673.1986083984375,1584.5611572265625,158.17723083496094,800.901123046875,246.02931213378906,44.39030456542969,425.02752685546875,291.4344482421875,313.7906494140625
2025-05-14,233.38504028320312,1700.6937255859375,1576.244384765625,156.6062469482422,796.9015502929688,246.4204559326172,44.43915939331055,429.36199951171875,290.659912109375,316.92266845703125
2025-05-15,239.7950897216797,1754.6839599609375,1665.3536376953125,156.33132934570312,815.8992309570312,248.962890625,46.22727966308594,443.31201171875,297.82470703125,326.6123962402344
2025-05-16,243.58285522460938,1762.1826171875,1705.9478759765625,157.33282470703125,809.4999389648438,250.4296875,47.8004264831543,447.2977294921875,299.5675048828125,330.3316650390625
2025-05-19,245.81668090820312,1776.6800537109375,1735.1558837890625,158.96270751953125,819.0988159179688,253.36326599121094,48.797088623046875,457.3616943359375,300.34210205078125,335.1275939941406
2025-05-20,249.99139404296875,1796.176513671875,1762.3837890625,158.90379333496094,817.4990234375,255.41676330566406,49.87191390991211,452.3795471191406,302.22979736328125,329.940185546875
2025-05-21,250.7772216796875,1818.6724853515625,1777.2353515625,159.15908813476562,824.2982177734375,253.85218811035156,50.575435638427734,460.5004577636719,306.1625061035156,341.1959228515625
2025-05-22,254.90281677246094,1841.6683349609375,1752.4827880859375,158.3343048095703,838.8963623046875,254.83006286621094,50.047794342041016,461.7460021972656,305.9659118652344,338.7490234375
2025-05-23,252.4470977783203,1842.6680908203125,1765.84912109375,154.4461669921875,835.6968383789062,249.15846252441406,50.184593200683594,464.6854553222656,299.87017822265625,339.2384033203125
2025-05-26,257.3585205078125,1842.6680908203125,1823.7701416015625,157.3131866455078,835.6968383789062,254.2433319091797,51.84568405151367,471.0128173828125,303.4096374511719,343.642822265625
2025-05-27,262.1717224121094,1899.657958984375,1870.3050537109375,159.25726318359375,851.4948120117188,256.32000732421875,53.05730438232422,475.2974548339844,306.5557861328125,350.592041015625
2025-05-28,267.57427978515625,1910.6558837890625,1879.2159423828125,159.39471435546875,857.694091796875,256.6166687011719,54.07350540161133,487.254638671875,315.4044189453125,354.9964599609375
2025-05-29,262.1717224121094,1882.1610107421875,1859.908935546875,159.61073303222656,850.8948974609375,256.7155456542969,52.88142776489258,487.254638671875,312.8481750488281,354.9964599609375
2025-05-30,262.662841796875,1901.15771484375,1866.3446044921875,159.1394500732422,866.0930786132812,258.49554443359375,52.9791374206543,482.82049560546875,313.43804931640625,351.9622802734375
2025-06-02,265.41326904296875,1919.1544189453125,1800.997802734375,159.63037109375,868.6926879882812,258.8910827636719,52.43195343017578,485.0126647949219,316.9775085449219,351.8644104003906
2025-06-03,267.2796325683594,1956.647705078125,1816.8394775390625,163.4203338623047,894.0895385742188,262.0555419921875,53.233184814453125,495.8737487792969,318.1573486328125,361.3094482421875
2025-06-04,263.0557556152344,1962.146728515625,1814.8592529296875,167.0924835205078,891.0899658203125,262.54998779296875,51.92385482788086,485.5108642578125,311.07843017578125,357.8837890625
2025-06-05,267.770751953125,1981.64306640625,1863.374267578125,162.4973907470703,876.291748046875,261.56109619140625,53.05730438232422,509.5746765136719,314.224609375,374.8163757324219
2025-06-06,256.8674011230469,1930.15234375,1770.3045654296875,162.3402862548828,884.8906860351562,262.7477722167969,51.41575241088867,509.5746765136719,309.89862060546875,358.3242492675781
2025-06-09,254.50990295410156,1922.15380859375,1756.938232421875,162.4973907470703,888.09033203125,262.7477722167969,50.86857223510742,473.00567626953125,303.016357421875,358.3242492675781
2025-06-10,245.2764129638672,1871.6629638671875,1654.95751953125,160.94606018066406,879.891357421875,257.4077453613281,47.66363525390625,428.3157653808594,292.9879150390625,364.0500183105469
2025-06-11,244.7852783203125,1866.1639404296875,1702.9775390625,160.6514892578125,893.2897338867188,257.01220703125,47.223934173583984,445.1055908203125,297.90380859375,371.9289855957031
2025-06-12,245.17820739746094,1884.6605224609375,1730.700439453125,159.84637451171875,887.2904663085938,255.2322235107422,47.29233169555664,445.8031005859375,299.67352294921875,376.82281494140625
2025-06-13,246.1604766845703,1938.6507568359375,1777.7303466796875,158.6485137939453,869.8925170898438,250.38665771484375,47.497528076171875,458.3581237792969,299.0836486816406,376.6759948730469
2025-06-16,246.25869750976562,1927.65283203125,1742.5816650390625,159.08053588867188,885.2907104492188,256.2210998535156,47.995853424072266,466.92742919921875,300.4600830078125,376.8717346191406
2025-06-17,243.80299377441406,1930.65234375,1711.3934326171875,157.82376098632812,890.489990234375,256.9132995605469,47.13599395751953,483.61767578125,299.87017822265625,380.68890380859375
2025-06-18,243.90122985839844,1931.6522216796875,1723.769775390625,160.02310180664062,890.8899536132812,259.0888671875,47.03828430175781,493.8310546875,300.6567077636719,381.6676940917969
2025-06-19,241.5437469482422,1919.654296875,1703.9676513671875,158.8252410888672,882.6909790039062,255.034423828125,46.0611686706543,490.34356689453125,298.49371337890625,379.7101745605469
2025-06-20,244.9817352294922,1897.6583251953125,1740.1064453125,164.4611053466797,887.6903076171875,257.30889892578125,45.96345520019531,490.34356689453125,299.87017822265625,386.0231628417969
2025-06-23,242.23135375976562,1879.6614990234375,1722.7796630859375,163.97018432617188,886.490478515625,256.1222229003906,44.955657958984375,480.9771423339844,299.0836486816406,379.9548645019531
2025-06-24,233.5872344970703,1800.6756591796875,1669.3140869140625,167.50486755371094,909.0877685546875,260.1766662597656,44.461639404296875,471.1124572753906,287.08880615234375,370.4608459472656
2025-06-25,238.10574340820312,1818.6724853515625,1720.7994384765625,168.4278106689453,916.686767578125,260.77001953125,45.65716552734375,488.3507080078125,291.6114501953125,360.28173828125
2025-06-26,245.17820739746094,1887.16015625,1846.0474853515625,172.90509033203125,933.6846313476562,264.3299865722656,47.61347579956055,519.1404418945312,297.1172790527344,369.62890625
2025-06-27,241.44552612304688,1861.664794921875,1733.6707763671875,174.96697998046875,954.0821533203125,269.1755676269531,46.072139739990234,509.3753967285156,293.57781982421875,370.9991760253906
2025-06-30,245.17820739746094,1886.1602783203125,1779.215576171875,174.04403686523438,967.48046875,272.8344421386719,47.20838165283203,525.7168579101562,295.1509094238281,382.548583984375
2025-07-01,232.1138153076172,1862.66455078125,1685.6507568359375,169.19366455078125,939.4839477539062,261.9566650390625,44.84697341918945,489.8453674316406,286.1056213378906,367.52459716796875
2025-07-02,234.07838439941406,1849.1669921875,1712.383544921875,172.00177001953125,943.2835083007812,263.3410949707031,44.90625762939453,486.40765380859375,287.8753356933594,355.19219970703125
2025-07-03,239.08802795410156,1876.162109375,1681.6903076171875,173.5531005859375,954.2821655273438,267.0,45.22242736816406,489.2972717285156,288.8585205078125,355.9752197265625
2025-07-04,240.2667694091797,1879.16162109375,1737.6312255859375,172.19815063476562,962.4810791015625,266.8022155761719,45.321231842041016,492.2367858886719,291.21820068359375,359.59661865234375
2025-07-07,243.99945068359375,1874.1624755859375,1785.1561279296875,174.0636749267578,969.6802368164062,271.6477966308594,46.062259674072266,497.7171325683594,292.0047302246094,363.3648376464844
2025-07-08,241.83843994140625,1876.162109375,1811.888916015625,175.67391967773438,966.2807006835938,271.9444274902344,46.41795349121094,484.7635498046875,289.4484558105469,361.3583984375
2025-07-09,243.50831604003906,1876.162109375,1842.0870361328125,179.051513671875,984.2785034179688,276.4933166503906,46.38831329345703,493.23321533203125,289.8417053222656,317.6077880859375
2025-07-10,241.93666076660156,1876.6619873046875,1827.235595703125,179.97445678710938,975.279541015625,272.9333190917969,46.0820198059082,487.4040832519531,291.414794921875,319.1248779296875
2025-07-11,246.5533905029297,1899.157958984375,1821.7899169921875,179.89590454101562,987.8779907226562,276.3944396972656,46.7242431640625,487.45391845703125,297.7071533203125,321.9632873535156
2025-07-14,250.08963012695312,1910.156005859375,1861.39404296875,179.67990112304688,998.2766723632812,278.0755615234375,48.008689880371094,489.64605712890625,302.8197021484375,315.160888671875
2025-07-15,243.60653686523438,1882.1610107421875,1809.90869140625,176.8717803955078,990.2777099609375,276.78997802734375,47.20838165283203,483.51800537109375,295.3475341796875,316.1885681152344
2025-07-16,242.13311767578125,1860.1650390625,1799.017578125,177.7161865234375,988.2779541015625,276.8888854980469,45.8844108581543,472.1088562011719,290.0383605957031,309.8755798339844
2025-07-17,244.39236450195312,1898.6580810546875,1822.780029296875,181.9185333251953,1009.8753051757812,280.6466369628906,47.02065658569336,478.5856628417969,289.2518310546875,311.3437194824219
2025-07-18,246.06224060058594,1939.6507568359375,1817.33447265625,182.8414764404297,1004.8759155273438,282.1299743652344,48.5323486328125,557.2040405273438,290.6282653808594,314.2310485839844
2025-07-21,242.13311767578125,1900.15771484375,1797.037353515625,182.64511108398438,999.87646484375,279.9544372558594,48.117374420166016,526.2150268554688,284.72918701171875,306.49884033203125
2025-07-22,239.48094177246094,1859.1651611328125,1736.64111328125,178.03038024902344,983.07861328125,272.4388732910156,47.7320442199707,519.5390014648438,281.3863830566406,307.6733703613281
2025-07-23,233.78369140625,1858.665283203125,1759.4134521484375,180.05300903320312,983.278564453125,275.50445556640625,48.06797409057617,539.0690307617188,257.5933837890625,305.373291015625
2025-07-24,233.9801483154297,1849.6668701171875,1728.2252197265625,179.2871551513672,985.478271484375,275.9989013671875,47.000892639160156,530.3004150390625,262.9025573730469,303.4646911621094
2025-07-25,235.8465118408203,1846.16748046875,1716.8389892578125,176.93069458007812,977.079345703125,274.4166564941406,46.99101638793945,528.1083374023438,260.7395935058594,300.4794921875
2025-07-28,225.6307373046875,1804.675048828125,1660.4031982421875,174.41714477539062,981.2788696289062,272.73553466796875,45.63740158081055,508.08001708984375,264.8689270019531,298.52197265625
2025-07-29,231.7209014892578,1820.672119140625,1717.8291015625,176.1844940185547,1005.875732421875,278.57000732421875,47.27754211425781,524.12255859375,268.40838623046875,302.68170166015625
2025-07-30,230.93508911132812,1784.6787109375,1715.3538818359375,175.61500549316406,987.8779907226562,277.67999267578125,47.3664665222168,528.7061157226562,266.8352966308594,301.8497619628906
2025-07-31,231.6226806640625,1803.6751708984375,1718.32421875,172.84616088867188,1071.8675537109375,286.2833251953125,46.70448303222656,531.7951049804688,267.8184509277344,303.17108154296875
2025-08-01,231.32798767089844,1816.1729736328125,1690.601318359375,166.03208923339844,1064.8685302734375,277.185546875,45.51884078979492,524.3218383789062,265.4588317871094,298.3751525878906
2025-08-04,232.31027221679688,1835.1695556640625,1747.5322265625,169.19366455078125,1089.865478515625,284.5033264160156,46.76376724243164,524.4214477539062,266.8352966308594,303.12213134765625
2025-08-05,232.70318603515625,1838.1689453125,1751.49267578125,172.0214080810547,1072.867431640625,284.3055419921875,47.60359573364258,532.4925537109375,265.85211181640625,304.3456115722656
2025-08-06,234.27484130859375,1857.6654052734375,1765.84912109375,174.67242431640625,1087.865478515625,286.8766784667969,49.075767517089844,539.8661499023438,269.1949157714844,298.52197265625
2025-08-07,227.10415649414062,1758.183349609375,1624.7593994140625,174.18148803710938,1076.9114990234375,287.9644470214844,46.062259674072266,520.8343505859375,265.4588317871094,291.6706237792969
2025-08-08,224.94314575195312,1737.187255859375,1604.4622802734375,173.0229034423828,1071.4119873046875,287.9644470214844,44.886497497558594,501.6032409667969,264.0823974609375,291.6706237792969
2025-08-11,224.25555419921875,1715.6910400390625,1530.20458984375,172.6105194091797,1081.9111328125,284.0088806152344,44.5703239440918,496.82037353515625,262.9025573730469,287.3151550292969
2025-08-12,226.7112579345703,1727.6888427734375,1547.5313720703125,177.57872009277344,1090.4105224609375,287.37109375,45.37063217163086,502.0018005371094,267.4252014160156,293.38348388671875
2025-08-13,227.49708557128906,1731.188232421875,1581.19482421875,176.30230712890625,1081.4112548828125,286.1844177246094,46.14130401611328,497.7669372558594,267.4252014160156,289.2726745605469
2025-08-14,233.2925567626953,1774.6802978515625,1624.7593994140625,180.44573974609375,1101.4095458984375,290.3377685546875,47.22814178466797,518.7418212890625,271.1612854003906,293.0408935546875
2025-08-15,231.22975158691406,1759.68310546875,1604.9573974609375,183.489501953125,1073.911865234375,288.5577697753906,47.22814178466797,508.1796875,270.96466064453125,290.88763427734375
2025-08-18,234.37307739257812,1790.1776123046875,1631.690185546875,180.8777618408203,1081.9111328125,289.74444580078125,48.72007751464844,530.8983154296875,273.12762451171875,297.1517028808594
2025-08-19,224.74668884277344,1720.6900634765625,1552.48193359375,180.50465393066406,1059.4129638671875,288.85443115234375,43.770015716552734,493.63177490234375,264.67230224609375,278.9956970214844
2025-08-20,225.33604431152344,1726.6890869140625,1542.0858154296875,175.88992309570312,1025.915771484375,285.9866638183594,44.32331466674805,496.6708984375,266.638671875,281.0021667480469
2025-08-21,227.202392578125,1759.1832275390625,1592.5810546875,177.63763427734375,1040.41455078125,289.25,46.46735382080078,507.1832275390625,270.5713806152344,286.92364501953125
2025-08-22,228.18467712402344,1763.682373046875,1606.4425048828125,177.44126892089844,1042.9144287109375,287.272216796875,46.78352355957031,516.3504028320312,268.998291015625,288.734375
2025-08-25,228.28289794921875,1763.682373046875,1633.67041015625,177.2645263671875,1042.9144287109375,286.6788635253906,47.870365142822266,533.0904541015625,273.9141845703125,289.9577941894531
2025-08-26,221.21044921875,1771.180908203125,1619.3138427734375,176.6165008544922,1057.4130859375,284.79998779296875,47.95928955078125,536.8768310546875,270.374755859375,292.0132141113281
2025-08-27,223.17501831054688,1766.181884765625,1619.3138427734375,175.02589416503906,1056.4132080078125,284.0088806152344,47.78144454956055,534.8839721679688,267.8184509277344,288.0002746582031
2025-08-28,221.99627685546875,1766.6817626953125,1621.2940673828125,175.37936401367188,1058.4130859375,284.6022033691406,47.78144454956055,537.17578125,266.8352966308594,290.4961242675781
2025-08-29,221.21044921875,1757.18359375,1672.7794189453125,175.81137084960938,1069.912109375,281.73443603515625,48.14701461791992,533.2897338867188,265.4588317871094,293.6770935058594
2025-09-01,220.22817993164062,1790.677490234375,1731.195556640625,178.6980438232422,1099.90966796875,282.4266662597656,50.33057403564453,538.1722412109375,265.6554870605469,301.65399169921875
2025-09-02,216.2990264892578,1767.1817626953125,1731.6905517578125,175.90956115722656,1068.912109375,276.3944396972656,48.3545036315918,528.4072265625,259.9530334472656,293.08984375
2025-09-03,219.83526611328125,1777.179931640625,1736.64111328125,181.3490447998047,1081.9111328125,278.4710998535156,48.611392974853516,530.1011352539062,265.2621765136719,293.7749938964844
2025-09-04,218.16537475585938,1760.6829833984375,1707.9281005859375,183.46986389160156,1069.412109375,277.77886962890625,46.65508270263672,504.09429931640625,265.4588317871094,290.7897644042969
2025-09-05,218.2635955810547,1776.6800537109375,1727.235107421875,180.50465393066406,1075.41162109375,275.10888671875,46.5760383605957,512.66357421875,264.67230224609375,292.30682373046875
2025-09-08,220.62109375,1795.1766357421875,1773.27490234375,184.41246032714844,1092.4102783203125,276.2955322265625,46.82304763793945,520.3361206054688,266.638671875,292.84515380859375
2025-09-09,224.15731811523438,1792.17724609375,1761.3936767578125,184.1375274658203,1086.9107666015625,276.8888854980469,46.694602966308594,508.08001708984375,267.8184509277344,288.29388427734375
2025-09-10,230.93508911132812,1831.670166015625,1819.314697265625,185.13902282714844,1099.40966796875,277.77886962890625,47.82096481323242,518.9411010742188,273.9141845703125,300.4794921875
2025-09-11,239.38272094726562,1947.1492919921875,1861.88916015625,190.48033142089844,1123.40771484375,282.0311279296875,49.1943359375,530.698974609375,278.2402038574219,303.17108154296875
2025-09-12,246.06224060058594,1980.643310546875,1877.7308349609375,189.7144775390625,1129.9071044921875,282.4266662597656,49.89583969116211,535.182861328125,285.1224670410156,302.6327819824219
2025-09-15,257.55499267578125,2015.636962890625,1930.7012939453125,192.7386016845703,1145.4058837890625,285.29443359375,51.73358917236328,532.5922241210938,298.8869934082031,307.7712707519531
2025-09-16,253.1347198486328,1996.1405029296875,1882.186279296875,189.419921875,1130.4071044921875,280.6466369628906,50.172489166259766,515.8522338867188,294.5610046386719,303.7093811035156
2025-09-17,248.81265258789062,1955.14794921875,1869.8099365234375,188.2220458984375,1115.9083251953125,276.69110107421875,48.90780258178711,514.1582641601562,288.2686462402344,298.0325927734375
2025-09-18,248.32151794433594,1949.64892578125,1900.503173828125,188.2220458984375,1129.4072265625,281.6355285644531,49.30302047729492,506.58538818359375,288.8585205078125,297.6410827636719
2025-09-19,242.82070922851562,1951.1485595703125,1908.9190673828125,190.34286499023438,1149.905517578125,288.3599853515625,49.243736267089844,525.1189575195312,275.68389892578125,298.6687927246094
2025-09-22,246.35693359375,1967.145751953125,1920.80029296875,191.59963989257812,1148.9056396484375,291.1288757324219,51.10124588012695,552.321533203125,278.0435485839844,310.4139099121094
2025-09-23,245.96401977539062,1950.648681640625,1893.077392578125,190.73561096191406,1163.9044189453125,288.3599853515625,49.99464416503906,532.3928833007812,278.0435485839844,304.9817810058594
2025-09-24,251.75949096679688,1993.1409912109375,1958.9193115234375,190.30360412597656,1173.4036865234375,289.348876953125,52.26713180541992,561.5883178710938,281.7796325683594,311.5884094238281
2025-09-25,251.85772705078125,1998.14013671875,1958.9193115234375,190.34286499023438,1170.4039306640625,288.9533386230469,52.207847595214844,571.054443359375,281.3863830566406,312.8118591308594
2025-09-26,254.7063446044922,2011.6376953125,1941.097412109375,192.16912841796875,1182.40283203125,292.7110900878906,52.36593246459961,571.9512329101562,277.06036376953125,312.2735595703125
2025-09-29,258.83197021484375,2045.631591796875,1968.8203125,192.22802734375,1163.4044189453125,292.5133056640625,53.4527702331543,580.3212890625,281.5830078125,315.89495849609375
2025-09-30,261.8770446777344,2058.629150390625,1964.85986328125,193.81863403320312,1189.90234375,296.76556396484375,53.37372970581055,572.449462890625,279.81329345703125,312.1756896972656
2025-10-01,259.3230895996094,2036.63330078125,1931.69140625,195.46817016601562,1176.9033203125,295.0844421386719,53.35396957397461,562.285888671875,280.9930725097656,314.42681884765625
2025-10-02,268.1636657714844,2059.629150390625,1966.3450927734375,198.38427734375,1167.4041748046875,300.2266540527344,54.994110107421875,564.3783569335938,283.1560974121094,322.5016174316406
2025-10-03,266.1990661621094,2054.6298828125,1943.07763671875,199.85707092285156,1168.404052734375,299.7322082519531,55.1324348449707,565.175537109375,284.72918701171875,327.8847961425781
2025-10-06,257.6531982421875,2015.636962890625,1870.3050537109375,197.45152282714844,1154.4052734375,294.78778076171875,54.69770050048828,554.8941650390625,276.0771789550781,325.48681640625
2025-10-07,255.68861389160156,1992.1412353515625,1865.849609375,198.7770233154297,1153.4052734375,295.381103515625,54.22344207763672,544.6127319335938,276.2738342285156,311.5884094238281
2025-10-08,260.1089172363281,2028.6346435546875,1914.3646240234375,201.5753173828125,1152.4052734375,300.4244384765625,55.52764892578125,548.206298828125,280.7964782714844,317.0205383300781
2025-10-09,258.14434814453125,2014.63720703125,1885.1566162109375,200.93710327148438,1154.905029296875,299.6333312988281,54.816261291503906,537.0265502929688,279.4200134277344,303.7086486816406
2025-10-10,252.93824768066406,1982.14306640625,1863.374267578125,198.33518981933594,1138.406494140625,293.99664306640625,52.26713180541992,525.9466552734375,274.3074645996094,301.5392761230469
2025-10-13,250.48252868652344,1951.1485595703125,1860.8990478515625,198.67884826660156,1128.4073486328125,294.78778076171875,52.1683235168457,513.369384765625,271.5545654296875,298.5317687988281
2025-10-14,253.03648376464844,1954.1480712890625,1820.3048095703125,199.61160278320312,1123.90771484375,296.1722106933594,51.75334930419922,506.9809875488281,271.7511901855469,296.90478515625
2025-10-15,244.9817352294922,1900.65771484375,1727.7301025390625,199.31704711914062,1112.40869140625,293.4033508300781,49.57966995239258,482.0761413574219,265.4588317871094,293.45355224609375
2025-10-16,249.30380249023438,1907.656494140625,1756.938232421875,201.72259521484375,1139.9063720703125,299.435546875,50.1922492980957,482.3756103515625,269.3915710449219,294.83404541015625
2025-10-17,241.05259704589844,1831.170166015625,1645.0565185546875,196.7642059326172,1102.909423828125,293.6011047363281,47.52455139160156,461.064208984375,265.2621765136719,286.2552490234375
2025-10-20,249.99139404296875,1861.664794921875,1742.086669921875,200.00433349609375,1126.9073486328125,299.7322082519531,49.57966995239258,478.98175048828125,269.3915710449219,288.22735595703125
2025-10-21,251.1701202392578,1870.1632080078125,1762.8787841796875,203.588134765625,1134.4068603515625,304.6766662597656,50.212013244628906,479.53076171875,269.3915710449219,289.50927734375
2025-10-22,254.60813903808594,1870.6632080078125,1733.17578125,202.06625366210938,1102.409423828125,300.7210998535156,49.89583969116211,492.2576904296875,276.6670837402344,287.68505859375
2025-10-23,256.0815734863281,1871.298095703125,1748.5223388671875,203.4899444580078,1108.408935546875,304.3799743652344,50.725791931152344,491.4591369628906,279.0267333984375,289.70648193359375
2025-10-24,248.91087341308594,1861.2991943359375,1746.5421142578125,204.6681671142578,1120.907958984375,301.1166687011719,50.626991271972656,521.255126953125,275.88055419921875,291.1855773925781
2025-10-27,247.1427764892578,1863.2989501953125,1714.36376953125,204.81544494628906,1120.907958984375,300.2266540527344,50.44914245605469,509.1770324707031,274.3074645996094,289.9036865234375
2025-10-28,248.22328186035156,1882.296875,1727.7301025390625,203.98086547851562,1145.9058837890625,301.9077453613281,51.12100601196289,514.6670532226562,275.2906494140625,289.8544006347656
2025-10-29,242.23135375976562,1869.29833984375,1713.8687744140625,204.6190643310547,1159.40478515625,300.2266540527344,50.48866271972656,512.3712158203125,270.374755859375,290.9390563964844
2025-10-30,241.44552612304688,1860.29931640625,1688.1259765625,208.841064453125,1167.904052734375,302.00665283203125,49.91560363769531,509.6761169433594,268.40838623046875,237.83935546875
2025-10-31,242.52603149414062,1870.798095703125,1684.66064453125,209.52835083007812,1166.9041748046875,304.4788818359375,50.271297454833984,523.0518798828125,274.1108093261719,255.44064331054688
2025-11-03,245.07997131347656,1863.2989501953125,1755.9481201171875,210.26473999023438,1164.904296875,306.8522033691406,51.456939697265625,520.8558349609375,280.20654296875,255.5392608642578
2025-11-04,242.624267578125,1849.8004150390625,1711.8885498046875,208.98834228515625,1147.40576171875,306.2588806152344,50.40962219238281,524.3494873046875,273.9141845703125,252.63037109375
2025-11-05,235.8465118408203,1848.300537109375,1690.106201171875,208.49742126464844,1156.905029296875,303.489990234375,49.89583969116211,513.8684692382812,267.03192138671875,249.96798706054688
2025-11-06,234.27484130859375,1810.8045654296875,1691.0963134765625,204.86453247070312,1131.4071044921875,299.435546875,49.036251068115234,510.7741394042969,265.85211181640625,243.80506896972656
2025-11-07,236.73056030273438,1806.8050537109375,1731.6905517578125,204.27542114257812,1138.406494140625,297.75445556640625,49.91560363769531,514.5672607421875,268.60504150390625,243.5585479736328
2025-11-10,237.02523803710938,1821.803466796875,1769.314453125,207.2700958251953,1160.9046630859375,305.566650390625,50.1922492980957,523.9502563476562,270.5713806152344,245.43206787109375
2025-11-11,236.337646484375,1798.805908203125,1714.36376953125,207.17190551757812,1152.4052734375,305.4677734375,49.352420806884766,517.8612670898438,271.7511901855469,242.42457580566406
2025-11-12,236.73056030273438,1791.806640625,1727.7301025390625,208.1537628173828,1152.4052734375,306.7533264160156,49.57966995239258,523.351318359375,272.734375,239.95941162109375
2025-11-13,239.38272094726562,1806.3050537109375,1733.17578125,206.43551635742188,1120.407958984375,303.489990234375,50.74555206298828,532.4348754882812,273.32427978515625,243.75575256347656
2025-11-14,235.1588897705078,1806.8050537109375,1709.9083251953125,202.7535400390625,1105.9091796875,301.01776123046875,49.856319427490234,524.4493408203125,269.58819580078125,241.48780822753906
2025-11-17,238.4004364013672,1804.8052978515625,1705.9478759765625,203.53903198242188,1094.4100341796875,302.5010986328125,50.468902587890625,537.525634765625,281.97625732421875,245.4813690185547
2025-11-18,234.56951904296875,1804.8052978515625,1699.0172119140625,200.4461669921875,1073.411865234375,295.87554931640625,49.55990982055664,514.3676147460938,276.6670837402344,239.36776733398438
2025-11-19,228.77403259277344,1724.31396484375,1580.204833984375,199.56251525878906,1066.412353515625,295.47998046875,47.14910125732422,491.00994873046875,268.60504150390625,233.10623168945312
2025-11-20,231.6226806640625,1754.8106689453125,1620.799072265625,200.69163513183594,1078.911376953125,296.96331787109375,48.51258850097656,502.189697265625,269.58819580078125,240.84686279296875
2025-11-21,222.8803253173828,1712.815185546875,1504.4619140625,199.0715789794922,1037.9146728515625,286.1844177246094,45.489200592041016,479.1314697265625,261.3294677734375,228.52102661132812
2025-11-24,219.5405731201172,1651.82177734375,1428.718994140625,196.42056274414062,1028.91552734375,279.3611145019531,44.43199920654297,452.42987060546875,259.75640869140625,225.95724487304688
2025-11-25,222.2909698486328,1620.8250732421875,1453.4715576171875,198.0897216796875,1044.9141845703125,283.1188659667969,44.84697341918945,458.1694641113281,259.1664733886719,227.88009643554688
2025-11-26,221.60337829589844,1643.8226318359375,1480.699462890625,201.13348388671875,1057.9130859375,285.8877868652344,45.02482223510742,469.3492126464844,263.29583740234375,230.4931640625
2025-11-27,222.4874267578125,1653.821533203125,1499.016357421875,200.4461669921875,1058.4130859375,285.78887939453125,45.63740158081055,481.0779724121094,264.8689270019531,241.58641052246094
2025-11-28,221.4069061279297,1650.3218994140625,1465.847900390625,200.74073791503906,1067.912353515625,287.0744323730469,46.34878921508789,474.73944091796875,266.04876708984375,236.36026000976562
2025-12-01,215.61143493652344,1609.326416015625,1433.6695556640625,189.08609008789062,1036.914794921875,282.9211120605469,45.133506774902344,461.96258544921875,261.1328430175781,233.8950958251953
2025-12-02,218.42311096191406,1623.8248291015625,1475.2537841796875,187.0438232421875,1045.9141845703125,286.9755554199219,45.41015625,469.09967041015625,265.2621765136719,235.3741912841797
2025-12-03,221.48143005371094,1643.3226318359375,1503.966796875,194.52557373046875,1062.91259765625,293.4033508300781,46.17094421386719,467.95172119140625,264.67230224609375,237.14910888671875
2025-12-04,221.67874145507812,1686.3179931640625,1524.759033203125,193.44554138183594,1090.910400390625,290.73333740234375,46.78352355957031,477.3846435546875,266.245361328125,242.37527465820312
2025-12-05,221.1854705810547,1672.8194580078125,1514.3629150390625,193.13133239746094,1084.4110107421875,289.6455383300781,46.63532257080078,488.36474609375,265.0655822753906,242.7696990966797
2025-12-08,223.94781494140625,1690.817626953125,1569.3135986328125,194.48631286621094,1106.9091796875,291.7221984863281,47.61347579956055,497.2486267089844,265.4588317871094,248.09446716308594
2025-12-09,229.7684783935547,1726.313720703125,1625.2545166015625,191.8942108154297,1110.90869140625,291.5244140625,48.868282318115234,510.1752014160156,272.3410949707031,252.92617797851562
2025-12-10,224.9343719482422,1706.31591796875,1594.0662841796875,190.460693359375,1105.9091796875,290.73333740234375,48.0580940246582,504.1860656738281,266.638671875,244.0022735595703
2025-12-11,225.32899475097656,1690.817626953125,1586.6405029296875,189.7733917236328,1099.90966796875,288.0633239746094,47.0700569152832,502.5889587402344,265.6554870605469,246.56605529785156
2025-12-12,227.99269104003906,1700.3165283203125,1600.0068359375,190.49996948242188,1096.409912109375,288.0633239746094,47.60359573364258,506.7813720703125,267.6218566894531,247.60142517089844
2025-12-15,228.19000244140625,1693.3172607421875,1557.927490234375,192.56185913085938,1113.908447265625,289.74444580078125,47.57395553588867,507.4800720214844,267.6218566894531,248.04515075683594
2025-12-16,224.44110107421875,1664.3204345703125,1487.1351318359375,189.45919799804688,1097.9097900390625,290.4366760253906,45.71644592285156,483.0743408203125,264.0823974609375,243.26272583007812
2025-12-17,224.44110107421875,1680.818603515625,1511.8876953125,186.9456329345703,1101.909423828125,290.4366760253906,45.84489440917969,490.31121826171875,264.67230224609375,248.98191833496094
2025-12-18,228.09133911132812,1715.31494140625,1534.6600341796875,190.51959228515625,1143.906005859375,298.05108642578125,47.72216033935547,503.1878662109375,268.21173095703125,253.1234130859375
2025-12-19,226.71017456054688,1723.81396484375,1544.0660400390625,192.2869415283203,1169.9039306640625,302.8966369628906,48.63115692138672,507.7795715332031,270.1781005859375,254.65179443359375
2025-12-22,227.4007568359375,1717.314697265625,1529.70947265625,192.16912841796875,1154.905029296875,298.84222412109375,48.81888198852539,512.07177734375,267.6218566894531,255.98300170898438
2025-12-23,225.92092895507812,1709.8155517578125,1525.7491455078125,193.15098571777344,1159.90478515625,297.06219482421875,48.858402252197266,528.2424926757812,266.4420166015625,257.06768798828125
2025-12-24,225.52630615234375,1711.3153076171875,1525.7491455078125,192.40476989746094,1149.405517578125,295.97442626953125,48.858402252197266,528.2424926757812,267.2285461425781,257.06768798828125
2025-12-29,224.04647827148438,1698.3167724609375,1510.8975830078125,192.4440460205078,1136.9066162109375,291.02996826171875,47.90000534057617,522.75244140625,265.85211181640625,255.2434539794922
2025-12-30,226.61151123046875,1713.8150634765625,1545.5511474609375,195.33070373535156,1152.9052734375,294.0955505371094,48.57187271118164,536.6272583007812,267.8184509277344,254.99693298339844
2025-12-31,226.71017456054688,1713.8150634765625,1545.5511474609375,194.8004913330078,1149.905517578125,294.0955505371094,48.57187271118164,536.6272583007812,269.1949157714844,254.99693298339844
2026-01-02,231.8402557373047,1753.810791015625,1586.1453857421875,200.00433349609375,1196.901611328125,303.78668212890625,50.60722732543945,558.7870483398438,275.68389892578125,265.4492492675781
2026-01-05,242.791015625,1850.80029296875,1734.660888671875,204.22633361816406,1231.39892578125,309.3244323730469,53.768943786621094,595.8200073242188,287.08880615234375,274.07733154296875
2026-01-06,244.56680297851562,1881.2969970703125,1723.274658203125,205.60092163085938,1244.397705078125,309.2255554199219,53.927032470703125,595.8200073242188,286.695556640625,278.7611389160156
2026-01-07,264.88983154296875,1925.792236328125,1806.9384765625,209.87200927734375,1258.8966064453125,319.01556396484375,56.673770904541016,625.5660400390625,300.4600830078125,281.1277160644531
2026-01-08,262.2261047363281,2022.78173828125,1832.68115234375,211.2957000732422,1272.3955078125,316.04888916015625,57.81989288330078,640.2394409179688,301.04998779296875,282.85333251953125
2026-01-09,262.4234313964844,2052.778564453125,1881.1961669921875,211.19752502441406,1293.393798828125,313.7744140625,57.780372619628906,680.7659912109375,303.4096374511719,295.0805358886719
2026-01-12,266.5669860839844,2092.774169921875,1871.295166015625,212.2284698486328,1286.894287109375,315.4555358886719,57.97797775268555,694.541015625,309.70196533203125,300.2080993652344
2026-01-13,260.64764404296875,2071.7763671875,1885.1566162109375,216.20498657226562,1304.892822265625,322.17999267578125,58.274391174316406,702.8259887695312,308.71881103515625,295.03125
2026-01-14,259.56243896484375,2037.7801513671875,1880.2060546875,211.54116821289062,1274.895263671875,316.6422119140625,57.40491485595703,691.5464477539062,305.9659118652344,296.5103454589844
2026-01-15,251.6699981689453,2040.77978515625,1894.5625,210.95205688476562,1272.8955078125,315.25775146484375,57.32587432861328,694.3413696289062,303.4096374511719,299.36993408203125
2026-01-16,258.0826110839844,2087.774658203125,1883.1763916015625,213.45578002929688,1285.3944091796875,317.13665771484375,58.31391143798828,706.519287109375,311.07843017578125,327.7686767578125
2026-01-19,260.8449401855469,2085.77490234375,1900.998291015625,206.58277893066406,1266.8958740234375,313.8733215332031,59.282188415527344,721.9912109375,323.4665222167969,324.9583740234375
2026-01-20,260.74627685546875,2065.777099609375,1890.1070556640625,204.17723083496094,1280.894775390625,312.7855224609375,58.84745407104492,728.4794921875,325.432861328125,327.02911376953125
2026-01-21,258.1812744140625,2061.777587890625,1835.1563720703125,203.63720703125,1254.8968505859375,312.09332275390625,57.97797775268555,721.29248046875,322.8765869140625,326.1909484863281
2026-01-22,248.0197296142578,1984.785888671875,1772.7799072265625,202.99900817871094,1243.8978271484375,302.6000061035156,56.179752349853516,690.248779296875,315.99432373046875,310.8576354980469
2026-01-23,255.02427673339844,2026.7813720703125,1811.888916015625,203.04811096191406,1252.8970947265625,306.95111083984375,57.36539840698242,717.4993896484375,328.5790710449219,316.03448486328125
2026-01-26,253.05116271972656,1972.787109375,1773.27490234375,198.72792053222656,1235.3984375,304.2811279296875,55.84382247924805,699.7315673828125,321.10687255859375,314.11163330078125
2026-01-27,257.3919982910156,2011.782958984375,1831.6910400390625,195.7823486328125,1239.898193359375,305.8633117675781,57.049224853515625,713.7062377929688,328.7756652832031,319.0912780761719
2026-01-28,256.99737548828125,1995.28466796875,1826.740478515625,191.52108764648438,1207.9007568359375,298.4466552734375,57.049224853515625,705.02197265625,320.3203125,316.5274963378906
2026-01-29,252.459228515625,1973.287109375,1777.7303466796875,190.48033142089844,1200.9013671875,295.2822265625,55.54740905761719,697.0364990234375,314.6178894042969,318.055908203125
2026-01-30,252.55789184570312,1973.7869873046875,1763.868896484375,189.89120483398438,1210.9005126953125,297.6555480957031,55.6264533996582,692.0455322265625,314.4212341308594,325.9444274902344
2026-02-02,253.54444885253906,1921.7926025390625,1711.8885498046875,190.28396606445312,1230.39892578125,298.84222412109375,55.29051971435547,675.4755859375,311.6683349609375,325.1062927246094
2026-02-03,255.2216033935547,1931.2916259765625,1743.0767822265625,186.78854370117188,1235.3984375,300.2266540527344,55.685733795166016,679.1688842773438,312.4548645019531,328.95196533203125
2026-02-04,249.69688415527344,1874.2977294921875,1662.87841796875,184.84446716308594,1217.4000244140625,297.35888671875,53.057559967041016,650.3211669921875,306.9490966796875,325.4513854980469
2026-02-05,245.35604858398438,1856.2996826171875,1555.4521484375,186.08160400390625,1207.4007568359375,299.1388854980469,52.286888122558594,638.04345703125,309.89862060546875,316.97125244140625
2026-02-06,243.77755737304688,1878.7972412109375,1588.62060546875,187.82931518554688,1228.8990478515625,304.5777587890625,52.563541412353516,655.611572265625,311.6683349609375,366.3238830566406
2026-02-09,253.93905639648438,1943.290283203125,1632.6802978515625,189.63592529296875,1274.895263671875,310.9066467285156,54.02583312988281,669.6860961914062,326.2193908691406,374.26171875
2026-02-10,249.10494995117188,1923.79248046875,1612.878173828125,188.1435089111328,1243.39794921875,304.5777587890625,52.91923522949219,646.528076171875,320.5169677734375,371.4021301269531
2026-02-11,242.59368896484375,1925.292236328125,1576.244384765625,183.8429718017578,1247.8974609375,301.51220703125,52.9587516784668,642.23583984375,316.19097900390625,355.62506103515625
2026-02-12,243.3829345703125,1924.7923583984375,1563.8680419921875,186.96527099609375,1225.8992919921875,303.8855285644531,52.62281799316406,626.5642700195312,317.7640686035156,358.82977294921875
2026-02-13,241.90310668945312,1967.7877197265625,1593.076171875,188.92898559570312,1270.8956298828125,329.1022033691406,53.433013916015625,637.5443115234375,324.2530517578125,363.26708984375
2026-02-16,248.0197296142578,2028.7811279296875,1603.96728515625,193.6222686767578,1297.8934326171875,334.4422302246094,55.369564056396484,623.869140625,337.4277038574219,365.73223876953125
2026-02-17,245.5533447265625,2028.7811279296875,1595.5513916015625,192.93496704101562,1296.8934326171875,337.1122131347656,54.836021423339844,626.46435546875,334.6747741699219,371.1063232421875
2026-02-18,256.0108337402344,2109.7724609375,1677.23486328125,197.00967407226562,1324.39111328125,343.34222412109375,57.40491485595703,652.6170043945312,344.1133117675781,391.12347412109375
2026-02-19,259.7597351074219,2162.7666015625,1726.2449951171875,183.7055206298828,1323.891357421875,338.29888916015625,58.49176025390625,671.6824951171875,343.9166564941406,387.47503662109375
2026-02-20,260.8449401855469,2164.766357421875,1722.7796630859375,186.29762268066406,1335.8902587890625,342.55108642578125,58.21510696411133,668.1887817382812,347.45611572265625,392.06024169921875
2026-02-23,250.0915069580078,2136.76953125,1684.66064453125,179.81735229492188,1332.8905029296875,342.1555480957031,57.286354064941406,648.2249755859375,340.1805725097656,386.2424621582031
2026-02-24,247.8224334716797,2140.76904296875,1707.43310546875,179.52279663085938,1309.8924560546875,336.8155517578125,58.45223617553711,656.7095947265625,340.5738525390625,382.1995849609375
2026-02-25,249.9928436279297,2105.772705078125,1665.3536376953125,181.13304138183594,1309.8924560546875,340.37554931640625,56.23903274536133,647.4263916015625,338.2142333984375,378.6004333496094
2026-02-26,250.78208923339844,2117.771484375,1657.432861328125,183.35205078125,1352.388916015625,342.7488708496094,55.70549774169922,650.021728515625,331.33197021484375,374.01519775390625
2026-02-27,251.47267150878906,2111.772216796875,1647.0367431640625,180.89739990234375,1333.3905029296875,336.2221984863281,56.12046813964844,652.2177734375,332.9050598144531,380.42462158203125
2026-03-02,252.459228515625,2240.75830078125,1611.39306640625,177.00924682617188,1353.8887939453125,332.36553955078125,57.52348327636719,648.9236450195312,332.9050598144531,389.052734375
2026-03-03,246.24395751953125,2219.760498046875,1564.3631591796875,172.23741149902344,1302.8929443359375,317.9277648925781,57.246829986572266,643.0343627929688,325.432861328125,380.96697998046875
2026-03-04,247.3291473388672,2268.755126953125,1622.2841796875,173.98512268066406,1362.8880615234375,323.3666687011719,59.67740249633789,661.6007080078125,341.16375732421875,392.2081604003906
2026-03-05,233.22142028808594,2149.76806640625,1531.689697265625,172.68907165527344,1289.89404296875,312.7855224609375,56.02166748046875,627.8618774414062,310.2919006347656,382.7912292480469
2026-03-06,238.0555419921875,2213.76123046875,1576.7393798828125,172.3159637451172,1264.8961181640625,314.1700134277344,57.918697357177734,652.117919921875,328.1857604980469,385.3056640625
2026-03-09,244.17218017578125,2258.75634765625,1608.917724609375,172.23741149902344,1238.398193359375,311.2033386230469,61.73251724243164,672.2813720703125,333.4949645996094,395.9552001953125
2026-03-10,247.1318359375,2248.75732421875,1636.640625,174.67242431640625,1310.892333984375,317.4333190917969,61.7127571105957,681.76416015625,339.5906677246094,396.8919677734375
2026-03-11,244.17218017578125,2227.759521484375,1505.4520263671875,173.710205078125,1300.3931884765625,314.6644592285156,59.716922760009766,662.69873046875,338.60748291015625,387.3271179199219
2026-03-12,251.47267150878906,2297.752197265625,1535.155029296875,168.91873168945312,1283.39453125,304.6766662597656,63.11576843261719,684.55908203125,342.7368469238281,403.5971984863281
2026-03-13,250.38748168945312,2306.751220703125,1576.7393798828125,165.3251495361328,1215.4002685546875,301.01776123046875,63.313377380371094,684.1598510742188,342.9334716796875,406.9991455078125
2026-03-16,246.44125366210938,2321.74951171875,1608.4227294921875,166.87648010253906,1229.89892578125,303.292236328125,63.03672409057617,686.8549194335938,340.3772277832031,407.1963806152344
2026-03-17,245.5533447265625,2330.74853515625,1618.81884765625,167.22994995117188,1246.8975830078125,301.51220703125,62.562469482421875,686.056396484375,340.3772277832031,402.3153381347656
2026-03-18,249.9928436279297,2329.74853515625,1589.6107177734375,167.21031188964844,1255.3968505859375,303.1933288574219,63.49122619628906,696.63720703125,342.1469421386719,413.8523254394531
2026-03-19,245.75067138671875,2307.7509765625,1534.6600341796875,160.98533630371094,1189.90234375,289.9422302246094,62.443904876708984,671.4827880859375,334.87139892578125,406.6540222167969
2026-03-20,239.04209899902344,2249.75732421875,1488.1251220703125,158.00048828125,1160.9046630859375,278.4710998535156,59.87500762939453,641.1378173828125,320.5169677734375,394.72259521484375
2026-03-23,235.8851318359375,2139.76904296875,1468.3231201171875,163.3810577392578,1182.90283203125,284.1077575683594,58.49176025390625,637.4444580078125,317.5674133300781,393.88446044921875
2026-03-24,237.06900024414062,2126.7705078125,1456.9368896484375,161.57444763183594,1165.404296875,278.9655456542969,57.286354064941406,635.9472045898438,315.7976989746094,384.22100830078125
2026-03-25,242.69235229492188,2151.767822265625,1471.7884521484375,165.40370178222656,1193.90185546875,284.8988952636719,58.31391143798828,633.6513671875,321.10687255859375,389.5950622558594
2026-03-26,238.3515167236328,2092.774169921875,1421.7882080078125,160.43548583984375,1149.905517578125,278.57000732421875,57.87917709350586,612.6893920898438,310.0952453613281,384.5661315917969
2026-03-27,234.7012481689453,2066.777099609375,1365.847412109375,157.50955200195312,1108.408935546875,275.306640625,55.942623138427734,590.62939453125,304.78607177734375,374.7054443359375
2026-03-30,242.791015625,2131.77001953125,1395.550537109375,156.29205322265625,1106.4091796875,271.3511047363281,54.994110107421875,603.5059814453125,307.9322509765625,392.2574462890625
2026-03-31,248.71034240722656,2199.7626953125,1430.2041015625,157.90231323242188,1131.9071044921875,276.2955322265625,57.345638275146484,616.2828979492188,313.83135986328125,406.9991455078125
2026-04-01,262.9167175292969,2294.75244140625,1565.8482666015625,164.85385131835938,1206.90087890625,287.37109375,61.890602111816406,662.0,330.1521301269531,413.01416015625
2026-04-02,263.90325927734375,2288.753173828125,1554.9571533203125,162.1439208984375,1188.40234375,284.1077575683594,61.5151481628418,642.0,330.9386901855469,413.01416015625
2026-04-07,261.3382263183594,2257.75634765625,1515.8480224609375,159.6696319580078,1142.506103515625,279.8555603027344,56.565086364746094,624.2999877929688,324.0564270019531,414.14813232421875
2026-04-08,266.6656188964844,2288.253173828125,1562.3829345703125,172.080322265625,1277.89501953125,309.62109375,56.9405403137207,631.0999755859375,332.51177978515625,410.4010925292969
2026-04-09,264.5938720703125,2268.755126953125,1534.8580322265625,167.70123291015625,1279.69482421875,312.4888916015625,58.728885650634766,623.7000122070312,330.9386901855469,417.599365234375
2026-04-10,255.71487426757812,2193.76318359375,1449.313232421875,166.42481994628906,1267.0958251953125,309.8188781738281,55.63633346557617,610.0,319.5337829589844,400.9348449707031
2026-04-13,262.02880859375,2245.2578125,1480.6004638671875,167.36741638183594,1269.2957763671875,306.6544494628906,57.10850524902344,620.0,324.84295654296875,403.4000244140625
2026-04-14,263.4100036621094,2231.25927734375,1471.887451171875,169.62567138671875,1312.0921630859375,313.8733215332031,56.84173583984375,615.7999877929688,324.6463317871094,398.5
2026-04-15,265.5804138183594,2251.257080078125,1500.204345703125,168.5652618408203,1286.6943359375,305.3688659667969,57.14802932739258,618.9000244140625,325.6295166015625,325.9997863769531
2026-04-16,263.8045959472656,2216.260986328125,1482.382568359375,168.6634521484375,1250.0972900390625,294.88665771484375,57.286354064941406,601.2999877929688,320.713623046875,308.7597961425781
2026-04-17,261.0422668457031,2255.256591796875,1480.40234375,176.2237548828125,1310.4923095703125,311.796630859375,56.999820709228516,595.5999755859375,321.10687255859375,305.80438232421875
2026-04-20,259.7597351074219,2239.25830078125,1461.1944580078125,173.1800079345703,1262.29638671875,299.6333312988281,57.40491485595703,589.5,316.7808837890625,303.8340759277344
2026-04-21,244.36949157714844,2144.7685546875,1416.8377685546875,170.52000427246094,1180.3031005859375,279.26220703125,54.6087760925293,570.7000122070312,306.5557861328125,303.4236145019531
2026-04-22,238.7461395263672,2112.77197265625,1408.718994140625,166.24000549316406,1138.5064697265625,269.47222900390625,54.213558197021484,564.7999877929688,299.67352294921875,307.1999816894531
2026-04-23,239.4367218017578,2080.0,1393.0753173828125,168.16000366210938,1160.1556396484375,275.8999938964844,53.68989944458008,586.2999877929688,302.0331726074219,328.1000061035156
2026-04-24,229.66983032226562,2020.5,1306.1441650390625,165.9199981689453,1129.35693359375,267.0,52.069522857666016,565.0,291.414794921875,314.5
2026-04-27,228.09133911132812,2036.0,1332.48095703125,165.55999755859375,1130.3568115234375,270.9555358886719,51.91143798828125,567.4000244140625,286.8921813964844,311.1000061035156
2026-04-28,227.99269104003906,2046.5,1329.9066162109375,166.10000610351562,1134.356689453125,268.2855224609375,51.782989501953125,569.7000122070312,287.28546142578125,304.0
2026-04-29,227.0061492919922,2001.0,1324.7581787109375,174.6199951171875,1098.5579833984375,265.8133239746094,51.51622009277344,559.7000122070312,285.7123718261719,303.79998779296875
2026-04-30,230.75503540039062,2042.5,1342.382080078125,174.8800048828125,1181.954833984375,269.9666442871094,52.38569259643555,560.0,291.8080749511719,310.0
2026-05-01,230.75503540039062,2034.5,1342.382080078125,174.8800048828125,1199.1541748046875,269.9666442871094,52.38569259643555,560.0,291.8080749511719,310.0
2026-05-04,230.064453125,2034.5,1374.4613037109375,176.17999267578125,1199.1541748046875,262.2533264160156,52.148563385009766,572.0999755859375,294.3643493652344,315.6000061035156
2026-05-05,233.12277221679688,2077.0,1421.1942138671875,177.86000061035156,1201.9541015625,269.2744140625,52.642581939697266,575.5999755859375,297.5105285644531,312.5
2026-05-06,237.75958251953125,2089.5,1427.332763671875,188.5,1279.151123046875,293.4033508300781,55.29051971435547,588.2000122070312,302.6230773925781,328.29998779296875
2026-05-07,232.7281494140625,2001.0,1328.322509765625,183.44000244140625,1279.7510986328125,291.5244140625,54.243202209472656,562.5,293.57781982421875,319.29998779296875
2026-05-08,224.83570861816406,1934.800048828125,1206.341796875,179.8800048828125,1219.75341796875,283.1188659667969,52.524017333984375,538.0,285.1224670410156,309.3999938964844
2026-05-11,221.97471618652344,1923.5,1173.8663330078125,175.47999572753906,1227.5531005859375,281.239990234375,50.69615173339844,525.7999877929688,282.17291259765625,296.70001220703125
2026-05-12,222.9612579345703,1926.0,1150.5,172.52000427246094,1190.9544677734375,277.58111572265625,49.396881103515625,510.1000061035156,279.61663818359375,298.1000061035156
2026-05-13,220.6921844482422,1928.5,1121.5999755859375,173.44000244140625,1204.9539794921875,278.3722229003906,49.243736267089844,491.6000061035156,278.2402038574219,292.29998779296875
2026-05-14,220.00160217285156,1923.0,1143.199951171875,172.74000549316406,1197.1541748046875,280.0533447265625,49.2585563659668,491.6000061035156,279.4200134277344,292.29998779296875
2026-05-15,216.4499969482422,1850.5,1120.0,167.67999267578125,1139.9564208984375,268.3844299316406,48.403907775878906,482.75,275.3999938964844,292.20001220703125
2026-05-18,219.8000030517578,1880.5,1172.0,170.3800048828125,1157.5557861328125,270.8566589355469,49.327720642089844,492.3500061035156,275.20001220703125,294.70001220703125
2026-05-19,226.3000030517578,1902.0,1207.0,169.10000610351562,1164.555419921875,271.1533508300781,50.32069778442383,513.9000244140625,279.6000061035156,304.20001220703125
2026-05-20,229.5,1926.0,1233.5999755859375,173.36000061035156,1224.55322265625,279.3611145019531,51.535980224609375,524.2000122070312,284.3999938964844,312.70001220703125
2026-05-21,226.8000030517578,1953.0,1209.4000244140625,165.9600067138672,1208.15380859375,276.59222412109375,50.73567199707031,527.2000122070312,286.0,311.79998779296875
2026-05-22,229.6999969482422,1993.5,1227.199951171875,169.52000427246094,1248.7523193359375,281.83331298828125,51.69406509399414,529.9000244140625,291.3999938964844,311.5
2026-05-25,232.10000610351562,1993.5,1243.5999755859375,174.25999450683594,1248.7523193359375,298.1499938964844,51.39765548706055,539.4000244140625,295.79998779296875,311.5
2026-05-26,230.3000030517578,1990.0,1237.199951171875,172.27999877929688,1261.1517333984375,295.1000061035156,52.00035858154297,540.5,293.6000061035156,320.0
2026-05-27,233.1999969482422,1965.5,1232.800048828125,173.6999969482422,1297.150390625,299.0,51.03208541870117,536.7000122070312,295.20001220703125,318.79998779296875
2026-05-28,239.60000610351562,2019.0,1284.0,177.6999969482422,1314.5498046875,303.0,53.768943786621094,576.2000122070312,303.20001220703125,333.1000061035156
2026-05-29,239.5,2023.0,1293.4000244140625,179.6999969482422,1337.348876953125,305.70001220703125,53.768943786621094,569.2999877929688,304.79998779296875,332.1000061035156
2026-06-01,230.0,1921.0,1207.0,173.17999267578125,1272.75146484375,297.0,51.8422737121582,536.2000122070312,291.20001220703125,322.8999938964844
2026-06-02,226.60000610351562,1908.5,1190.0,172.67999267578125,1280.551025390625,298.0,51.713829040527344,524.9000244140625,292.0,315.70001220703125
2026-06-03,224.89999389648438,1900.0,1200.4000244140625,169.3000030517578,1258.15185546875,293.79998779296875,50.26141357421875,517.5,286.6000061035156,307.5
2026-06-04,230.0,1916.0,1190.199951171875,177.0,1263.1517333984375,300.29998779296875,50.64674758911133,525.7999877929688,295.6000061035156,305.6000061035156
2026-06-05,232.39999389648438,1930.5,1209.800048828125,178.9600067138672,1259.951904296875,298.5,51.23957061767578,528.4000244140625,297.79998779296875,312.0
2026-06-08,232.3000030517578,1953.5,1199.800048828125,176.9600067138672,1261.1517333984375,294.5,50.77519226074219,531.7999877929688,298.3999938964844,316.3999938964844
2026-06-09,231.5,1933.5,1207.199951171875,175.74000549316406,1225.1531982421875,295.6000061035156,51.407535552978516,524.0999755859375,295.3999938964844,313.79998779296875
2026-06-10,234.0,1940.0,1197.199951171875,174.9600067138672,1233.5528564453125,291.5,51.69406509399414,524.5999755859375,297.79998779296875,298.0
2026-06-11,237.8000030517578,1942.5,1220.0,175.25999450683594,1252.752197265625,295.29998779296875,53.06743621826172,538.2999877929688,300.20001220703125,301.8999938964844
2026-06-12,234.6999969482422,1911.0,1205.5999755859375,179.27999877929688,1307.9500732421875,306.1000061035156,52.84019088745117,521.5999755859375,297.0,294.20001220703125
2026-06-15,230.60000610351562,1820.5,1150.199951171875,183.67999267578125,1358.34814453125,316.3999938964844,51.37789535522461,502.8999938964844,297.20001220703125,290.0
2026-06-16,228.10000610351562,1860.5,1145.5999755859375,185.3000030517578,1392.94677734375,324.0,51.081485748291016,505.29998779296875,299.20001220703125,292.29998779296875
2026-06-17,231.0,1865.0,1170.199951171875,187.02000427246094,1389.9468994140625,324.0,51.68418884277344,509.29998779296875,301.6000061035156,296.20001220703125
2026-06-18,232.60000610351562,1840.0,1178.5999755859375,191.94000244140625,1409.546142578125,333.5,51.1802864074707,503.3999938964844,301.20001220703125,294.0
2026-06-19,232.39999389648438,1846.5,1202.5999755859375,189.4199981689453,1408.1461181640625,329.3999938964844,52.029998779296875,503.3999938964844,302.0,306.1000061035156
2026-06-22,226.3000030517578,1811.0,1189.4000244140625,189.52000427246094,1411.74609375,331.20001220703125,50.08000183105469,502.8999938964844,293.0,293.3999938964844
2026-06-23,228.0,1825.0,1166.5999755859375,193.25999450683594,1391.1468505859375,331.1000061035156,50.43000030517578,505.20001220703125,296.6000061035156,301.3999938964844
2026-06-24,225.3000030517578,1824.5,949.0,195.10000610351562,1419.145751953125,338.3999938964844,48.029998779296875,491.0,295.0,290.79998779296875
2026-06-25,218.39999389648438,1792.0,949.0,195.0800018310547,1431.9453125,343.70001220703125,46.125,489.3500061035156,289.20001220703125,285.5
2026-06-26,216.5,1808.0,946.5999755859375,191.89999389648438,1406.146240234375,332.70001220703125,46.255001068115234,487.3999938964844,287.79998779296875,278.3999938964844
2026-06-29,220.5,1808.0,970.9000244140625,191.5800018310547,1415.1458740234375,336.5,46.060001373291016,498.8500061035156,283.6000061035156,293.1000061035156
2026-06-30,224.8000030517578,1844.0,990.5,194.5399932861328,1444.5447998046875,345.0,46.92499923706055,502.79998779296875,287.20001220703125,298.29998779296875
2026-07-01,229.39999389648438,1880.0,1050.5999755859375,198.22000122070312,1460.9442138671875,349.8999938964844,48.7599983215332,519.5,292.3999938964844,307.6000061035156
2026-07-02,240.39999389648438,1982.5,1115.0,203.89999389648438,1475.1435546875,353.29998779296875,51.939998626708984,564.2000122070312,307.20001220703125,323.5
2026-07-03,238.1999969482422,1981.5,1093.4000244140625,206.14999389648438,1504.1424560546875,356.70001220703125,52.529998779296875,562.7999877929688,306.0,328.1000061035156
2026-07-06,241.10000610351562,2025.0,1130.0,209.39999389648438,1503.9425048828125,357.1000061035156,54.91999816894531,587.7000122070312,311.20001220703125,331.20001220703125
2026-07-07,237.60000610351562,1971.0,1111.5999755859375,203.9499969482422,1447.7447509765625,347.20001220703125,53.93000030517578,600.0,303.79998779296875,323.5
2026-07-08,233.6999969482422,1925.7230224609375,1058.800048828125,197.36000061035156,1399.3465576171875,332.5,53.369998931884766,586.0,297.20001220703125,321.79998779296875
2026-07-09,226.8000030517578,1839.0,1013.2000122070312,196.52000427246094,1436.3450927734375,340.0,52.189998626708984,564.0,289.6000061035156,312.6000061035156
2026-07-10,223.3000030517578,1851.0,992.0,197.25999450683594,1438.3450927734375,336.1000061035156,51.81999969482422,546.5,287.0,299.5
2026-07-13,221.10000610351562,1848.0,979.2000122070312,195.27999877929688,1415.345947265625,330.1000061035156,51.150001525878906,529.5,283.6000061035156,279.0
2026-07-14,220.0,1853.0,979.9000244140625,195.94000244140625,1402.1463623046875,327.79998779296875,51.0,524.4000244140625,284.6000061035156,279.29998779296875
2026-07-15,220.5,1813.0,976.0999755859375,195.3800048828125,1391.346923828125,330.79998779296875,50.369998931884766,520.4000244140625,280.20001220703125,275.1000061035156
2026-07-16,220.10000610351562,1834.0,963.9000244140625,195.6199951171875,1378.347412109375,329.1000061035156,49.61000061035156,516.7000122070312,278.79998779296875,272.29998779296875
2026-07-17,223.10000610351562,1880.0,984.2000122070312,194.32000732421875,1365.5478515625,329.5,50.75,567.0,285.3999938964844,277.5
2026-07-20,223.89999389648438,1875.0,990.2999877929688,191.77999877929688,1357.9481201171875,324.70001220703125,49.904998779296875,574.5999755859375,282.0,277.1000061035156
2026-07-21,225.10000610351562,1909.0,995.4000244140625,194.60000610351562,1372.5474853515625,322.8999938964844,50.65999984741211,575.7999877929688,283.6000061035156,276.79998779296875
2026-07-22,226.8000030517578,1924.0,1007.7999877929688,208.3000030517578,1391.94677734375,327.29998779296875,51.15999984741211,586.7999877929688,288.0,282.20001220703125
2026-07-23,238.3000030517578,1965.0,1017.0,204.5,1358.9481201171875,321.3999938964844,51.880001068115234,597.0,304.6000061035156,291.79998779296875
2026-07-24,236.39999389648438,1971.0,1037.5999755859375,206.0500030517578,1415.5458984375,329.79998779296875,52.2599983215332,587.4000244140625,299.20001220703125,289.79998779296875
2026-07-27,243.39999389648438,2000.0,1050.5999755859375,208.89999389648438,1413.5460205078125,333.20001220703125,53.04999923706055,601.0,304.79998779296875,291.3999938964844
2026-07-28,249.3000030517578,2025.0,1086.800048828125,212.0,1419.3458251953125,343.0,54.04999923706055,615.4000244140625,310.20001220703125,296.5
2026-07-29,245.39999389648438,2020.0,1153.4000244140625,209.89999389648438,1379.947265625,339.79998779296875,53.72999954223633,599.5999755859375,303.0,293.5
2026-07-30,243.3000030517578,2050.0,1139.5999755859375,204.0,1462.944091796875,340.29998779296875,53.720001220703125,591.2999877929688,300.0,294.8999938964844
2026-07-31,243.3000030517578,2094.0,1139.5999755859375,204.0,1467.7440185546875,340.29998779296875,53.720001220703125,591.2999877929688,300.0,294.8999938964844
2026-08-03,253.8000030517578,2143.0,1175.0,208.0,1506.742431640625,351.29998779296875,54.709999084472656,615.0999755859375,304.79998779296875,302.8999938964844
2026-08-04,262.3999938964844,2184.0,1200.800048828125,214.10000610351562,1529.341552734375,356.3999938964844,56.529998779296875,619.7000122070312,310.20001220703125,308.20001220703125
2026-08-05,261.70001220703125,2156.0,1200.5999755859375,214.9499969482422,1570.3399658203125,358.5,57.400001525878906,624.9000244140625,310.79998779296875,311.70001220703125
2026-08-06,264.6000061035156,2200.0,1159.0,212.4499969482422,1533.4000244140625,355.20001220703125,58.54999923706055,629.0,313.6000061035156,307.70001220703125
