Date,HO.PA,BA.L,RHM.DE,AIR.PA,RR.L,SAF.PA,LDO.MI,SAAB-B.ST,AM.PA,KOG.OL
2020-08-05,58.254581451416016,523.7344360351562,76.39277648925781,62.358062744140625,88.69059753417969,92.12545013427734,5.5297956466674805,67.73957061767578,67.5460205078125,22.248552322387695
2020-08-06,58.025089263916016,506.90228271484375,74.26052856445312,62.68833541870117,86.83787536621094,93.6653060913086,5.4997429847717285,67.90512084960938,67.5460205078125,22.248552322387695
2020-08-07,57.901527404785156,506.90228271484375,74.315673828125,63.5782470703125,86.66631317138672,92.88587188720703,5.52040433883667,66.93539428710938,67.72797393798828,22.152517318725586
2020-08-10,59.03130340576172,516.4853515625,71.79742431640625,66.11038208007812,91.160888671875,95.76597595214844,5.685697078704834,67.95243072509766,69.41094207763672,22.216541290283203
2020-08-11,63.19739532470703,526.2680053710938,73.5804214477539,69.89020538330078,93.90572357177734,101.13648223876953,5.873530387878418,68.63833618164062,73.23172760009766,22.12050437927246
2020-08-12,62.6148567199707,535.0524291992188,73.02897644042969,68.73423767089844,93.11659240722656,98.37994384765625,5.886678218841553,67.88147735595703,73.77754974365234,22.056480407714844
2020-08-13,62.22649383544922,533.2557373046875,72.14666748046875,67.24799346923828,91.84713745117188,98.61756896972656,5.766465187072754,67.40843200683594,72.95880889892578,22.12050437927246
2020-08-14,61.167320251464844,533.055908203125,71.8158187866211,66.15623474121094,88.21029663085938,96.4788818359375,5.623712539672852,66.17852020263672,72.50395202636719,22.12050437927246
2020-08-17,60.49650573730469,534.653076171875,72.71649169921875,65.54155731201172,88.27887725830078,96.09867095947266,5.484716415405273,66.29678344726562,72.6858901977539,22.152517318725586
2020-08-18,59.101924896240234,537.8474731445312,72.77164459228516,63.5140266418457,87.48974609375,94.21661376953125,5.526039123535156,65.09052276611328,70.59355926513672,22.056480407714844
2020-08-19,60.05518341064453,537.0489501953125,72.01801300048828,64.44982147216797,89.99443054199219,94.46375274658203,5.634982109069824,65.61087036132812,70.13870239257812,21.928430557250977
2020-08-20,60.01987838745117,527.6654663085938,70.63941192626953,63.458984375,87.83287048339844,92.8098373413086,5.539187431335449,64.23905944824219,69.0015640258789,21.448244094848633
2020-08-21,59.68447494506836,529.0631103515625,70.45559692382812,63.37642288208008,88.62200164794922,92.42962646484375,5.452784538269043,63.93157958984375,69.72933959960938,21.576292037963867
2020-08-24,61.22028350830078,540.642578125,73.06573486328125,66.1470718383789,89.71987915039062,95.10061645507812,5.6424946784973145,65.4453125,71.36681365966797,21.736352920532227
2020-08-25,60.72599411010742,536.250244140625,72.64295959472656,65.65165710449219,88.24459075927734,94.44473266601562,5.621833801269531,65.49259948730469,70.8664779663086,21.06410026550293
2020-08-26,59.984561920166016,529.8616333007812,72.4775390625,64.44063568115234,86.80358123779297,94.92001342773438,5.569240570068359,64.78304290771484,70.41162109375,21.032089233398438
2020-08-27,59.96692657470703,526.2680053710938,73.06573486328125,66.15623474121094,85.7742919921875,95.95609283447266,5.537309169769287,64.45191955566406,71.18486785888672,20.775985717773438
2020-08-28,60.00222396850586,518.6812744140625,73.28631591796875,65.54155731201172,82.72073364257812,97.19176483154297,5.479081153869629,63.52949142456055,72.0490951538086,20.775985717773438
2020-08-31,57.813262939453125,518.6812744140625,71.26437377929688,63.156227111816406,82.72073364257812,92.22048950195312,5.323180198669434,61.49540710449219,69.3654556274414,20.775985717773438
2020-09-01,56.75408935546875,500.3139343261719,70.06958770751953,63.82595443725586,70.91816711425781,93.15202331542969,5.291247844696045,61.54270935058594,69.68384552001953,20.487878799438477
2020-09-02,58.589988708496094,513.0912475585938,72.09154510498047,66.12872314453125,74.65789031982422,95.48081970214844,5.381407737731934,62.961849212646484,72.91332244873047,20.551904678344727
2020-09-03,59.08426284790039,509.0983581542969,71.76067352294922,65.59660339355469,74.89813995361328,92.84785461425781,5.356990337371826,62.51245880126953,73.504638671875,20.84001350402832
2020-09-04,57.672035217285156,502.9093322753906,71.99961853027344,64.01860809326172,74.62358856201172,92.42962646484375,5.315666675567627,62.8908805847168,71.45779418945312,20.808002471923828
2020-09-07,59.402015686035156,517.8828125,73.0841293334961,67.6791763305664,77.3684310913086,95.90855407714844,5.373894691467285,63.74236297607422,73.5956039428711,20.96806526184082
2020-09-08,57.83090591430664,512.2927856445312,71.8158187866211,64.93605041503906,75.10400390625,93.36114501953125,5.2574381828308105,62.65436553955078,72.00361633300781,20.743976593017578
2020-09-09,58.39580535888672,513.690185546875,71.30113983154297,63.66082763671875,72.29058074951172,92.61972045898438,5.180427551269531,63.482173919677734,70.95745086669922,21.00007438659668
2020-09-10,58.678253173828125,506.90228271484375,72.38563537597656,63.70669174194336,71.46714782714844,92.27754211425781,5.231142520904541,63.62409973144531,70.36613464355469,20.808002471923828
2020-09-11,58.21928405761719,507.1019287109375,71.99961853027344,63.137874603271484,72.05042266845703,92.3725814819336,5.135347366333008,64.07349395751953,68.22831726074219,20.872024536132812
2020-09-14,60.7436408996582,519.2802734375,73.34146881103516,65.43147277832031,72.15331268310547,92.65775299072266,5.180427551269531,65.37434387207031,74.45983123779297,20.647939682006836
2020-09-15,60.125789642333984,530.2608642578125,75.27149963378906,63.74338912963867,69.75160217285156,92.14446258544922,5.2386555671691895,65.68183135986328,72.23104095458984,20.84001350402832
2020-09-16,60.07282638549805,523.8722534179688,75.7494125366211,64.94522857666016,65.9947738647461,92.65775299072266,5.2968831062316895,67.02999877929688,73.32270050048828,21.448244094848633
2020-09-17,60.178749084472656,526.667236328125,75.0509262084961,65.24797821044922,65.15415954589844,93.15202331542969,5.372016429901123,66.4150390625,72.6858901977539,22.152517318725586
2020-09-18,57.9191780090332,527.4660034179688,74.07672119140625,62.936038970947266,61.80894470214844,90.49053192138672,5.165400981903076,65.30339050292969,70.50260162353516,22.664714813232422
2020-09-21,54.98879623413086,499.3157043457031,69.04022979736328,58.79840850830078,55.135719299316406,84.33110809326172,4.8179097175598145,62.29957962036133,66.63631439208984,22.152517318725586
2020-09-22,55.235939025878906,497.818359375,69.16891479492188,57.220420837402344,55.135719299316406,84.57823944091797,4.67233943939209,62.252281188964844,65.95404052734375,22.472640991210938
2020-09-23,55.377159118652344,498.61688232421875,69.00347137451172,56.688316345214844,55.71830368041992,81.55554962158203,4.54179573059082,61.47175598144531,65.45369720458984,22.34459114074707
2020-09-24,54.67103958129883,488.5347900390625,67.18373107910156,54.725006103515625,51.49886703491211,78.77999114990234,4.656373977661133,60.78584289550781,64.77140808105469,22.504653930664062
2020-09-25,55.13002395629883,491.9288330078125,66.63227844238281,55.064453125,53.09424591064453,81.00424194335938,4.681731224060059,61.140625,64.77140808105469,22.34459114074707
2020-09-28,56.471641540527344,493.0268249511719,69.9041519165039,57.16537857055664,51.20723342895508,81.46049499511719,4.8423285484313965,62.2286376953125,66.49986267089844,22.152517318725586
2020-09-29,55.80083084106445,487.2370300292969,70.3453140258789,57.42226028442383,48.17086410522461,81.08027648925781,4.6958184242248535,62.48879623413086,65.2717514038086,21.96044158935547
2020-09-30,56.630523681640625,481.1478576660156,70.5475082397461,56.945194244384766,44.60259246826172,80.26283264160156,4.6958184242248535,62.55976104736328,65.95404052734375,22.40861701965332
2020-10-01,56.877655029296875,485.5400695800781,70.9886474609375,59.54153823852539,40.073726654052734,80.01568603515625,4.581240177154541,62.536102294921875,66.40888214111328,22.88880157470703
2020-10-02,56.877655029296875,492.3280944824219,70.36368560791016,59.2846565246582,38.975852966308594,80.22481536865234,4.531464576721191,61.59001541137695,66.31791687011719,22.88880157470703
2020-10-05,57.31897735595703,494.2247314453125,72.4775390625,60.36723709106445,42.33816146850586,80.60501098632812,4.602840900421143,63.198360443115234,67.90991973876953,23.016849517822266
2020-10-06,58.76652145385742,496.021484375,72.23859405517578,62.1745719909668,51.46458053588867,82.88629150390625,4.849841117858887,64.4755630493164,68.81962585449219,23.62508201599121
2020-10-07,57.424896240234375,492.6275939941406,69.9041519165039,61.19292068481445,53.7461051940918,81.36544036865234,4.821666717529297,63.482173919677734,68.77413940429688,23.59307098388672
2020-10-08,58.6429443359375,491.8289489746094,70.52911376953125,61.39475631713867,67.0240707397461,82.82926177978516,4.91558313369751,63.71870422363281,68.91059875488281,23.945209503173828
2020-10-09,59.31376266479492,497.4190368652344,72.29373168945312,61.26631164550781,76.57929229736328,84.27406311035156,4.789735317230225,64.6411361694336,69.04705810546875,23.84916877746582
2020-10-12,59.13722229003906,489.4331970214844,70.62102508544922,60.54153823852539,66.85250091552734,82.69618225097656,4.653555870056152,64.57017517089844,68.22831726074219,23.68910789489746
2020-10-13,58.025089263916016,482.24591064453125,69.31594848632812,58.422271728515625,62.82103729248047,81.06126403808594,4.550248146057129,63.64775848388672,66.86373901367188,24.169294357299805
2020-10-14,57.7779541015625,477.9535217285156,68.45204162597656,57.018592834472656,61.757450103759766,81.85972595214844,4.567152976989746,63.03279495239258,65.59014892578125,23.84916877746582
2020-10-15,56.75408935546875,473.5613098144531,66.79771423339844,56.688316345214844,66.93829345703125,83.22846984863281,4.384955406188965,61.77924728393555,67.31859588623047,23.336973190307617
2020-10-16,57.8662223815918,482.54547119140625,67.66163635253906,59.027774810791016,76.13329315185547,86.25116729736328,4.474175930023193,63.31662368774414,68.9560775756836,23.91319465637207
2020-10-19,57.530818939208984,481.24774169921875,67.93734741210938,60.2938346862793,75.4814224243164,87.04960632324219,4.473237037658691,54.25787353515625,69.31995391845703,23.785146713256836
2020-10-20,57.460201263427734,478.55242919921875,68.63584899902344,61.41310501098633,77.8830337524414,88.57046508789062,4.622563362121582,52.6495361328125,69.91128540039062,23.5290470123291
2020-10-21,56.29511260986328,464.07806396484375,67.18373107910156,58.77088928222656,77.0595932006836,86.49830627441406,4.401860237121582,49.551109313964844,67.31859588623047,23.240936279296875
2020-10-22,55.288902282714844,441.6073303222656,65.98893737792969,59.12868881225586,77.8487319946289,86.89752960205078,4.376502513885498,49.551109313964844,66.86373901367188,23.048860549926758
2020-10-23,56.75408935546875,457.2828063964844,66.63227844238281,62.413108825683594,83.61274719238281,91.8022689819336,4.476053714752197,52.058231353759766,69.9567642211914,23.657094955444336
2020-10-26,54.10614776611328,447.0987243652344,64.33462524414062,60.41309356689453,77.57428741455078,88.95067596435547,4.339875221252441,49.69301986694336,67.6824951171875,23.721120834350586
2020-10-27,51.75831604003906,431.2236328125,60.309112548828125,58.715843200683594,75.13829803466797,86.66939544677734,4.157677173614502,50.42623519897461,65.31724548339844,23.208921432495117
2020-10-28,50.752098083496094,412.95233154296875,58.17687225341797,56.66996383666992,84.5225601196289,84.31208801269531,3.9914462566375732,48.95981216430664,64.27107238769531,22.184528350830078
2020-10-29,49.65761947631836,404.7651672363281,56.90856170654297,56.42225646972656,72.38505554199219,83.22846984863281,3.8590240478515625,48.51042175292969,63.770729064941406,23.080873489379883
2020-10-30,49.32221221923828,396.3782653808594,57.625431060791016,57.42226028442383,71.30528259277344,86.04205322265625,3.839301109313965,48.36851119995117,65.13529205322266,24.745512008666992
2020-11-02,50.999237060546875,412.2533264160156,58.930511474609375,57.880977630615234,76.54420471191406,87.0115966796875,3.9839329719543457,49.598411560058594,65.77210998535156,25.57783317565918
2020-11-03,52.49974060058594,429.32659912109375,61.35685348510742,60.807594299316406,83.982666015625,92.14446258544922,4.202757835388184,50.61545181274414,68.31927490234375,25.782730102539062
2020-11-04,55.16532516479492,441.5075378417969,63.19498062133789,62.917694091796875,83.8826904296875,93.28509521484375,4.320152759552002,50.63910675048828,69.54739379882812,25.646133422851562
2020-11-05,55.16532516479492,431.0239562988281,63.856712341308594,64.5690689086914,74.50462341308594,94.92001342773438,4.393407821655273,50.710060119628906,70.3206558227539,26.363265991210938
2020-11-06,55.85378646850586,429.82586669921875,61.83475112915039,64.220458984375,69.545654296875,94.23562622070312,4.075970649719238,51.041194915771484,69.77481079101562,25.475385665893555
2020-11-09,63.5151481628418,441.2080078125,65.52941131591797,76.1471176147461,99.97936248779297,107.40998840332031,4.739020347595215,54.281524658203125,74.96017456054688,25.748579025268555
2020-11-10,64.83911895751953,462.87396240234375,72.20182037353516,80.66089630126953,106.97792053222656,112.87554168701172,5.090267181396484,55.48778533935547,80.87329864501953,25.919326782226562
2020-11-11,65.66881561279297,474.6554870605469,69.94091796875,79.81684875488281,98.3996810913086,111.1170654296875,5.030160903930664,55.01474380493164,79.2358169555664,27.319448471069336
2020-11-12,65.3510513305664,470.2623596191406,68.74613952636719,77.62417602539062,89.98143005371094,108.17041778564453,4.89304256439209,53.97404479980469,79.2358169555664,27.79753875732422
2020-11-13,66.32195281982422,470.4621276855469,67.31238555908203,78.49574279785156,93.6806640625,107.88524627685547,4.943758010864258,54.470741271972656,81.00975799560547,27.968286514282227
2020-11-16,69.95845794677734,486.03765869140625,69.66520690917969,82.56915283203125,102.97874450683594,114.30133819580078,5.32881498336792,55.70064926147461,83.78437042236328,27.968286514282227
2020-11-17,70.68221282958984,494.4244689941406,69.40785217285156,82.65172576904297,102.6788101196289,117.67572021484375,5.37952995300293,55.41682434082031,84.28471374511719,28.58297348022461
2020-11-18,69.57009887695312,498.3184509277344,68.34174346923828,82.56915283203125,102.57882690429688,116.29744720458984,5.443393230438232,55.889869689941406,82.78368377685547,29.026912689208984
2020-11-19,69.46416473388672,507.0047607421875,69.2791976928711,81.95447540283203,98.5396728515625,114.30133819580078,5.340084552764893,56.19734573364258,82.73818969726562,28.890317916870117
2020-11-20,70.69989776611328,520.18408203125,70.30854034423828,81.32144927978516,99.41948699951172,115.489501953125,5.383285999298096,55.62969207763672,83.69338989257812,28.6854190826416
2020-11-23,70.25855255126953,523.3790893554688,71.24600219726562,82.69760131835938,106.97792053222656,116.20238494873047,5.539187431335449,56.45751953125,84.28471374511719,29.368410110473633
2020-11-24,71.37068939208984,525.775390625,72.82678985595703,85.78018188476562,115.72611236572266,116.82024383544922,5.849111557006836,57.75838088989258,84.60311889648438,29.129362106323242
2020-11-25,71.47660064697266,515.7910766601562,71.68714141845703,83.9453125,110.87712860107422,117.86583709716797,5.8415985107421875,56.575775146484375,83.42047882080078,28.924468994140625
2020-11-26,70.34681701660156,509.8003845214844,70.23501586914062,82.38567352294922,108.27766418457031,115.96475982666016,5.717628002166748,55.79525375366211,81.28266143798828,28.480527877807617
2020-11-27,70.48805236816406,503.4104309082031,70.51074981689453,82.56915283203125,107.6277847290039,116.91529846191406,5.621833801269531,55.74795150756836,81.41911315917969,28.617124557495117
2020-11-30,68.01663970947266,503.2107238769531,68.52555847167969,80.48657989501953,105.67818450927734,116.24993133544922,5.695089340209961,53.16987991333008,78.68998718261719,28.856164932250977
2020-12-01,68.92163848876953,508.4025573730469,71.31950378417969,82.0186996459961,112.07687377929688,116.72518920898438,5.715750217437744,52.957008361816406,82.23785400390625,29.026912689208984
2020-12-02,69.22329711914062,515.9905395507812,70.73130798339844,83.78016662597656,116.72590637207031,117.62818908691406,5.770221710205078,54.54169464111328,81.9649429321289,28.617124557495117
2020-12-03,70.9445571899414,530.5678100585938,70.97027587890625,87.15634155273438,134.87216186523438,117.86583709716797,5.944906234741211,55.91352081298828,82.19237518310547,29.197660446166992
2020-12-04,72.06250762939453,520.7831420898438,72.55107116699219,88.29395294189453,130.22312927246094,118.24603271484375,6.142131328582764,57.096126556396484,86.05864715576172,28.719568252563477
2020-12-07,71.15750122070312,515.7910766601562,72.34888458251953,87.34899139404297,130.822998046875,116.20238494873047,6.089537620544434,55.81890869140625,84.14824676513672,28.6854190826416
2020-12-08,70.18153381347656,511.9969177246094,71.96287536621094,86.90862274169922,126.22395324707031,115.96475982666016,5.946784496307373,56.85960006713867,83.60242462158203,28.58297348022461
2020-12-09,69.25879669189453,514.5927734375,72.97383880615234,85.86275482177734,129.6232452392578,114.0636978149414,5.944906234741211,57.119773864746094,81.91946411132812,28.275632858276367
2020-12-10,68.40702819824219,510.3994445800781,72.3121109008789,85.98202514648438,126.97379302978516,112.59038543701172,5.779613018035889,56.00812530517578,81.87397766113281,28.958616256713867
2020-12-11,68.46025848388672,501.8128662109375,72.27535247802734,84.57833099365234,116.9758529663086,114.2538070678711,5.574875831604004,55.771602630615234,81.73751068115234,28.719568252563477
2020-12-14,67.9989013671875,503.2107238769531,73.5804214477539,84.44989776611328,118.7254867553711,113.39833068847656,5.495985507965088,56.10273742675781,81.55557250976562,28.446378707885742
2020-12-15,68.21183776855469,501.2137756347656,76.53981018066406,83.8260498046875,115.27621459960938,112.49532318115234,5.663157939910889,57.900291442871094,82.46527862548828,28.41222381591797
2020-12-16,67.4310531616211,503.2107238769531,77.90003204345703,83.22052764892578,114.77631378173828,111.87747955322266,5.5410661697387695,57.21438217163086,82.10140228271484,28.75372314453125
2020-12-17,66.98744201660156,493.0266418457031,79.11320495605469,82.91778564453125,112.42679595947266,110.97447967529297,5.507256507873535,57.048824310302734,82.60175323486328,29.026912689208984
2020-12-18,66.24215698242188,491.42919921875,79.81168365478516,81.65172576904297,113.92648315429688,109.35857391357422,5.484716415405273,57.1434326171875,80.37295532226562,29.026912689208984
2020-12-21,65.21292877197266,489.6319885253906,77.38534545898438,79.39484405517578,110.22724914550781,108.17041778564453,5.310030937194824,55.2749137878418,78.00770568847656,28.6854190826416
2020-12-22,65.85176086425781,493.42608642578125,78.76394653320312,80.67923736572266,112.62675476074219,109.59620666503906,5.402069568634033,55.18030548095703,79.14483642578125,29.197660446166992
2020-12-23,67.3778305053711,500.41510009765625,79.57273864746094,84.35814666748047,115.57614135742188,113.20822143554688,5.522282600402832,57.852989196777344,81.51009368896484,29.675750732421875
2020-12-24,66.88095092773438,503.2107238769531,79.57273864746094,84.44072723388672,115.72611236572266,112.78047943115234,5.522282600402832,57.852989196777344,80.37295532226562,29.675750732421875
2020-12-28,67.14713287353516,503.2107238769531,79.1315689086914,84.38567352294922,115.72611236572266,114.01618194580078,5.561727523803711,57.28533935546875,81.46460723876953,29.607452392578125
2020-12-29,67.71497344970703,502.4120178222656,80.528564453125,85.38567352294922,112.82671356201172,114.53897094726562,5.616198539733887,58.113162994384766,82.55625915527344,29.948944091796875
2020-12-30,66.93421173095703,492.2279052734375,79.57273864746094,83.71595764160156,112.02688598632812,113.1131820678711,5.55045747756958,56.646732330322266,81.41911315917969,30.085540771484375
2020-12-31,66.45507049560547,488.0345153808594,79.57273864746094,82.36732482910156,111.22705078125,110.21405792236328,5.55045747756958,56.646732330322266,81.60106658935547,30.085540771484375
2021-01-04,66.70350646972656,493.1265563964844,80.78590393066406,82.4682388305664,103.17870330810547,110.40415954589844,5.475324630737305,59.011940002441406,80.60037994384766,29.300107955932617
2021-01-05,67.62625122070312,500.01580810546875,79.95873260498047,82.41319274902344,107.72776794433594,110.64179229736328,5.6105637550354,58.917335510253906,82.69271850585938,29.6416015625
2021-01-06,66.93421173095703,504.2091979980469,80.23445892333984,82.7251205444336,111.02709197998047,110.54674530029297,5.693209648132324,58.917335510253906,82.60175323486328,30.22214126586914
2021-01-07,66.18890380859375,498.5180969238281,81.02485656738281,82.22052764892578,111.07707977294922,110.07147216796875,5.644373893737793,59.72150421142578,82.4197998046875,30.529483795166016
2021-01-08,66.79222869873047,499.8160400390625,81.22704315185547,82.6609115600586,107.27786254882812,110.5942611694336,5.556092739105225,57.94759750366211,80.64586639404297,29.846492767333984
2021-01-11,66.72124481201172,495.62261962890625,80.4734115600586,82.36732482910156,105.72818756103516,110.73683166503906,5.518526077270508,57.56916427612305,80.23649597167969,29.607452392578125
2021-01-12,66.38410186767578,493.3262023925781,81.24544525146484,82.53246307373047,107.72776794433594,110.54674530029297,5.619956016540527,55.55873489379883,80.91877746582031,30.051395416259766
2021-01-13,66.3486099243164,493.0266418457031,80.89617919921875,81.75264739990234,105.57820129394531,108.83578491210938,5.512890815734863,55.203956604003906,80.05455017089844,29.53915023803711
2021-01-14,68.37153625488281,500.81451416015625,81.70496368408203,85.55081939697266,106.62799835205078,111.1645736694336,5.554214000701904,56.41021728515625,81.69204711914062,30.153841018676758
2021-01-15,67.82146453857422,494.8238830566406,80.6204605102539,84.90862274169922,105.8781509399414,109.07341766357422,5.503499507904053,55.74795150756836,82.10140228271484,29.812339782714844
2021-01-18,66.9519271850586,487.23577880859375,80.8410415649414,83.6609115600586,104.2284927368164,108.07535552978516,5.49222993850708,55.55873489379883,81.87397766113281,29.675750732421875
2021-01-19,67.07615661621094,485.0392150878906,82.21964263916016,83.76182556152344,104.62841796875,107.64762115478516,5.4997429847717285,55.58238983154297,82.3288345336914,29.948944091796875
2021-01-20,69.6491928100586,490.6304931640625,85.1606674194336,84.7801742553711,107.37784576416016,109.21599578857422,5.740169048309326,56.43386459350586,83.28404235839844,30.11968994140625
2021-01-21,67.94566345214844,479.1484680175781,83.94747924804688,81.98200988769531,103.2786865234375,106.41192626953125,5.509134292602539,55.51143264770508,80.05455017089844,29.709903717041016
2021-01-22,66.98744201660156,478.3497009277344,83.78205108642578,81.49575805664062,102.92875671386719,105.08118438720703,5.306275367736816,55.34587097167969,79.5542221069336,29.436708450317383
2021-01-25,64.94673919677734,470.4621276855469,81.9623031616211,77.86271667480469,97.97978210449219,100.89884948730469,5.152252674102783,54.470741271972656,78.2351303100586,28.958616256713867
2021-01-26,65.08870697021484,469.3638000488281,82.73431396484375,78.24803924560547,96.30012512207031,102.65733337402344,5.302517890930176,56.05543518066406,79.28130340576172,28.51467514038086
2021-01-27,65.90499114990234,475.7537536621094,81.19027709960938,77.39482879638672,95.14037322998047,100.70874786376953,5.334449291229248,56.05543518066406,79.2358169555664,28.10487937927246
2021-01-28,65.63880157470703,471.1609802246094,81.17191314697266,78.11959838867188,96.91999816894531,101.04142761230469,5.360746383666992,56.10273742675781,79.14483642578125,28.275632858276367
2021-01-29,65.8162612915039,461.3763732910156,80.27120971679688,76.33059692382812,91.68107604980469,98.95026397705078,5.387043476104736,55.48778533935547,78.46256256103516,28.378076553344727
2021-02-01,66.18890380859375,468.7647399902344,80.82266998291016,76.2480239868164,94.08058166503906,97.85714721679688,5.372016429901123,55.81890869140625,78.78096008300781,28.719568252563477
2021-02-02,68.17633819580078,475.35443115234375,80.89617919921875,81.27557373046875,94.74044799804688,102.5147476196289,5.464054584503174,56.670387268066406,81.87397766113281,28.719568252563477
2021-02-03,67.83918762207031,471.1609802246094,81.94392395019531,82.39484405517578,91.86103820800781,103.46527862548828,5.5448222160339355,56.41021728515625,80.82779693603516,28.822017669677734
2021-02-04,69.31202697753906,476.7522888183594,82.6607894897461,85.4132080078125,93.88062286376953,107.31492614746094,5.6368608474731445,58.23141860961914,81.87397766113281,28.924468994140625
2021-02-05,68.92163848876953,473.2576904296875,81.07999420166016,85.706787109375,93.88062286376953,106.64955139160156,5.665035724639893,57.167083740234375,81.64654541015625,29.129362106323242
2021-02-08,68.58447265625,471.85986328125,80.19770050048828,86.11962890625,92.9808120727539,106.69709014892578,5.785248756408691,56.85960006713867,82.19237518310547,28.99276351928711
2021-02-09,69.31202697753906,479.048583984375,79.20509338378906,84.8352279663086,91.56110382080078,106.12677764892578,5.7833709716796875,56.88325119018555,82.55625915527344,28.99276351928711
2021-02-10,68.93937683105469,479.248291015625,77.991943359375,84.11962127685547,92.78085327148438,105.36634063720703,5.760829925537109,56.00812530517578,82.55625915527344,29.675750732421875
2021-02-11,69.34752655029297,478.54937744140625,79.49920654296875,83.68843078613281,92.58088684082031,104.03559112548828,5.676305770874023,51.798065185546875,83.42047882080078,30.22214126586914
2021-02-12,69.11682891845703,479.248291015625,79.51758575439453,84.5966796875,92.8408432006836,103.51280975341797,5.685697078704834,53.76117706298828,83.51146697998047,31.758853912353516
2021-02-15,69.0635986328125,484.73968505859375,79.46244812011719,85.93614196777344,96.0601806640625,105.41387176513672,5.830328464508057,53.8084831237793,84.87602233886719,30.905132293701172
2021-02-16,68.26506805419922,485.13909912109375,78.58013916015625,86.05541229248047,99.91938781738281,103.94054412841797,5.845355033874512,52.744140625,84.19374084472656,30.085540771484375
2021-02-17,68.88613891601562,481.1452941894531,77.6427001953125,86.14715576171875,102.27889251708984,105.50892639160156,5.777735233306885,53.07526779174805,83.51146697998047,29.812339782714844
2021-02-18,67.59076690673828,471.2608337402344,76.1905746459961,83.75264739990234,93.32073974609375,102.4197006225586,5.623712539672852,52.767791748046875,81.3736343383789,29.300107955932617
2021-02-19,68.08761596679688,464.5712890625,77.2566909790039,84.1930160522461,98.6396484375,106.5069808959961,6.189088344573975,53.09892654418945,81.78299713134766,29.778196334838867
2021-02-22,69.29427337646484,471.0611572265625,76.4662857055664,87.89027404785156,105.42823791503906,109.12094116210938,6.185332775115967,53.73752975463867,82.28334045410156,30.051395416259766
2021-02-23,70.5009536743164,484.73968505859375,76.5949478149414,90.78020477294922,106.62799835205078,112.78047943115234,6.256709575653076,55.15665817260742,83.64791107177734,30.63193130493164
2021-02-24,71.28172302246094,495.22332763671875,78.04707336425781,94.23892974853516,111.87691497802734,115.01422882080078,6.50840425491333,55.109352111816406,83.69338989257812,31.31492042541504
2021-02-25,70.30575561523438,500.81451416015625,77.53240966796875,90.76184844970703,112.02688598632812,110.5942611694336,6.382556915283203,54.13961410522461,82.69271850585938,31.55396270751953
2021-02-26,69.595947265625,483.1421813964844,75.93323516845703,87.9912109375,107.67777252197266,107.64762115478516,6.22665548324585,52.8387451171875,81.23719024658203,30.22214126586914
2021-03-01,71.93830108642578,488.93316650390625,77.991943359375,92.36736297607422,111.37701416015625,111.44973754882812,6.470837593078613,53.92674255371094,84.19374084472656,31.075878143310547
2021-03-02,71.2284927368164,494.7239990234375,77.53240966796875,90.91780853271484,110.12727355957031,111.35468292236328,6.3975830078125,53.382747650146484,83.60242462158203,30.5977840423584
2021-03-03,72.41741943359375,498.3184509277344,79.33377838134766,92.16551971435547,114.42638397216797,112.73295593261719,6.433271884918213,53.21717834472656,86.0131607055664,30.495332717895508
2021-03-04,73.62406158447266,496.6210632324219,79.31539916992188,92.01873779296875,114.32640075683594,115.72712707519531,6.468960285186768,53.71387481689453,86.14961242675781,30.63193130493164
2021-03-05,70.51869201660156,482.7428283691406,77.44049835205078,87.54165649414062,108.52760314941406,113.20822143554688,6.337477207183838,53.12257385253906,83.55693817138672,30.290437698364258
2021-03-08,72.02701568603516,495.62261962890625,80.06903076171875,92.22057342529297,116.47595977783203,119.33914184570312,6.48022985458374,55.53508758544922,84.10276794433594,29.983095169067383
2021-03-09,72.16898345947266,498.1186828613281,80.9697036743164,91.98204803466797,113.8265151977539,117.10540008544922,6.6586713790893555,57.94759750366211,84.73957061767578,30.22214126586914
2021-03-10,73.46437072753906,499.6163635253906,81.13513946533203,90.81690216064453,112.97667694091797,115.061767578125,7.028701305389404,56.90690994262695,86.69544219970703,30.495332717895508
2021-03-11,73.67729949951172,492.72711181640625,79.57273864746094,90.9453353881836,113.77651977539062,114.6815414428711,6.987377643585205,56.29195022583008,85.92218780517578,30.495332717895508
2021-03-12,74.52906799316406,501.2137756347656,79.31539916992188,91.7435073852539,114.82630157470703,114.49143981933594,6.9779863357543945,56.575775146484375,85.92218780517578,30.768531799316406
2021-03-15,74.86621856689453,506.4056701660156,78.2125015258789,91.7435073852539,117.97565460205078,115.917236328125,7.269127368927002,56.528472900390625,86.28607940673828,31.51980972290039
2021-03-16,75.52278900146484,502.4120178222656,79.1683349609375,93.37653350830078,122.82465362548828,118.91141510009766,7.331111907958984,57.59282302856445,87.19578552246094,31.075878143310547
2021-03-17,75.203369140625,500.2154235839844,78.24927520751953,92.66094207763672,127.17375183105469,117.48561096191406,7.338625907897949,56.528472900390625,87.51419067382812,31.383216857910156
2021-03-18,74.40483093261719,496.321533203125,79.11320495605469,92.752685546875,124.52429962158203,117.4380874633789,7.2409515380859375,56.33925247192383,87.28675079345703,31.2807674407959
2021-03-19,72.73680877685547,488.7333984375,78.58013916015625,89.3031234741211,116.9758529663086,113.35079956054688,7.111347675323486,55.9608268737793,86.28607940673828,31.2807674407959
2021-03-22,72.75456237792969,487.5352783203125,76.79714965820312,89.05542755126953,111.87691497802734,111.21210479736328,6.9779863357543945,55.724300384521484,85.9676742553711,31.417360305786133
2021-03-23,72.86103820800781,499.2169189453125,76.4478988647461,87.34899139404297,105.27828216552734,109.78631591796875,6.874678134918213,55.67699432373047,84.60311889648438,31.997905731201172
2021-03-24,73.21591186523438,499.1171569824219,77.88164520263672,88.0462417602539,107.97770690917969,110.8794174194336,6.455811023712158,56.22099304199219,84.64859771728516,32.03205490112305
2021-03-25,73.34015655517578,492.0282287597656,76.39277648925781,88.52330780029297,106.02811431884766,110.78437805175781,6.390069961547852,56.12639236450195,83.96631622314453,31.246618270874023
2021-03-26,73.57083129882812,493.2264099121094,77.38534545898438,89.61506652832031,106.17808532714844,109.59620666503906,6.386312961578369,56.19734573364258,85.28539276123047,32.88578414916992
2021-03-29,74.10317993164062,498.21856689453125,77.75297546386719,89.3581771850586,106.02811431884766,109.54867553710938,6.395704746246338,54.84917449951172,84.96700286865234,32.95408248901367
2021-03-30,75.59376525878906,512.1966552734375,79.1315689086914,89.63341522216797,108.52760314941406,110.78437805175781,6.592929363250732,56.481170654296875,85.74024963378906,33.02238082885742
2021-03-31,75.16788482666016,504.2091979980469,79.40730285644531,88.56918334960938,105.27828216552734,110.30909729003906,6.483985900878906,56.528472900390625,86.33155822753906,33.46632766723633
2021-04-01,77.43923950195312,509.6007080078125,82.29316711425781,92.12882232666016,108.89752197265625,113.74052429199219,6.591050624847412,56.90690994262695,87.5596694946289,33.46632766723633
2021-04-06,77.40374755859375,520.7831420898438,82.01744079589844,92.38570404052734,111.7369384765625,113.74052429199219,6.69999361038208,56.386558532714844,88.56035614013672,34.66154861450195
2021-04-07,77.2262954711914,525.3759155273438,82.60563659667969,92.23892211914062,111.8569107055664,113.56942749023438,6.773248672485352,56.33925247192383,88.65132904052734,35.17379379272461
2021-04-08,77.20855712890625,525.9749755859375,82.10934448242188,92.47745513916016,111.09707641601562,114.74807739257812,6.696237564086914,56.74134063720703,89.10617065429688,35.446990966796875
2021-04-09,76.26807403564453,514.193359375,80.6204605102539,92.752685546875,111.8569107055664,113.22724151611328,6.639887809753418,57.096126556396484,88.37840270996094,35.75432586669922
2021-04-12,75.91317749023438,504.2091979980469,80.05064392089844,91.65177154541016,108.19766998291016,111.9535140991211,6.61922550201416,56.59943389892578,87.24127960205078,36.027523040771484
2021-04-13,76.1083755493164,501.8128662109375,79.75653839111328,90.27561950683594,107.67777252197266,110.6988296508789,6.583538055419922,56.69403839111328,87.10481262207031,35.788475036621094
2021-04-14,76.99562072753906,514.193359375,81.24544525146484,91.94535064697266,107.7177734375,111.611328125,6.6211042404174805,57.731422424316406,88.33292388916016,35.378684997558594
2021-04-15,76.56973266601562,521.981201171875,83.28575134277344,94.3490219116211,106.97792053222656,113.72151184082031,6.5534844398498535,57.90029525756836,87.74161529541016,35.344539642333984
2021-04-16,76.35680389404297,521.1824340820312,84.38863372802734,95.11967468261719,104.53842163085938,116.82024383544922,6.611712455749512,58.3828010559082,87.87806701660156,35.5494270324707
2021-04-19,76.65846252441406,522.1809692382812,84.53569030761719,94.22057342529297,105.15829467773438,116.34497833251953,6.769492149353027,57.586669921875,87.74161529541016,35.446990966796875
2021-04-20,74.93719482421875,517.1887817382812,80.6572265625,89.85359954833984,99.25951385498047,111.4022216796875,6.4539337158203125,55.801414489746094,84.10276794433594,34.96889877319336
2021-04-21,74.86621856689453,525.57568359375,82.25640106201172,89.66093444824219,99.84939575195312,111.25012969970703,6.483985900878906,55.801414489746094,83.10208129882812,34.66154861450195
2021-04-22,76.35680389404297,499.2527770996094,78.12059783935547,91.47745513916016,102.79878234863281,115.05226135253906,6.523431301116943,56.16328811645508,82.19237518310547,35.856773376464844
2021-04-23,76.42778015136719,495.65740966796875,78.15736389160156,90.33065032958984,101.73899841308594,115.24235534667969,6.512161731719971,59.7579231262207,82.78368377685547,36.437313079833984
2021-04-26,76.09062194824219,497.6548156738281,77.75297546386719,92.88111877441406,107.79774475097656,117.78977966308594,6.373164653778076,61.56731414794922,84.14824676513672,36.77880859375
2021-04-27,75.75347137451172,493.8597412109375,77.45887756347656,91.55084228515625,102.91876220703125,116.02179718017578,6.249195575714111,60.626434326171875,82.55625915527344,35.856773376464844
2021-04-28,75.39857482910156,496.7560119628906,79.07643127441406,91.10130310058594,102.7387924194336,115.01422882080078,6.292396545410156,60.336936950683594,82.01043701171875,35.583580017089844
2021-04-29,74.99043273925781,497.2553405761719,79.0396728515625,91.7435073852539,101.99894714355469,114.57699584960938,6.239803791046143,60.55406188964844,81.32814025878906,35.446990966796875
2021-04-30,75.22111511230469,505.54461669921875,79.68302154541016,91.68846893310547,104.59841918945312,118.03691864013672,6.380678653717041,60.55406188964844,82.4197998046875,35.856773376464844
2021-05-03,75.203369140625,505.54461669921875,81.22704315185547,91.66093444824219,104.59841918945312,118.58822631835938,6.45768928527832,60.795310974121094,82.82917785644531,37.051998138427734
2021-05-04,75.2920913696289,499.35260009765625,78.8558578491211,88.74349975585938,101.19911193847656,116.74419403076172,6.440784454345703,59.90267562866211,85.69474792480469,36.60805892944336
2021-05-05,75.34532928466797,499.35260009765625,79.44406127929688,88.59671020507812,101.73899841308594,116.4780502319336,6.485864639282227,61.30194091796875,86.78641510009766,37.39349365234375
2021-05-06,76.88914489746094,503.7469482421875,79.79330444335938,88.76185607910156,103.378662109375,117.20045471191406,6.555362701416016,61.83268737792969,88.33292388916016,35.651878356933594
2021-05-07,76.33905792236328,507.34228515625,80.91456604003906,90.24809265136719,106.71797180175781,119.00645446777344,6.487742900848389,62.797698974609375,87.92355346679688,37.24981689453125
2021-05-10,76.65846252441406,512.5355224609375,80.82266998291016,90.2389144897461,109.6573715209961,119.53875732421875,6.545970916748047,62.67705535888672,88.69680786132812,37.21431350708008
2021-05-11,75.77120208740234,502.9480285644531,78.6352767944336,87.9820327758789,104.31846618652344,116.4400405883789,6.395704746246338,61.27781677246094,88.15098571777344,37.711448669433594
2021-05-12,75.11465454101562,509.3396911621094,79.1434555053711,88.58753204345703,104.83836364746094,115.4134521484375,6.4445414543151855,62.24281692504883,87.74161529541016,36.930233001708984
2021-05-13,75.06140899658203,506.9428405761719,79.12464141845703,88.07376861572266,104.27848815917969,114.02567291259766,6.393826484680176,62.24281692504883,87.33223724365234,36.930233001708984
2021-05-14,76.58747863769531,524.7197875976562,80.9879379272461,91.34901428222656,107.61778259277344,118.37911224365234,6.538457870483398,62.02569580078125,88.65132904052734,37.17879867553711
2021-05-17,75.61151123046875,522.1231079101562,80.93148040771484,88.89945220947266,102.95875549316406,115.85069274902344,6.47835111618042,61.157188415527344,88.7422866821289,37.17879867553711
2021-05-18,75.37709045410156,519.726318359375,80.27273559570312,89.11963653564453,102.91876220703125,115.01422882080078,6.489621162414551,61.036556243896484,89.3227310180664,37.498390197753906
2021-05-19,74.06067657470703,519.1270141601562,77.46836853027344,87.21138000488281,103.33867645263672,111.4022216796875,6.406974792480469,58.74467849731445,88.17106628417969,36.68166732788086
2021-05-20,74.31314086914062,515.5316162109375,77.76950073242188,88.54166412353516,103.23870086669922,112.88504028320312,6.410731315612793,58.79292297363281,88.03288269042969,36.89472579956055
2021-05-21,74.78199005126953,519.1270141601562,78.99288940429688,89.82608032226562,105.17829132080078,113.98766326904297,6.514039516448975,59.46842575073242,89.18453979492188,37.56940841674805
2021-05-24,75.21476745605469,520.9247436523438,78.99288940429688,90.14716339111328,105.69818878173828,115.71762084960938,6.596686363220215,59.32367706298828,90.15192413330078,37.56940841674805
2021-05-25,74.94430541992188,519.3267822265625,78.76702117919922,89.11963653564453,105.39823913574219,113.62644958496094,6.510283470153809,58.59992218017578,90.84291076660156,37.711448669433594
2021-05-26,74.72789001464844,523.121826171875,79.70809173583984,89.60588073730469,103.01873779296875,112.35272979736328,6.474594593048096,58.55167007446289,90.01371765136719,37.888999938964844
2021-05-27,75.80986785888672,527.31640625,80.06570434570312,97.8719711303711,107.03791046142578,116.49705505371094,6.641765594482422,58.79292297363281,93.69902801513672,37.99552536010742
2021-05-28,75.93609619140625,525.9181518554688,80.55504608154297,99.0829849243164,106.99791717529297,117.9798812866211,6.733804225921631,59.010047912597656,94.98889923095703,38.42164993286133
2021-05-31,75.61148834228516,525.9181518554688,79.89630126953125,97.85363006591797,106.99791717529297,116.71128845214844,6.677453994750977,57.87616729736328,94.62035369873047,38.17307662963867
2021-06-01,75.90003204345703,527.7158203125,80.81854248046875,99.78023529052734,108.91752624511719,118.69528198242188,6.741317272186279,58.67229461669922,95.63382720947266,38.705726623535156
2021-06-02,76.098388671875,530.3124389648438,80.61152648925781,101.56005096435547,112.27682495117188,119.8780288696289,6.808937072753906,58.45517349243164,95.35742950439453,38.4571533203125
2021-06-03,76.20658874511719,531.311279296875,81.5525894165039,100.71602630615234,109.6573715209961,118.14204406738281,6.760100364685059,59.17892837524414,93.79117584228516,38.42164993286133
2021-06-04,76.18854522705078,531.9104614257812,81.79724884033203,100.84446716308594,107.29785919189453,116.86389923095703,6.718776702880859,59.347801208496094,92.50131225585938,38.67021560668945
2021-06-07,77.25248718261719,534.7069091796875,82.07957458496094,102.12886810302734,110.09728240966797,117.85588836669922,6.825841426849365,59.42018127441406,94.15969848632812,38.42164993286133
2021-06-08,77.48692321777344,534.7069091796875,80.25390625,101.37657928466797,111.37701416015625,118.18019104003906,6.8277201652526855,59.39604568481445,93.69902801513672,38.137569427490234
2021-06-09,77.70329284667969,533.5084228515625,79.93395233154297,101.46832275390625,112.53677368164062,118.90512084960938,6.78076171875,58.6964225769043,93.88330841064453,37.96002197265625
2021-06-10,77.50495147705078,534.307373046875,79.72691345214844,101.39492797851562,111.01708984375,117.43620300292969,6.767612934112549,58.43104553222656,95.44955444335938,37.782470703125
2021-06-11,77.57708740234375,535.1063232421875,80.8373794555664,103.0830078125,111.91690826416016,117.93219757080078,6.769492149353027,58.624046325683594,95.08102416992188,37.67593765258789
2021-06-14,77.63116455078125,533.1088256835938,80.81854248046875,103.11969757080078,107.33784484863281,117.41712188720703,6.775126934051514,58.18980026245117,94.34396362304688,37.67593765258789
2021-06-15,77.66724395751953,536.7041625976562,80.61152648925781,103.83531188964844,107.97770690917969,117.45527648925781,6.683089256286621,57.441917419433594,93.69902801513672,38.17307662963867
2021-06-16,77.61315155029297,541.6978149414062,81.10086822509766,104.66099548339844,109.97730255126953,119.55371856689453,6.743195056915283,57.90029525756836,94.62035369873047,39.62898254394531
2021-06-17,78.37052917480469,543.295654296875,80.19745635986328,105.13805389404297,111.89691162109375,120.41217041015625,6.720656394958496,57.51428985595703,94.15969848632812,39.309391021728516
2021-06-18,77.36066436767578,535.3060302734375,79.18109893798828,103.41328430175781,107.49781036376953,119.01956939697266,6.555362701416016,56.4769172668457,94.06757354736328,38.812255859375
2021-06-21,76.92790222167969,538.3021240234375,80.12216186523438,103.59677124023438,109.23746490478516,120.12602996826172,6.628617286682129,55.99441146850586,94.06757354736328,39.41592788696289
2021-06-22,77.25248718261719,537.5032348632812,80.00922393798828,103.33988952636719,108.17766571044922,120.69831848144531,6.5666327476501465,55.632530212402344,93.9754409790039,39.38041305541992
2021-06-23,76.54920959472656,532.110107421875,77.95771026611328,102.11052703857422,109.41742706298828,118.18019104003906,6.482108116149902,54.0402717590332,93.33051300048828,39.41592788696289
2021-06-24,77.414794921875,532.9091186523438,78.37178039550781,102.67932891845703,107.75776672363281,120.52664184570312,6.523431301116943,54.0402717590332,94.62035369873047,39.41592788696289
2021-06-25,77.48692321777344,534.307373046875,78.89877319335938,101.21143341064453,106.47802734375,118.7334213256836,6.547849178314209,54.0402717590332,96.00235748291016,39.45143127441406
2021-06-28,75.86396789550781,524.9194946289062,77.54365539550781,98.2573013305664,100.47926330566406,113.44916534423828,6.3975830078125,54.32977294921875,93.79117584228516,39.486942291259766
2021-06-29,77.25248718261719,522.7223510742188,79.42578125,97.68849182128906,98.55965423583984,111.98027038574219,6.440784454345703,54.83639907836914,93.79117584228516,39.55796813964844
2021-06-30,77.57708740234375,521.3241577148438,78.39060974121094,99.48666381835938,98.89959716796875,111.52242279052734,6.3975830078125,54.788150787353516,91.39571380615234,39.344905853271484
2021-07-01,78.17216491699219,525.5187377929688,79.04935455322266,100.82612609863281,100.83918762207031,113.31563568115234,6.545970916748047,54.957027435302734,92.22491455078125,39.55796813964844
2021-07-02,78.47871398925781,524.7197875976562,78.40943145751953,102.95457458496094,102.55883026123047,113.90702056884766,6.517796516418457,55.31890869140625,93.14623260498047,39.913063049316406
2021-07-05,78.87545013427734,526.7173461914062,78.6352767944336,103.74356842041016,104.95834350585938,114.63192749023438,6.515917778015137,55.560157775878906,92.40918731689453,40.197139739990234
2021-07-06,79.59674072265625,525.3189697265625,75.86856079101562,101.72520446777344,103.63861083984375,112.41902160644531,6.3618950843811035,54.66753387451172,90.84291076660156,40.339176177978516
2021-07-07,79.57872009277344,528.3151245117188,75.79327392578125,100.75272369384766,100.85918426513672,110.60674285888672,6.292396545410156,54.450401306152344,90.84291076660156,41.155906677246094
2021-07-08,79.34429168701172,532.3099365234375,75.54859161376953,100.0187759399414,100.69921875,111.78950500488281,6.194723606109619,54.957027435302734,90.15192413330078,41.43998718261719
2021-07-09,80.98528289794922,537.3034057617188,77.07311248779297,103.44998168945312,100.97915649414062,114.3839340209961,6.363773822784424,56.018531799316406,91.02719116210938,41.86609649658203
2021-07-12,80.24592590332031,535.5057373046875,76.0755844116211,102.93621826171875,95.72024536132812,111.29349517822266,6.350625514984131,55.777286529541016,90.01371765136719,42.61180877685547
2021-07-13,79.95740509033203,537.9026489257812,75.98147583007812,102.05548095703125,93.59068298339844,109.44306182861328,6.179697513580322,55.34303283691406,88.53959655761719,42.46976852416992
2021-07-14,79.52461242675781,537.3034057617188,76.60258483886719,101.81695556640625,92.7408676147461,109.93904876708984,6.072632789611816,55.4877815246582,87.94073486328125,43.64159393310547
2021-07-15,78.73117065429688,532.5096435546875,75.47331237792969,101.28484344482422,91.1211929321289,107.7452392578125,5.974959373474121,55.22240447998047,87.48007202148438,44.45832061767578
2021-07-16,78.96560668945312,539.1011352539062,75.4356689453125,101.50502014160156,93.04078674316406,108.2984619140625,5.943027973175049,54.98115158081055,88.40140533447266,43.037925720214844
2021-07-19,76.27871704101562,526.5174560546875,72.68775177001953,95.02792358398438,86.98204040527344,102.8615951538086,5.708237171173096,52.88227081298828,84.80821990966797,42.61180877685547
2021-07-20,77.36066436767578,533.5084228515625,73.64764404296875,97.24811553955078,90.00141906738281,105.76126861572266,5.79276180267334,54.18502426147461,86.69695281982422,43.00241470336914
2021-07-21,79.63282775878906,540.2996215820312,75.19098663330078,101.50502014160156,96.97998809814453,110.5685806274414,6.010647773742676,59.90267562866211,89.13845825195312,43.67710494995117
2021-07-22,80.10167694091797,543.095947265625,75.04041290283203,100.47749328613281,95.26033020019531,109.21414184570312,5.931758403778076,62.67705535888672,89.27667236328125,43.961181640625
2021-07-23,80.67872619628906,551.285400390625,75.60505676269531,102.29401397705078,95.61026763916016,111.02643585205078,6.010647773742676,61.56731414794922,93.33051300048828,44.17424392700195
2021-07-26,81.49019622802734,550.0868530273438,76.39555358886719,102.75273895263672,96.99996948242188,110.85475158691406,6.089537620544434,62.45994186401367,93.9754409790039,44.77790451049805
2021-07-27,81.27378845214844,552.6835327148438,76.58375549316406,103.04631042480469,98.24971771240234,109.93904876708984,6.066997528076172,62.72531509399414,92.77770233154297,44.529335021972656
2021-07-28,82.5902099609375,559.8740844726562,76.94136810302734,105.7802734375,101.67902374267578,111.42703247070312,6.1458868980407715,62.67705535888672,95.54169464111328,45.13300323486328
2021-07-29,81.83282470703125,572.058349609375,76.56494140625,106.42247772216797,102.1589126586914,107.78339385986328,6.162792205810547,63.376708984375,93.60690307617188,45.3105583190918
2021-07-30,79.79511260986328,575.2542114257812,76.18852233886719,106.14723205566406,99.68942260742188,105.20803833007812,6.232290744781494,63.03894805908203,92.50131225585938,44.91994857788086
2021-08-02,80.24592590332031,581.8455810546875,77.43070983886719,107.13806915283203,103.45864868164062,106.33355712890625,6.3750433921813965,62.72531509399414,93.42263793945312,44.990966796875
2021-08-03,79.01971435546875,574.0558471679688,77.03547668457031,105.3031997680664,103.11872100830078,104.4449691772461,6.232290744781494,62.9183235168457,91.99457550048828,45.48810958862305
2021-08-04,79.16397094726562,575.2542114257812,77.18604278564453,104.99127197265625,104.5184326171875,104.36865997314453,6.267978668212891,62.65294647216797,92.40918731689453,45.48810958862305
2021-08-05,80.2279052734375,575.65380859375,79.38813018798828,107.00962829589844,110.65716552734375,106.35263061523438,6.344990253448486,63.01483154296875,93.69902801513672,45.63014602661133
2021-08-06,79.6869125366211,574.0558471679688,79.3128433227539,107.2481689453125,112.39680480957031,107.40185546875,6.401340007781982,63.15957260131836,93.69902801513672,44.91994857788086
2021-08-09,79.07379913330078,568.6627197265625,78.18357849121094,105.28485870361328,109.0574951171875,105.01726531982422,6.391948223114014,62.24281692504883,92.50131225585938,44.564849853515625
2021-08-10,79.27217102050781,570.2607421875,78.07064056396484,105.65182495117188,109.99729919433594,104.52127075195312,6.382556915283203,62.17043685913086,92.3170394897461,44.422813415527344
2021-08-11,79.39838409423828,577.6511840820312,77.995361328125,106.16558837890625,111.57697296142578,104.54035186767578,6.536579608917236,61.83268737792969,93.05411529541016,44.38730239868164
2021-08-12,78.98363494873047,578.2504272460938,77.48717498779297,105.7802734375,109.53738403320312,104.63572692871094,6.485864639282227,61.663814544677734,91.94851684570312,44.24526596069336
2021-08-13,78.69510650634766,579.44873046875,78.99288940429688,105.90870666503906,111.15705871582031,104.67388153076172,6.585415840148926,61.68794250488281,91.62605285644531,44.529335021972656
2021-08-16,78.67708587646484,579.2490844726562,78.69174194335938,105.15641021728516,109.67736053466797,102.708984375,6.47835111618042,61.49493408203125,90.84291076660156,44.138729095458984
2021-08-17,77.93772888183594,577.6511840820312,78.37178039550781,104.16558837890625,111.43700408935547,101.69792175292969,6.384434700012207,61.084808349609375,89.55306243896484,43.854652404785156
2021-08-18,77.86560821533203,574.455322265625,78.33413696289062,104.23896789550781,112.97667694091797,101.65977478027344,6.489621162414551,61.181312561035156,89.3687973022461,44.138729095458984
2021-08-19,76.02626037597656,569.2620849609375,77.33661651611328,100.95455169677734,111.19705200195312,99.50410461425781,6.346868515014648,60.409305572509766,87.06547546386719,43.32200622558594
2021-08-20,75.64757537841797,573.0570678710938,76.71551513671875,101.35823059082031,110.13727569580078,99.79024505615234,6.284883499145508,60.43343734741211,88.07893371582031,43.74812316894531
2021-08-23,75.90003204345703,571.2593994140625,77.35543060302734,102.49585723876953,113.7165298461914,99.29425811767578,6.360016345977783,60.771183013916016,88.5856704711914,44.209747314453125
2021-08-24,76.13446044921875,570.85986328125,79.1058120727539,104.0921859741211,118.25559997558594,100.47701263427734,6.538457870483398,61.519065856933594,88.44746398925781,43.67710494995117
2021-08-25,76.49510955810547,567.2645874023438,78.2964859008789,106.34907531738281,116.45597076416016,102.0985336303711,6.504648208618164,62.26694107055664,88.12501525878906,44.38730239868164
2021-08-26,76.8197021484375,568.2633666992188,77.86360931396484,105.50504302978516,116.03605651855469,102.07946014404297,6.452054977416992,61.88093948364258,88.12501525878906,44.564849853515625
2021-08-27,77.61315155029297,570.2607421875,78.6352767944336,105.52338409423828,116.71590423583984,102.17484283447266,6.485864639282227,63.01483154296875,89.0002670288086,44.138729095458984
2021-08-30,77.23446655273438,570.2607421875,78.37178039550781,105.37659454345703,116.71590423583984,101.4117660522461,6.461446762084961,62.0498161315918,88.95420837402344,43.712615966796875
2021-08-31,77.48692321777344,567.6641845703125,77.95771026611328,106.14723205566406,114.8363037109375,101.35454559326172,6.47835111618042,62.0498161315918,87.98680114746094,43.037925720214844
2021-09-01,78.3344497680664,565.4669799804688,76.5461196899414,108.25733947753906,114.9162826538086,103.24313354492188,6.624861240386963,61.30194091796875,89.23059844970703,43.783634185791016
2021-09-02,77.73936462402344,567.46435546875,76.30144500732422,107.13806915283203,114.21642303466797,102.06037139892578,6.600442886352539,60.96418380737305,89.18453979492188,43.42853546142578
2021-09-03,77.37872314453125,563.4694213867188,76.18852233886719,105.02796173095703,111.67694854736328,99.61856842041016,6.534700870513916,61.68794250488281,86.88121795654297,43.10894775390625
2021-09-06,77.54102325439453,563.6693725585938,75.26628112792969,106.31238555908203,112.01688385009766,99.40872192382812,6.684967517852783,61.47081756591797,87.5261459350586,43.32200622558594
2021-09-07,75.7738037109375,556.0791625976562,74.17463684082031,104.67933654785156,110.85712432861328,98.11150360107422,6.581659317016602,60.43343734741211,85.5452880859375,42.57630157470703
2021-09-08,75.21476745605469,554.2813720703125,72.7630386352539,104.33071899414062,111.23704528808594,96.94782257080078,6.4990129470825195,59.32367706298828,84.99249267578125,41.653038024902344
2021-09-09,75.8279037475586,555.2800903320312,72.66893768310547,105.68851470947266,110.99708557128906,99.98101043701172,6.48022985458374,59.637306213378906,85.49922943115234,42.32773208618164
2021-09-10,74.94430541992188,553.6822509765625,72.46189880371094,104.9178695678711,109.15746307373047,99.8665542602539,6.365651607513428,59.39604568481445,83.97903442382812,42.2212028503418
2021-09-13,76.00822448730469,554.2813720703125,73.66647338867188,105.57843017578125,111.86891174316406,102.3465347290039,6.4539337158203125,59.46842575073242,85.08462524414062,42.398746490478516
2021-09-14,74.98035430908203,550.8858642578125,72.74423217773438,103.44998168945312,109.13748168945312,98.87458038330078,6.416366100311279,59.10654830932617,84.62396240234375,42.86037826538086
2021-09-15,73.82625579833984,548.289306640625,73.13948059082031,103.0830078125,105.47823333740234,97.63457489013672,6.339354991912842,59.03417205810547,84.7160873413086,42.398746490478516
2021-09-16,73.5557632446289,553.4826049804688,73.25238800048828,105.39495086669922,109.0374984741211,99.79024505615234,6.360016345977783,59.227176666259766,83.5644302368164,42.32773208618164
2021-09-17,72.79839324951172,559.4747314453125,73.42178344726562,103.70686340332031,110.97709655761719,100.41978454589844,6.292396545410156,58.28630065917969,84.43968963623047,42.2212028503418
2021-09-20,73.2852783203125,557.2775268554688,74.79574584960938,102.69768524169922,115.67613220214844,102.68991088867188,6.241682052612305,58.74467849731445,84.53182220458984,40.83632278442383
2021-09-21,73.48363494873047,556.8781127929688,75.09687805175781,103.92704010009766,119.55532836914062,104.06343841552734,6.354381561279297,58.91354751586914,85.1767578125,41.75957107543945
2021-09-22,74.16888427734375,562.4708251953125,76.58375549316406,106.27567291259766,122.15479278564453,105.26527404785156,6.442662715911865,60.45756149291992,85.40708923339844,41.795074462890625
2021-09-23,74.78199005126953,559.674560546875,77.63775634765625,107.04632568359375,126.91381072998047,106.54340362548828,6.489621162414551,60.409305572509766,87.0194091796875,42.18569564819336
2021-09-24,75.14265441894531,561.0725708007812,77.73186492919922,105.87200164794922,132.47267150878906,106.23817443847656,6.442662715911865,60.55406188964844,86.09807586669922,41.901611328125
2021-09-27,77.10822296142578,565.866455078125,78.57882690429688,107.56008911132812,147.44955444335938,109.71012878417969,6.713141918182373,61.3984375,87.11154174804688,42.07916259765625
2021-09-28,75.75576782226562,565.866455078125,77.82595825195312,104.00043487548828,142.63055419921875,104.57849884033203,6.536579608917236,60.0233039855957,85.1767578125,42.04365158081055
2021-09-29,76.13446044921875,570.0608520507812,78.59764099121094,107.6151351928711,144.57017517089844,107.3255386352539,6.7225341796875,60.38518524169922,87.24974060058594,42.753849029541016
2021-09-30,75.88200378417969,564.4682006835938,79.78337860107422,105.59677124023438,140.111083984375,104.59758758544922,6.681210517883301,60.0233039855957,89.7373275756836,43.28649139404297
2021-10-01,76.63936614990234,564.2684936523438,79.87748718261719,106.95458221435547,142.85052490234375,106.02833557128906,6.715021133422852,60.50581359863281,86.37448120117188,43.00241470336914
2021-10-04,76.26067352294922,563.2698364257812,80.29155731201172,104.27568054199219,142.1106719970703,104.1588134765625,6.820207118988037,59.56492614746094,86.1441421508789,42.434261322021484
2021-10-05,76.1524887084961,564.2684936523438,79.80220031738281,105.57843017578125,144.01026916503906,105.87571716308594,6.865286827087402,59.10654830932617,86.78907012939453,43.2509880065918
2021-10-06,74.87216186523438,562.0712890625,79.16227722167969,104.05548858642578,140.47100830078125,105.11265563964844,6.7225341796875,58.91354751586914,83.70262908935547,42.82487487792969
2021-10-07,75.70166015625,568.862548828125,80.78091430664062,104.77108001708984,141.1908416748047,108.26030731201172,6.694358825683594,59.90267562866211,84.99249267578125,44.28076934814453
2021-10-08,76.2967529296875,574.2554931640625,81.38319396972656,103.87200164794922,143.6703338623047,109.8055191040039,6.654913425445557,59.950923919677734,85.08462524414062,44.70689010620117
2021-10-11,76.63936614990234,585.0416259765625,81.43965148925781,104.4224624633789,145.44998168945312,110.39690399169922,6.7319254875183105,60.48168182373047,86.74301147460938,45.06198501586914
2021-10-12,75.41313934326172,590.6343994140625,81.477294921875,103.89034271240234,143.8703155517578,107.49723815917969,6.788275241851807,60.43343734741211,86.0059585571289,45.452598571777344
2021-10-13,74.24101257324219,591.8327026367188,80.85618591308594,103.06465911865234,143.29043579101562,107.53539276123047,6.737560272216797,60.52993392944336,85.72956085205078,45.63014602661133
2021-10-14,75.35904693603516,596.22705078125,81.94783020019531,104.00043487548828,143.410400390625,108.66091918945312,6.2623443603515625,60.626434326171875,85.82169342041016,45.84320831298828
2021-10-15,75.14265441894531,598.6239624023438,81.36436462402344,105.41329956054688,144.53016662597656,110.62582397460938,6.31681489944458,60.91593551635742,86.37448120117188,47.476661682128906
2021-10-18,74.43937683105469,593.0311889648438,79.93395233154297,103.94540405273438,142.61056518554688,108.22215270996094,6.2623443603515625,60.45756149291992,85.03855895996094,47.618690490722656
2021-10-19,73.26724243164062,591.8327026367188,79.95276641845703,103.04631042480469,139.41123962402344,105.87571716308594,6.204115390777588,59.44430160522461,84.3014907836914,47.334617614746094
2021-10-20,73.3573989868164,595.2283935546875,79.5575180053711,102.89952087402344,138.25146484375,103.98712158203125,6.221020221710205,60.84355545043945,84.43968963623047,47.58317947387695
2021-10-21,73.70003509521484,584.7391967773438,79.04935455322266,102.18391418457031,137.97154235839844,105.49418640136719,6.1571574211120605,61.133060455322266,84.43968963623047,47.65420913696289
2021-10-22,73.48363494873047,588.9343872070312,79.36931610107422,100.71602630615234,135.07212829589844,105.41787719726562,6.1458868980407715,58.96179962158203,83.84082794189453,48.54195022583008
2021-10-25,73.32134246826172,573.35205078125,78.46588134765625,99.15638732910156,132.51263427734375,102.78529357910156,6.136496067047119,58.141544342041016,82.64310455322266,48.36439895629883
2021-10-26,73.3393783569336,562.1647338867188,78.7293930053711,100.86282348632812,134.93215942382812,107.26832580566406,6.164670467376709,58.59992218017578,83.2419662475586,48.1158332824707
2021-10-27,73.01478576660156,557.5699462890625,78.99288940429688,100.91786193847656,133.8923797607422,106.82955169677734,6.106441974639893,58.79292297363281,82.91950988769531,48.61296844482422
2021-10-28,72.60002136230469,554.7730102539062,78.12710571289062,102.75273895263672,131.9927520751953,108.81352996826172,6.0463361740112305,58.09329605102539,83.38017272949219,47.547672271728516
2021-10-29,71.82461547851562,551.1771240234375,78.89877319335938,101.46832275390625,131.8127899169922,110.68305206298828,5.952419281005859,57.61079406738281,83.14984130859375,49.181129455566406
2021-11-01,72.05903625488281,552.97509765625,79.61398315429688,100.6059341430664,133.39247131347656,109.71012878417969,6.042579174041748,57.369544982910156,83.6104965209961,47.3701286315918
2021-11-02,72.74430084228516,553.3746337890625,78.99288940429688,101.1930923461914,132.87255859375,109.86275482177734,6.057605743408203,57.586669921875,84.76215362548828,46.304832458496094
2021-11-03,73.2311782836914,559.9671020507812,80.19745635986328,99.0829849243164,132.57264709472656,108.71815490722656,6.213507175445557,57.731422424316406,85.26889038085938,47.90277099609375
2021-11-04,74.42134094238281,566.3600463867188,80.51741790771484,100.00041198730469,135.05213928222656,109.30952453613281,6.213507175445557,58.141544342041016,86.2823486328125,48.47093200683594
2021-11-05,75.8459243774414,573.35205078125,82.39954376220703,104.49585723876953,142.9105224609375,114.80361938476562,6.125225067138672,59.15479278564453,88.67780303955078,47.97379684448242
2021-11-08,74.83609008789062,570.9547729492188,80.63033294677734,106.0921859741211,141.73074340820312,114.57469940185547,6.159035682678223,59.347801208496094,88.03288269042969,48.36439895629883
2021-11-09,75.37709045410156,567.1589965820312,81.32672882080078,106.71604919433594,146.82969665527344,115.05162048339844,6.149643898010254,59.66142654418945,88.03288269042969,48.64848327636719
2021-11-10,75.1787109375,569.3566284179688,81.83489990234375,106.60595703125,147.16961669921875,117.32174682617188,6.2247772216796875,59.78205490112305,88.30927276611328,49.110107421875
2021-11-11,74.0787353515625,570.3555297851562,81.72196960449219,105.22979736328125,145.3699951171875,115.96729278564453,6.192845821380615,59.61317443847656,86.2823486328125,49.92683792114258
2021-11-12,73.30330657958984,570.1555786132812,82.8324203491211,102.88117218017578,143.2504425048828,115.52853393554688,6.151522159576416,59.685550689697266,85.36102294921875,49.67826461791992
2021-11-15,73.73609924316406,570.1555786132812,83.3029556274414,104.62429809570312,143.97027587890625,115.08977508544922,6.149643898010254,59.39604568481445,85.59135437011719,49.642757415771484
2021-11-16,73.0869140625,562.9637451171875,83.24649810791016,105.50504302978516,143.89031982421875,113.96424865722656,6.108321189880371,60.72293472290039,84.80821990966797,49.891326904296875
2021-11-17,71.95085906982422,564.5620727539062,82.02310943603516,104.99127197265625,140.4110107421875,110.83566284179688,6.055727481842041,59.950923919677734,84.02510070800781,48.71950149536133
2021-11-18,72.49182891845703,568.157958984375,81.36436462402344,103.90869903564453,141.4508056640625,110.47319793701172,6.027552604675293,60.19218063354492,84.76215362548828,48.68398666381836
2021-11-19,70.54429626464844,564.3621826171875,80.38566589355469,100.36740112304688,135.97195434570312,107.7452392578125,5.817180156707764,59.540802001953125,82.04425048828125,49.0745964050293
2021-11-22,70.12952423095703,563.1636352539062,80.66797637939453,99.79859161376953,135.7919921875,106.4480209350586,5.832207202911377,60.168052673339844,81.44538116455078,49.181129455566406
2021-11-23,70.7967529296875,567.958251953125,79.93395233154297,101.1563949584961,135.83197021484375,107.0394058227539,5.8415985107421875,59.227176666259766,81.72178649902344,49.0745964050293
2021-11-24,70.85084533691406,563.1636352539062,78.7105712890625,102.25731658935547,134.9921417236328,107.28740692138672,5.920487880706787,59.17892837524414,81.629638671875,49.14562225341797
2021-11-25,70.81478118896484,560.5665893554688,78.14592742919922,102.99125671386719,137.51161193847656,107.4590835571289,5.965568542480469,59.90267562866211,82.55097961425781,48.71950149536133
2021-11-26,67.13609313964844,549.1793212890625,74.88984680175781,91.1563491821289,121.534912109375,96.43274688720703,5.695089340209961,57.007667541503906,78.03646850585938,47.19258117675781
2021-11-29,66.61314392089844,549.1793212890625,74.34403228759766,91.45911407470703,122.4747314453125,96.90966796875,5.676305770874023,57.56254196166992,77.8061294555664,47.618690490722656
2021-11-30,65.3508529663086,547.5812377929688,73.98643493652344,90.5691909790039,122.4747314453125,94.2198486328125,5.618077278137207,56.93528747558594,77.02301025390625,47.299110412597656
2021-12-01,65.87379455566406,552.97509765625,74.87101745605469,93.5049819946289,126.11396789550781,98.3594970703125,5.7364115715026855,57.51428985595703,78.681396484375,47.86726379394531
2021-12-02,65.27872467041016,550.9773559570312,75.02159881591797,92.752685546875,125.41412353515625,97.42474365234375,5.66127872467041,57.12828826904297,77.52973937988281,47.93828201293945
2021-12-03,66.03610229492188,550.1782836914062,75.28509521484375,90.4132308959961,124.87423706054688,94.10540008544922,5.618077278137207,56.59754180908203,82.55097961425781,48.47093200683594
2021-12-06,67.47870635986328,558.169189453125,76.50847625732422,94.3490219116211,129.67323303222656,98.98902893066406,5.69133186340332,53.48539733886719,85.68348693847656,47.15707015991211
2021-12-07,67.87864685058594,557.5699462890625,78.10829162597656,97.13803100585938,131.77281188964844,101.16376495361328,5.742046356201172,54.83639907836914,85.913818359375,48.1158332824707
2021-12-08,67.75139617919922,553.574462890625,78.46588134765625,98.40409088134766,128.61346435546875,102.55636596679688,5.719507694244385,54.42627716064453,86.0059585571289,48.186851501464844
2021-12-09,67.11514282226562,549.3792724609375,77.20486450195312,96.7894058227539,124.27435302734375,101.0683822631836,5.668792247772217,54.35390090942383,85.31494903564453,48.47093200683594
2021-12-10,66.38801574707031,549.3792724609375,76.90371704101562,96.86280059814453,122.774658203125,99.02717590332031,5.63310432434082,53.82314682006836,84.76215362548828,47.83175277709961
2021-12-13,65.18822479248047,544.1849975585938,75.86856079101562,94.5692138671875,116.9158706665039,96.03215026855469,5.5297956466674805,52.5927619934082,82.32064056396484,47.476661682128906
2021-12-14,65.24275207519531,538.5914306640625,76.47084045410156,94.03709411621094,117.11582946777344,95.91767120361328,5.62934684753418,52.544517517089844,81.8599624633789,46.80197525024414
2021-12-15,64.4428939819336,530.400634765625,75.9250259399414,91.73432922363281,112.99667358398438,93.9527816772461,5.603050231933594,52.66514205932617,80.93864440917969,47.19258117675781
2021-12-16,65.38818359375,534.5958251953125,76.6402359008789,93.94535064697266,113.35659790039062,95.38352966308594,5.6669135093688965,53.22002410888672,82.59703826904297,47.476661682128906
2021-12-17,65.93353271484375,531.9987182617188,76.47084045410156,95.54169464111328,114.27642059326172,96.56627655029297,5.721385478973389,53.654273986816406,84.43968963623047,47.050540924072266
2021-12-20,65.09733581542969,528.2030639648438,74.6451644897461,93.63343048095703,110.45720672607422,94.8493881225586,5.5842671394348145,52.95464324951172,83.42623901367188,46.3758544921875
2021-12-21,66.40618133544922,538.5914306640625,76.41437530517578,97.98207092285156,114.5363540649414,96.8524398803711,5.742046356201172,54.25740051269531,83.65657043457031,47.97379684448242
2021-12-22,67.4605484008789,543.5857543945312,77.1672134399414,101.90868377685547,118.3155746459961,99.73301696777344,5.881043434143066,54.54690170288086,85.36102294921875,48.897056579589844
2021-12-23,67.98771667480469,543.1862182617188,77.95771026611328,102.60594177246094,120.8150634765625,102.0985336303711,5.884799480438232,55.150028228759766,87.06547546386719,49.71377944946289
2021-12-24,67.69686126708984,544.5845947265625,77.95771026611328,102.45914459228516,121.59490966796875,101.77423095703125,5.884799480438232,55.150028228759766,87.0194091796875,49.71377944946289
2021-12-27,68.22403717041016,544.5845947265625,78.37178039550781,103.06465911865234,121.59490966796875,101.75515747070312,5.967446327209473,55.24653244018555,86.78907012939453,50.49498748779297
2021-12-28,68.66032409667969,544.5845947265625,78.57882690429688,104.05548858642578,121.59490966796875,101.94591522216797,5.973081588745117,55.89791488647461,87.1576156616211,50.35295867919922
2021-12-29,68.3331069946289,548.1804809570312,78.55998992919922,102.86282348632812,121.85484313964844,101.0683822631836,5.920487880706787,54.98115158081055,86.88121795654297,50.672542572021484
2021-12-30,68.44218444824219,548.7799072265625,78.16474914550781,103.3765869140625,123.05460357666016,102.13668060302734,5.916731834411621,55.560157775878906,87.1576156616211,50.77907180786133
2021-12-31,67.98771667480469,549.1793212890625,78.16474914550781,103.0830078125,122.85465240478516,102.68991088867188,5.916731834411621,55.560157775878906,87.5261459350586,50.77907180786133
2022-01-03,68.84210205078125,549.1793212890625,79.87748718261719,106.5509033203125,122.85465240478516,104.99819946289062,5.999377250671387,55.75315856933594,88.95420837402344,51.13417053222656
2022-01-04,70.3509292602539,553.9739379882812,81.1949691772461,109.06468200683594,127.05377960205078,105.70401763916016,6.042579174041748,56.81466293334961,92.40918731689453,51.453758239746094
2022-01-05,70.04188537597656,546.382568359375,82.90771484375,110.45919036865234,128.5134735107422,106.54340362548828,6.0500922203063965,56.30803680419922,93.05411529541016,50.85009002685547
2022-01-06,70.22367095947266,549.1793212890625,81.7031478881836,108.84449768066406,126.25394439697266,106.58155059814453,5.9280009269714355,56.30803680419922,95.91023254394531,51.34722900390625
2022-01-07,70.4599838256836,557.9695434570312,82.13603973388672,107.98210906982422,127.11376190185547,106.98217010498047,5.963689804077148,57.12828826904297,95.17316436767578,51.02763748168945
2022-01-10,71.60523223876953,571.3543090820312,81.85372161865234,108.1839370727539,127.6336669921875,107.44001007080078,6.07451057434082,56.62166213989258,95.8180923461914,49.962345123291016
2022-01-11,71.44163513183594,570.5552368164062,83.15238189697266,108.64266967773438,126.97379302978516,105.76126861572266,6.166549205780029,57.441917419433594,95.35742950439453,50.743560791015625
2022-01-12,71.18714904785156,573.1524047851562,82.9265365600586,108.88119506835938,126.85382080078125,104.80741882324219,6.151522159576416,56.452789306640625,94.34396362304688,51.98640823364258
2022-01-13,71.51434326171875,577.5473022460938,84.05580139160156,107.6151351928711,127.67365264892578,107.17293548583984,6.232290744781494,56.356292724609375,94.52823638916016,52.305992126464844
2022-01-14,73.25947570800781,579.1454467773438,86.5778579711914,107.65182495117188,125.21415710449219,107.5926284790039,6.350625514984131,56.88703536987305,96.37088775634766,51.595794677734375
2022-01-17,74.36837768554688,589.733642578125,86.97309875488281,107.11972045898438,125.8740234375,107.36370849609375,6.365651607513428,57.417789459228516,96.18663024902344,51.702327728271484
2022-01-18,75.6954116821289,598.3239135742188,88.51644134521484,106.31238555908203,125.63407897949219,106.88678741455078,6.408853054046631,56.30803680419922,96.64728546142578,50.814579010009766
2022-01-19,75.80448150634766,597.724609375,88.85523223876953,105.6151351928711,123.11458587646484,107.0012435913086,6.489621162414551,56.57341384887695,95.08102416992188,50.246421813964844
2022-01-20,75.8408432006836,598.3239135742188,88.59172821044922,106.16558837890625,123.69447326660156,107.49723815917969,6.493378162384033,56.549285888671875,95.54169464111328,49.465213775634766
2022-01-21,74.62287139892578,596.3261108398438,87.93299865722656,104.0371322631836,119.69530487060547,106.0092544555664,6.386312961578369,56.33216094970703,94.06757354736328,48.47093200683594
2022-01-24,73.09588623046875,597.324951171875,84.94039916992188,98.47747039794922,112.97667694091797,99.21794891357422,6.20035982131958,55.22240447998047,92.1327896118164,46.73094940185547
2022-01-25,73.85938262939453,602.3193359375,84.959228515625,99.39491271972656,115.81609344482422,100.9920883178711,5.847233772277832,54.28152084350586,94.15969848632812,46.90850067138672
2022-01-26,75.29548645019531,607.3135986328125,86.31436920166016,104.78944396972656,117.65572357177734,104.19696807861328,5.9505414962768555,54.90877914428711,98.30567932128906,48.57746124267578
2022-01-27,74.87738037109375,603.3181762695312,87.57537841796875,104.97293090820312,115.4761734008789,103.03327941894531,6.008769512176514,54.0402717590332,97.38433837890625,48.82603073120117
2022-01-28,74.16840362548828,591.5315551757812,87.55656433105469,102.18391418457031,112.99667358398438,99.14164733886719,6.066997528076172,52.95464324951172,96.09449005126953,47.58317947387695
2022-01-31,74.02298736572266,576.5485229492188,86.67196655273438,102.86282348632812,114.47637939453125,101.69792175292969,5.993742942810059,52.97877502441406,96.4630126953125,47.65420913696289
2022-02-01,75.29548645019531,579.744873046875,87.7259521484375,105.90870666503906,117.19581604003906,105.85664367675781,6.048214435577393,54.76403045654297,99.50340270996094,47.86726379394531
2022-02-02,72.96863555908203,571.55419921875,87.01075744628906,103.94540405273438,115.17622375488281,104.7883529663086,6.014404296875,54.378021240234375,97.93714904785156,47.79624938964844
2022-02-03,72.7141342163086,571.95361328125,87.14249420166016,102.42245483398438,116.63593292236328,102.46098327636719,5.959933280944824,54.474525451660156,97.84501647949219,47.725223541259766
2022-02-04,71.29620361328125,571.95361328125,85.18507385253906,101.21143341064453,113.57655334472656,101.25916290283203,5.772100448608398,53.82314682006836,97.84501647949219,47.7607307434082
2022-02-07,72.02335357666016,575.7493896484375,85.9002914428711,103.61511993408203,115.55615234375,102.57545471191406,5.71199369430542,54.57102584838867,98.30567932128906,47.4056396484375
2022-02-08,73.27766418457031,584.93896484375,88.36588287353516,106.0921859741211,117.19581604003906,103.72004699707031,5.850989818572998,56.06678009033203,100.42472076416016,47.7607307434082
2022-02-09,74.53199005126953,590.9321899414062,89.41987609863281,107.79862976074219,119.83526611328125,107.4590835571289,5.931758403778076,56.33216094970703,101.43819427490234,49.14562225341797
2022-02-10,76.3134765625,596.3261108398438,90.36093139648438,108.53257751464844,122.6946792602539,109.76737213134766,6.089537620544434,57.321292877197266,106.5976333618164,48.82603073120117
2022-02-11,76.47709655761719,601.1207885742188,91.2267074584961,108.71604919433594,120.87506103515625,109.71012878417969,6.1327385902404785,55.70490264892578,107.24256134033203,49.110107421875
2022-02-14,75.49545288085938,599.32275390625,90.41740417480469,106.69769287109375,117.67571258544922,107.0394058227539,6.068875789642334,54.932899475097656,106.22911071777344,50.60152053833008
2022-02-15,76.56797790527344,601.5203247070312,92.16777801513672,108.62432098388672,120.29517364501953,109.69105529785156,6.36752986907959,55.72903060913086,109.08521270751953,50.992130279541016
2022-02-16,76.85884094238281,597.5247192382812,92.39363861083984,108.1472396850586,121.69488525390625,110.64488983154297,6.373164653778076,55.70490264892578,108.34815216064453,50.77907180786133
2022-02-17,76.67704772949219,593.7290649414062,91.094970703125,106.71604919433594,117.99564361572266,109.08060455322266,6.241682052612305,55.4154052734375,107.7032241821289,50.35295867919922
2022-02-18,76.74977111816406,596.7256469726562,90.75618743896484,105.50504302978516,117.03584289550781,108.20307922363281,6.198480606079102,54.61927795410156,105.95269775390625,50.388465881347656
2022-02-21,75.51362609863281,591.1319580078125,88.30941009521484,102.88117218017578,114.69633483886719,105.87571716308594,6.023796558380127,52.3997688293457,103.74151611328125,49.99785614013672
2022-02-22,75.877197265625,592.33056640625,90.24800872802734,104.66099548339844,117.99564361572266,107.95507049560547,6.025674343109131,51.6036376953125,106.13695526123047,50.814579010009766
2022-02-23,76.5861587524414,600.1217651367188,91.07614135742188,104.53256225585938,117.67571258544922,107.15385437011719,6.010647773742676,51.09701156616211,105.67630004882812,50.95662307739258
2022-02-24,80.3127670288086,631.0868530273438,94.15342712402344,99.9270248413086,102.35887145996094,103.1095962524414,6.271734714508057,54.957027435302734,110.09867858886719,50.60152053833008
2022-02-25,83.60307312011719,652.2628784179688,100.74087524414062,106.34907531738281,106.05811309814453,109.2522964477539,6.527187824249268,58.45517349243164,114.70531463623047,52.199466705322266
2022-02-28,93.5285415649414,718.7877197265625,125.72611236572266,105.41329956054688,103.47864532470703,109.4049072265625,7.513309955596924,69.02198791503906,123.73432922363281,55.07575988769531
2022-03-01,98.34585571289062,745.3577270507812,147.37059020996094,95.57838439941406,91.98101043701172,98.91271209716797,7.622252941131592,70.46947479248047,120.69393920898438,58.20062255859375
2022-03-02,93.5285415649414,723.1827392578125,142.85348510742188,100.62428283691406,98.20972442626953,103.26221466064453,7.507674694061279,73.46099853515625,119.77262115478516,59.834083557128906
2022-03-03,97.0733642578125,693.2166748046875,139.9361572265625,96.34902954101562,94.98039245605469,98.96996307373047,7.498283386230469,73.46099853515625,120.69393920898438,58.378177642822266
2022-03-04,97.845947265625,690.8192749023438,139.9361572265625,89.08294677734375,90.21138763427734,92.52202606201172,7.098199844360352,73.09912872314453,119.77262115478516,58.555728912353516
2022-03-07,104.34478759765625,739.9637451171875,146.14718627929688,86.2297134399414,88.1917953491211,90.9100341796875,7.545241832733154,77.34515380859375,120.78609466552734,56.70921325683594
2022-03-08,105.16281127929688,753.5485229492188,142.10060119628906,86.35816192626953,91.36114501953125,91.0435791015625,7.537728309631348,77.56226348876953,122.35232543945312,58.236141204833984
2022-03-09,100.70907592773438,721.7843627929688,135.37200927734375,94.62425231933594,94.36051940917969,99.6567153930664,7.577173233032227,74.66725158691406,115.53450775146484,55.50188446044922
2022-03-10,101.66344451904297,733.3712158203125,142.99462890625,91.55084228515625,91.7110824584961,96.58537292480469,7.689872741699219,80.21601867675781,119.77262115478516,57.6679801940918
2022-03-11,101.8452377319336,732.1726684570312,146.0060272216797,95.00956726074219,93.49071502685547,99.33240509033203,8.57644271850586,85.35468292236328,121.70740509033203,57.810020446777344
2022-03-14,99.663818359375,722.7832641601562,142.47703552246094,95.92700958251953,93.76065063476562,100.47701263427734,8.437447547912598,84.99280548095703,121.98379516601562,58.59123992919922
2022-03-15,101.29987335205078,731.5733032226562,145.44140625,94.60590362548828,92.25096130371094,98.41673278808594,8.572687149047852,86.87456512451172,123.18153381347656,57.95206069946289
2022-03-16,100.11827850341797,705.203125,147.0882568359375,98.00041961669922,94.36051940917969,103.0523681640625,8.1556978225708,82.7732925415039,119.40409088134766,58.307159423828125
2022-03-17,101.79978942871094,722.58349609375,153.3933868408203,98.3857421875,94.16056060791016,101.90776062011719,8.279667854309082,84.43792724609375,120.87821197509766,59.12388610839844
2022-03-18,102.07247924804688,721.984130859375,159.5102996826172,97.37655639648438,93.16077423095703,101.62162017822266,8.227075576782227,84.46205139160156,118.8512954711914,59.01735305786133
2022-03-21,104.57200622558594,730.3746948242188,174.04974365234375,96.62425994873047,93.0807876586914,98.77918243408203,8.469378471374512,88.85281372070312,123.6421890258789,60.86386489868164
2022-03-22,105.11737060546875,735.9683837890625,167.60345458984375,99.32151794433594,94.77043914794922,100.0954818725586,8.503188133239746,86.53681945800781,125.48484802246094,61.60956954956055
2022-03-23,105.43550109863281,734.1703491210938,169.34442138671875,98.3857421875,92.04100036621094,99.50410461425781,8.728586196899414,85.16168212890625,125.3927230834961,62.248748779296875
2022-03-24,107.25334167480469,747.9547729492188,184.40142822265625,98.53253173828125,92.28096771240234,99.73301696777344,8.753005027770996,85.88544464111328,127.41963958740234,62.46181106567383
2022-03-25,109.34388732910156,754.1478271484375,190.09486389160156,98.66097259521484,110.11727905273438,99.63763427734375,8.884489059448242,88.15320587158203,131.9341278076172,63.45608139038086
2022-03-28,107.2078857421875,730.774169921875,182.8486785888672,98.8077621459961,98.35970306396484,98.83641815185547,8.627157211303711,84.79979705810547,130.8285369873047,61.8226318359375
2022-03-29,101.8452377319336,712.1951904296875,175.037841796875,104.18392944335938,102.35887145996094,105.0363540649414,8.424300193786621,82.21842193603516,130.36790466308594,60.721824645996094
2022-03-30,103.8448715209961,729.7752075195312,179.79022216796875,102.16556549072266,103.03873443603516,103.0523681640625,8.640305519104004,82.04954528808594,131.5656280517578,62.42628860473633
2022-03-31,103.57218933105469,716.59033203125,180.77833557128906,101.2481460571289,101.07913970947266,102.30838012695312,8.471258163452148,82.45966339111328,132.39480590820312,62.319766998291016
2022-04-01,102.34514617919922,712.9942016601562,181.484130859375,101.85364532470703,99.34949493408203,102.04130554199219,8.533242225646973,82.17017364501953,132.118408203125,62.46181106567383
2022-04-04,105.43550109863281,726.379150390625,192.82394409179688,101.00959777832031,100.33929443359375,101.69792175292969,8.762397766113281,83.78654479980469,134.6060028076172,63.74016571044922
2022-04-05,105.98085021972656,739.9637451171875,196.11766052246094,96.55086517333984,98.6396484375,98.41673278808594,8.753005027770996,83.18341064453125,136.264404296875,64.48587799072266
2022-04-06,106.75343322753906,733.9705810546875,190.09486389160156,95.22976684570312,96.44010162353516,96.43274688720703,8.653453826904297,83.66592407226562,135.61944580078125,63.8822021484375
2022-04-07,107.25334167480469,733.9705810546875,184.58963012695312,93.56002807617188,94.73045349121094,96.0702896118164,8.486284255981445,82.4423828125,134.05320739746094,64.09526824951172
2022-04-08,109.02574920654297,742.7606201171875,182.80162048339844,94.86279296875,94.26054382324219,97.00505065917969,8.514457702636719,85.89276885986328,134.51385498046875,64.98300170898438
2022-04-11,111.7979736328125,764.1364135742188,190.09486389160156,95.8169174194336,94.98039245605469,97.29120635986328,8.910785675048828,89.78363800048828,142.62155151367188,65.76422882080078
2022-04-12,113.66128540039062,770.72900390625,195.74122619628906,96.01875305175781,89.77146911621094,96.8524398803711,9.154967308044434,91.22742462158203,143.72715759277344,67.04257202148438
2022-04-13,114.34297180175781,759.3419189453125,197.90570068359375,95.74352264404297,90.01142120361328,97.31027221679688,9.31650447845459,97.05148315429688,144.64846801757812,69.13765716552734
2022-04-14,116.79708099365234,764.5360717773438,197.99978637695312,97.35821533203125,93.41071319580078,99.08440399169922,9.513729095458984,98.73998260498047,147.22817993164062,69.13765716552734
2022-04-19,117.25152587890625,759.1422119140625,202.3286895751953,96.98596954345703,95.48029327392578,98.05426788330078,9.37661075592041,98.05480194091797,146.76751708984375,71.87191772460938
2022-04-20,115.93360137939453,763.7369384765625,204.2108154296875,98.47491455078125,93.40072631835938,100.28623962402344,9.53720760345459,96.65996551513672,145.6619415283203,72.4045639038086
2022-04-21,113.79761505126953,740.5105590820312,204.68136596679688,100.98749542236328,96.58006286621094,104.40681457519531,9.494943618774414,93.13615417480469,146.39898681640625,72.72415924072266
2022-04-22,113.16138458251953,744.3069458007812,204.30491638183594,97.39543151855469,91.55111694335938,102.02222442626953,9.485553741455078,95.02041625976562,145.56979370117188,71.90743255615234
2022-04-25,112.20700073242188,731.5189208984375,202.3286895751953,95.85065460205078,86.81208038330078,99.25609588623047,9.396332740783691,94.99593353271484,144.92486572265625,71.76538848876953
2022-04-26,112.0706558227539,726.3237915039062,202.51690673828125,94.95729064941406,84.0926513671875,100.34347534179688,9.452682495117188,96.65996551513672,146.1226043701172,71.48130798339844
2022-04-27,111.70709228515625,724.32568359375,202.3286895751953,95.03173828125,82.36299896240234,99.61856842041016,9.290207862854004,100.20823669433594,145.2933807373047,71.37478637695312
2022-04-28,110.61637878417969,730.9194946289062,201.76405334472656,96.16705322265625,83.29280090332031,100.59147644042969,9.192533493041992,101.5296630859375,146.67539978027344,71.37478637695312
2022-04-29,110.88904571533203,739.3116455078125,202.14047241210938,98.21435546875,83.27281188964844,98.41673278808594,9.22634506225586,102.48401641845703,147.59671020507812,72.08497619628906
2022-05-02,109.79834747314453,739.3116455078125,199.1290740966797,96.76263427734375,83.27281188964844,95.00199890136719,9.046025276184082,102.0435562133789,147.1360626220703,71.48130798339844
2022-05-03,113.4794921875,765.8869018554688,209.2925567626953,99.14494323730469,84.18262481689453,95.84136962890625,9.363462448120117,104.00122833251953,152.20335388183594,73.50537872314453
2022-05-04,111.61620330810547,764.8878173828125,200.54067993164062,95.45980834960938,83.20282745361328,94.12446594238281,9.250762939453125,102.72872924804688,147.78097534179688,74.28659057617188
2022-05-05,111.34351348876953,759.2930908203125,198.56443786621094,101.45280456542969,81.72312927246094,92.62694549560547,9.171873092651367,102.948974609375,147.8731231689453,73.18578338623047
2022-05-06,110.02556610107422,755.2968139648438,195.5530242919922,100.0383071899414,80.2934341430664,91.01496124267578,9.200047492980957,102.45956420898438,146.49111938476562,71.1617202758789
2022-05-09,107.43512725830078,743.5078125,176.0259552001953,96.52068328857422,78.48380279541016,88.0199203491211,9.327775001525879,100.47740936279297,143.3585968017578,70.41600799560547
2022-05-10,106.16262817382812,745.1063232421875,171.17947387695312,97.339599609375,78.23385620117188,88.38239288330078,9.047904014587402,97.81008911132812,141.97662353515625,57.13533401489258
2022-05-11,106.98065948486328,744.1072387695312,179.08673095703125,100.01969909667969,80.4833984375,91.43465423583984,9.160603523254395,100.96682739257812,143.635009765625,55.537391662597656
2022-05-12,103.8448715209961,730.7196044921875,171.89833068847656,97.15348815917969,81.36320495605469,89.44113159179688,8.955864906311035,98.71551513671875,141.51596069335938,59.73769760131836
2022-05-13,103.57218933105469,740.5105590820312,176.25927734375,98.9774398803711,83.83268737792969,92.07372283935547,8.997188568115234,101.23601531982422,143.45074462890625,63.060611724853516
2022-05-16,105.48094940185547,752.89892578125,180.38063049316406,98.49352264404297,80.66336059570312,92.02603149414062,9.171873092651367,103.04685974121094,143.81927490234375,62.87393569946289
2022-05-17,106.73831176757812,757.2948608398438,182.7288360595703,100.76416778564453,81.1932373046875,94.0672378540039,9.263911247253418,102.23931121826172,144.92486572265625,62.87393569946289
2022-05-18,105.90623474121094,754.4974975585938,182.48919677734375,100.44776916503906,84.76250457763672,93.3900146484375,9.254520416259766,101.82331085205078,145.01698303222656,64.1806869506836
2022-05-19,104.75055694580078,747.1044311523438,181.38699340820312,99.01466369628906,83.01286315917969,91.45372772216797,9.250762939453125,101.50518798828125,142.62155151367188,63.545982360839844
2022-05-20,105.21281433105469,747.9036254882812,183.8310546875,99.49856567382812,83.29280090332031,91.57772827148438,9.260154724121094,99.91458892822266,142.43728637695312,63.284629821777344
2022-05-23,106.96945190429688,762.290283203125,180.4764862060547,99.74051666259766,83.12284088134766,91.69218444824219,9.297720909118652,101.70096588134766,142.89613342285156,64.2927017211914
2022-05-24,107.29304504394531,768.684326171875,184.40611267089844,95.60869598388672,80.0634765625,87.83869171142578,9.419811248779297,102.53296661376953,142.3342742919922,64.4420394897461
2022-05-25,106.92322540283203,764.0885620117188,185.31666564941406,97.48849487304688,83.50276184082031,90.34728240966797,9.452682495117188,105.02899932861328,144.3943634033203,64.74073028564453
2022-05-26,108.58739471435547,770.2828369140625,186.37095642089844,101.49002838134766,86.42215728759766,94.02909088134766,9.584165573120117,105.02899932861328,147.1099853515625,64.74073028564453
2022-05-27,108.77230834960938,766.0867919921875,185.8917236328125,104.0956802368164,86.89207458496094,94.94475555419922,9.654603958129883,103.75651550292969,147.95272827148438,66.15949249267578
2022-05-30,107.61663055419922,760.8916015625,188.81500244140625,104.72846984863281,88.97164154052734,95.29769134521484,9.62642765045166,104.27040100097656,148.23365783691406,64.21802520751953
2022-05-31,105.02792358398438,755.2968139648438,180.4764862060547,101.22946166992188,86.672119140625,92.26840209960938,9.410420417785645,101.55413055419922,147.6717987060547,62.35122299194336
2022-06-01,105.7213134765625,777.4762573242188,184.16650390625,100.74555206298828,88.7116928100586,92.6326904296875,9.551295280456543,105.05345916748047,150.29376220703125,62.276554107666016
2022-06-02,105.67509460449219,777.4762573242188,189.72552490234375,101.39696502685547,88.7116928100586,94.02272033691406,9.593557357788086,106.66854095458984,152.8220672607422,63.6953239440918
2022-06-03,105.62886810302734,777.4762573242188,199.8372039794922,101.13639831542969,88.7116928100586,92.21089935302734,9.781391143798828,107.45160675048828,153.1029815673828,63.13528060913086
2022-06-06,106.3222885131836,793.4612426757812,197.72862243652344,103.61177062988281,92.90082550048828,94.44449615478516,9.729735374450684,107.45160675048828,154.13304138183594,63.13528060913086
2022-06-07,106.96945190429688,793.0616455078125,203.2876434326172,102.60673522949219,91.8410415649414,93.65841674804688,10.049050331115723,108.87092590332031,154.8821563720703,64.47937774658203
2022-06-08,105.49018859863281,791.8627319335938,207.6964874267578,100.8013916015625,92.37093353271484,94.02272033691406,10.086617469787598,108.06339263916016,152.8220672607422,62.948604583740234
2022-06-09,104.61187744140625,776.6768798828125,199.26211547851562,98.08406829833984,91.67108154296875,91.13722229003906,9.83304500579834,103.92781066894531,149.8255615234375,63.060611724853516
2022-06-10,103.22506713867188,770.4826049804688,194.5657196044922,94.9200668334961,87.97183227539062,87.87786865234375,9.424508094787598,102.6797866821289,146.07992553710938,60.63376235961914
2022-06-13,105.39773559570312,764.2883911132812,194.5657196044922,90.75102233886719,86.1522216796875,84.68562316894531,9.04978084564209,97.3206787109375,145.70533752441406,60.14839553833008
2022-06-14,104.93547058105469,774.079345703125,198.1119842529297,89.67155456542969,87.90185546875,85.03073120117188,9.072321891784668,96.97807312011719,145.2371368408203,61.82851791381836
2022-06-15,105.25904846191406,762.8895874023438,201.46656799316406,89.75529479980469,90.6712875366211,87.90662384033203,9.230100631713867,98.88680267333984,145.61170959472656,61.0817985534668
2022-06-16,103.96467590332031,756.895263671875,197.34521484375,86.54476928710938,87.07202911376953,86.02770233154297,9.079833984375,95.70559692382812,143.1770477294922,60.185733795166016
2022-06-17,103.73355865478516,753.6983032226562,202.52085876464844,87.5870361328125,87.69190216064453,87.36978912353516,9.11176586151123,93.72344970703125,142.98974609375,62.05253601074219
2022-06-20,106.59962463378906,757.2948608398438,208.94248962402344,90.24851989746094,91.48111724853516,92.34510040283203,9.27947998046875,97.02701568603516,142.52154541015625,62.6499137878418
2022-06-21,106.78455352783203,761.2911987304688,214.69320678710938,89.4109878540039,90.81126403808594,91.35771179199219,9.605376243591309,98.91128540039062,142.7088165283203,63.097938537597656
2022-06-22,104.1958236694336,759.2930908203125,208.55911254882812,86.5075454711914,86.09223175048828,90.05396270751953,9.224209785461426,96.92913055419922,138.77590942382812,61.04446029663086
2022-06-23,103.17884063720703,763.2893676757812,196.86599731445312,84.60913848876953,81.8331069946289,88.57767486572266,9.07174301147461,94.16392517089844,134.37478637695312,59.96171188354492
2022-06-24,104.98170471191406,782.2716674804688,197.82444763183594,86.07947540283203,80.92330169677734,91.07011413574219,9.138447761535645,94.16392517089844,137.6522216796875,60.55908966064453
2022-06-27,106.22981262207031,797.857177734375,205.8754425048828,86.74019622802734,81.7931137084961,89.02822875976562,9.052685737609863,96.3663101196289,137.83949279785156,62.57524108886719
2022-06-28,108.03268432617188,825.8311767578125,212.96798706054688,88.35011291503906,87.12202453613281,92.47930908203125,9.386205673217773,98.76445770263672,141.6787872314453,64.66606140136719
2022-06-29,107.24681854248047,826.230712890625,213.63888549804688,85.8095932006836,84.18262481689453,89.57464599609375,9.283289909362793,99.35175323486328,138.49501037597656,63.02326965332031
2022-06-30,108.21758270263672,829.427734375,211.1469268798828,86.0329360961914,82.93287658691406,90.31278991699219,9.222305297851562,103.4139175415039,139.43141174316406,65.89815521240234
2022-07-01,111.08364868164062,837.6201782226562,203.76686096191406,88.62928771972656,86.0622329711914,91.16597747802734,9.397639274597168,101.79884338378906,141.116943359375,67.01822662353516
2022-07-04,109.28080749511719,835.2223510742188,201.37074279785156,86.91700744628906,86.52214813232422,90.97425079345703,9.336654663085938,99.37623596191406,139.7123260498047,67.46625518798828
2022-07-05,103.27127838134766,803.8515014648438,180.42855834960938,83.2132568359375,79.10367584228516,88.00250244140625,8.639121055603027,95.33853912353516,128.10086059570312,63.284629821777344
2022-07-06,107.20059204101562,817.0392456054688,178.84710693359375,86.2283706665039,82.10305786132812,91.38646697998047,8.816362380981445,95.58324432373047,129.50546264648438,62.6499137878418
2022-07-07,108.95722198486328,815.640625,186.4188690185547,88.108154296875,85.2424087524414,94.63623046875,9.106048583984375,99.76776885986328,134.09385681152344,65.71146392822266
2022-07-08,110.85252380371094,809.0466918945312,186.89810180664062,89.3737564086914,87.11202239990234,95.3072738647461,9.481496810913086,101.0157699584961,136.99673461914062,65.56211853027344
2022-07-11,111.49971008300781,811.2446899414062,181.4349365234375,89.99725341796875,86.72210693359375,94.31987762451172,9.533906936645508,97.6387939453125,136.43490600585938,64.96475219726562
2022-07-12,113.9959716796875,819.6369018554688,183.01637268066406,93.48695373535156,88.76168060302734,97.12866973876953,9.838839530944824,101.4807357788086,139.89959716796875,65.97282409667969
2022-07-13,112.47048950195312,808.8469848632812,178.7512664794922,94.25004577636719,88.56172180175781,96.84109497070312,9.562494277954102,99.8901138305664,134.46844482421875,63.39663314819336
2022-07-14,111.1761245727539,796.2586669921875,171.99417114257812,92.70527648925781,85.3023910522461,96.55349731445312,9.201339721679688,98.64209747314453,130.91006469726562,61.38048553466797
2022-07-15,113.34879302978516,791.8627319335938,179.23046875,96.52068328857422,89.77146911621094,99.64029693603516,9.418604850769043,100.7955322265625,135.4048614501953,62.23921585083008
2022-07-18,113.62615966796875,809.24658203125,181.53077697753906,97.09764099121094,92.17097473144531,99.96622467041016,9.491026878356934,101.2604751586914,133.7193145751953,62.57524108886719
2022-07-19,115.10542297363281,810.4454345703125,184.59780883789062,98.49352264404297,93.83063507080078,99.9087142944336,9.867427825927734,101.74989318847656,135.21755981445312,62.50056457519531
2022-07-20,112.9789810180664,802.452880859375,181.2432403564453,97.39543151855469,92.0110092163086,99.39105224609375,9.681609153747559,101.60308074951172,132.78289794921875,62.31388854980469
2022-07-21,112.5167007446289,782.471435546875,173.0484619140625,97.30237579345703,92.33094024658203,98.77751922607422,9.302349090576172,96.65996551513672,130.44187927246094,62.201881408691406
2022-07-22,110.80630493164062,779.2744750976562,173.95899963378906,98.25157928466797,92.58088684082031,99.21849822998047,9.340465545654297,100.25718688964844,132.314697265625,63.39663314819336
2022-07-25,109.5119400024414,780.07373046875,172.04209899902344,98.49352264404297,91.93102264404297,98.35572052001953,9.329030990600586,91.52107238769531,131.0973663330078,62.948604583740234
2022-07-26,111.68461608886719,786.2679443359375,170.60443115234375,97.71183776855469,87.67191314697266,99.16098022460938,9.336654663085938,92.13284301757812,129.78640747070312,63.956668853759766
2022-07-27,112.74783325195312,781.2725830078125,175.97177124023438,98.79132080078125,87.35197448730469,99.64029693603516,9.355711936950684,89.8570556640625,130.2545928955078,64.66606140136719
2022-07-28,114.68938446044922,778.6749877929688,176.1155242919922,95.88788604736328,86.42215728759766,101.05906677246094,9.426227569580078,90.64012145996094,130.91006469726562,64.8154067993164
2022-07-29,112.193115234375,769.2838134765625,171.4191131591797,97.60015869140625,89.25157928466797,102.5545425415039,8.705824851989746,89.71023559570312,130.629150390625,66.27151489257812
2022-08-01,115.66014099121094,786.2679443359375,179.90139770507812,95.36675262451172,89.02162170410156,102.49701690673828,8.835421562194824,93.06273651123047,134.74935913085938,67.50360107421875
2022-08-02,116.7233657836914,801.453857421875,185.31666564941406,95.60869598388672,87.78189086914062,102.70792388916016,8.896407127380371,93.13615417480469,136.52853393554688,69.18373107910156
2022-08-03,115.47522735595703,796.058837890625,187.3773193359375,96.87430572509766,90.7712631225586,103.3022689819336,8.831609725952148,91.7413101196289,135.7794189453125,68.06364440917969
2022-08-04,114.64315032958984,793.0616455078125,181.29115295410156,96.6323471069336,82.63294219970703,102.8804702758789,8.589569091796875,91.22742462158203,133.15745544433594,66.83154296875
2022-08-05,114.18087005615234,791.463134765625,159.9176788330078,97.5071029663086,82.98287200927734,101.6725845336914,8.557169914245605,89.90599060058594,134.56207275390625,66.71953582763672
2022-08-08,113.85728454589844,790.8635864257812,160.92404174804688,98.69825744628906,86.6821060180664,102.8996353149414,8.570510864257812,90.6890640258789,135.59213256835938,65.3381118774414
2022-08-09,115.05918884277344,798.0569458007812,158.04869079589844,99.0518798828125,84.64253997802734,103.51317596435547,8.604816436767578,91.44766235351562,136.90309143066406,65.2260971069336
2022-08-10,113.53369903564453,788.8655395507812,156.51519775390625,100.05692291259766,85.5323486328125,105.27704620361328,8.566699028015137,90.73800659179688,135.12391662597656,66.45818328857422
2022-08-11,114.1346435546875,789.664794921875,160.44480895996094,100.35470581054688,84.74251556396484,105.35374450683594,8.631497383117676,91.27635955810547,136.43490600585938,66.15949249267578
2022-08-12,111.86951446533203,777.2762451171875,160.109375,100.89445495605469,84.99246215820312,105.20036315917969,8.50571346282959,90.56671142578125,132.4083251953125,63.545982360839844
2022-08-15,112.28556060791016,781.07275390625,162.88888549804688,101.24807739257812,85.73230743408203,107.34770202636719,8.50571346282959,91.34978485107422,134.37478637695312,64.51671600341797
2022-08-16,115.15165710449219,798.6564331054688,168.92713928222656,102.86730194091797,85.88227081298828,107.80785369873047,8.661991119384766,92.98932647705078,137.6522216796875,67.39159393310547
2022-08-17,116.26109313964844,798.8562622070312,167.2498321533203,100.63388061523438,83.4827651977539,107.00260162353516,8.54764175415039,93.13615417480469,137.0903778076172,66.64486694335938
2022-08-18,115.24410247802734,797.45751953125,163.75149536132812,101.1177978515625,83.58274841308594,106.96424865722656,8.458066940307617,92.8669662475586,138.77590942382812,67.61561584472656
2022-08-19,115.66014099121094,802.2531127929688,161.16366577148438,98.86576080322266,81.24323272705078,105.37291717529297,8.284636497497559,90.64012145996094,137.9331512451172,65.63679504394531
2022-08-22,115.75260162353516,807.6480102539062,156.8985595703125,96.0739974975586,80.38340759277344,103.37895965576172,8.191250801086426,90.98271179199219,134.00022888183594,65.3381118774414
2022-08-23,115.15165710449219,796.2586669921875,158.04869079589844,95.73897552490234,80.11347198486328,102.59288787841797,8.240802764892578,91.15401458740234,133.3447265625,65.2260971069336
2022-08-24,114.36577606201172,806.4491577148438,155.84425354003906,96.1484375,80.2934341430664,102.95716857910156,8.208403587341309,90.7624740600586,132.6892547607422,65.5247802734375
2022-08-25,115.42900848388672,809.0466918945312,157.76116943359375,96.68818664550781,80.51337432861328,102.66957092285156,8.223649978637695,91.27635955810547,132.4083251953125,65.86080169677734
2022-08-26,114.55068969726562,812.2437744140625,159.9176788330078,94.84561920166016,78.46381378173828,100.46471405029297,8.086429595947266,90.78694152832031,131.65921020507812,65.03941345214844
2022-08-29,112.70161437988281,812.2437744140625,155.988037109375,93.41252136230469,78.46381378173828,99.12264251708984,7.880601406097412,88.51115417480469,130.1609344482422,64.5540542602539
2022-08-30,112.37802124023438,789.2651977539062,153.83151245117188,93.6358642578125,78.1838607788086,98.89256286621094,7.8729777336120605,87.77703857421875,127.91358184814453,63.47129821777344
2022-08-31,111.08364868164062,775.4779663085938,151.8187713623047,91.09534454345703,76.98411560058594,97.68468475341797,7.781498432159424,87.31208038330078,128.28811645507812,63.47129821777344
2022-09-01,108.63363647460938,760.2920532226562,143.00099182128906,88.3780288696289,71.29528045654297,95.35520935058594,7.520399570465088,83.66592407226562,125.1043472290039,62.948604583740234
2022-09-02,111.12989807128906,763.6889038085938,145.5888214111328,92.09107208251953,75.05451202392578,98.12564849853516,7.51849365234375,84.42450714111328,127.44536590576172,62.87393569946289
2022-09-05,113.71859741210938,786.6676025390625,150.09356689453125,90.1368408203125,74.10470581054688,96.59184265136719,7.470848083496094,88.56008911132812,128.47540283203125,64.62872314453125
2022-09-06,113.71859741210938,782.471435546875,149.90185546875,90.35086822509766,76.69416809082031,96.95612335205078,7.436542510986328,88.53562927246094,127.81993103027344,63.1726188659668
2022-09-07,112.23934173583984,778.0755615234375,146.49935913085938,89.3086166381836,76.73416900634766,98.39407348632812,7.345063209533691,86.60242462158203,125.4789047241211,60.63376235961914
2022-09-08,109.74307250976562,786.6676025390625,147.7932586669922,89.59709167480469,78.26384735107422,98.3749008178711,7.346968650817871,88.5845718383789,125.19798278808594,61.00712585449219
2022-09-09,107.70909118652344,783.6704711914062,147.93702697753906,89.33653259277344,78.42381286621094,99.50608825683594,7.299323081970215,86.89608001708984,124.07428741455078,61.1191291809082
2022-09-12,110.02044677734375,789.8646240234375,151.0040740966797,92.77041625976562,80.65335845947266,101.53838348388672,7.4860944747924805,86.40665435791016,124.07428741455078,61.79117965698242
2022-09-13,110.43648529052734,793.2614135742188,146.11595153808594,90.73241424560547,78.25384521484375,99.71698760986328,7.3927083015441895,85.89276885986328,124.16793823242188,62.127197265625
2022-09-14,108.21758270263672,770.6824951171875,141.4674835205078,88.8526382446289,75.14450073242188,98.72001647949219,7.339345932006836,83.39674377441406,121.1714096069336,59.70036315917969
2022-09-15,106.73831176757812,774.079345703125,138.68797302246094,88.3128890991211,76.8441390991211,97.47378540039062,7.341251373291016,84.0329818725586,120.32864379882812,59.10298538208008
2022-09-16,105.12035369873047,764.0885620117188,138.40042114257812,85.37222290039062,75.75436401367188,94.45408630371094,7.293605327606201,82.34449005126953,121.07776641845703,57.72154998779297
2022-09-19,106.09114074707031,764.0885620117188,143.48023986816406,86.95423126220703,75.75436401367188,95.01968383789062,7.373650550842285,83.47016143798828,121.63961791992188,58.95363998413086
2022-09-20,104.61187744140625,771.0820922851562,144.15113830566406,85.58625793457031,75.80435180664062,92.52723693847656,7.362215042114258,82.51579284667969,117.89398193359375,58.7296257019043
2022-09-21,108.77230834960938,804.2511596679688,157.6173858642578,86.88908386230469,74.3046646118164,93.3228988647461,7.770063400268555,87.14078521728516,121.73326873779297,60.5964241027832
2022-09-22,107.24681854248047,809.24658203125,154.7899627685547,85.93058013916016,73.25487518310547,91.74115753173828,7.775779724121094,86.96949768066406,121.35870361328125,59.51367950439453
2022-09-23,101.37598419189453,795.059814453125,148.56002807617188,85.59556579589844,71.86515808105469,88.72147369384766,7.308852195739746,83.59251403808594,118.17489624023438,57.34819030761719
2022-09-26,103.73355865478516,812.3866577148438,155.2212677001953,85.13027954101562,72.6550064086914,89.04740142822266,7.472753524780273,83.00520324707031,117.51941680908203,58.094913482666016
2022-09-27,102.39298248291016,800.854248046875,152.87307739257812,83.56688690185547,69.21571350097656,87.91621398925781,7.383179664611816,82.6381607055664,112.181884765625,58.95363998413086
2022-09-28,102.1618423461914,808.0476684570312,153.68775939941406,83.09228515625,66.68623352050781,88.68312072753906,6.984861373901367,82.56472778320312,109.46629333496094,58.91630554199219
2022-09-29,104.98170471191406,824.2326049804688,155.3650360107422,81.97557830810547,68.24591827392578,89.16244506835938,7.051565647125244,83.39674377441406,109.55992889404297,60.67110061645508
2022-09-30,104.47319030761719,789.0652465820312,151.6270751953125,82.72004699707031,69.57563781738281,90.12107849121094,6.929592609405518,85.06076049804688,109.55992889404297,61.97786331176758
2022-10-03,105.49018859863281,798.2567749023438,154.7899627685547,83.01783752441406,69.75559997558594,90.29362487792969,7.040130615234375,86.13748168945312,111.80731964111328,62.799251556396484
2022-10-04,105.76753997802734,813.8422241210938,147.8891143798828,88.12677001953125,74.45462799072266,95.0484390258789,7.150668621063232,86.03959655761719,115.92752075195312,62.72457504272461
2022-10-05,105.8600082397461,820.6360473632812,146.93064880371094,86.87047576904297,73.90473937988281,95.7003173828125,7.034412860870361,86.38218688964844,115.45932006835938,62.35122299194336
2022-10-06,104.7967758178711,817.8385620117188,144.72621154785156,86.675048828125,71.27529907226562,95.33602905273438,6.87241792678833,85.96617889404297,114.71018981933594,63.13528060913086
2022-10-07,103.87223815917969,845.4129028320312,148.1287384033203,85.92127227783203,70.58543395996094,95.4702377319336,7.085870265960693,86.18643188476562,117.05121612548828,63.91934585571289
2022-10-10,105.02792358398438,836.8208618164062,141.3716278076172,86.5540771484375,68.87578582763672,95.0292739868164,7.146856784820557,87.26314544677734,118.92403411865234,63.80732727050781
2022-10-11,104.33451843261719,833.4240112304688,141.56332397460938,87.41022491455078,69.47565460205078,94.73209381103516,7.019166469573975,87.50785827636719,119.76679992675781,63.844661712646484
2022-10-12,102.39298248291016,821.8348388671875,141.94671630859375,86.77741241455078,66.22633361816406,93.29415130615234,6.687552452087402,89.53892517089844,118.92403411865234,62.612579345703125
2022-10-13,104.70433807373047,818.8375854492188,144.3907470703125,90.17405700683594,69.99555206298828,97.81889343261719,6.843830585479736,91.30084228515625,122.38875579833984,63.2099609375
2022-10-14,102.43920135498047,790.0643920898438,139.50267028808594,89.88558197021484,70.0355453491211,98.0106201171875,6.813337326049805,90.49329376220703,121.45233917236328,62.164546966552734
2022-10-17,105.44395446777344,789.664794921875,145.7325897216797,92.22135162353516,71.55523681640625,101.19327545166016,7.017260551452637,91.8636703491211,127.44536590576172,63.65797805786133
2022-10-18,106.04491424560547,798.0569458007812,146.59519958496094,93.28223419189453,74.26466369628906,102.42032623291016,7.00391960144043,91.93708038330078,128.943603515625,65.41278076171875
2022-10-19,107.24681854248047,808.8469848632812,144.10324096679688,93.87779998779297,73.98472595214844,101.65342712402344,7.0973052978515625,92.4754409790039,132.6892547607422,66.71953582763672
2022-10-20,109.14212799072266,808.7509765625,152.34591674804688,94.3244857788086,73.1349105834961,103.05302429199219,7.242148399353027,94.0660400390625,133.6256561279297,66.8688735961914
2022-10-21,109.0496597290039,812.34814453125,150.23731994628906,93.91502380371094,73.5648193359375,103.66654968261719,7.425107955932617,93.82132720947266,134.84298706054688,66.45818328857422
2022-10-24,110.20535278320312,812.34814453125,152.82513427734375,95.42259216308594,73.4848403930664,104.95111846923828,7.404144287109375,94.60440063476562,137.4649658203125,66.45818328857422
2022-10-25,112.42426300048828,804.7542724609375,158.3841552734375,96.83707427978516,73.67479705810547,105.77554321289062,7.377462387084961,95.6811294555664,139.24412536621094,67.09290313720703
2022-10-26,116.7233657836914,814.346435546875,162.21795654296875,98.54936981201172,74.45462799072266,107.36687469482422,7.508964538574219,95.33853912353516,142.7088165283203,68.32498931884766
2022-10-27,117.23186492919922,805.5535888671875,162.5534210205078,98.75409698486328,76.32424926757812,106.46575164794922,7.577573776245117,93.6500473022461,139.7123260498047,67.0555648803711
2022-10-28,119.2658462524414,813.7469482421875,162.02627563476562,102.36478424072266,76.97412109375,108.99655151367188,7.701452732086182,99.13150787353516,142.14700317382812,70.00511169433594
2022-10-31,118.9422607421875,813.7469482421875,157.66529846191406,101.97393035888672,78.13387298583984,108.05709838867188,7.749098300933838,95.4853744506836,140.8360137939453,69.55707550048828
2022-11-01,118.24886322021484,819.9419555664062,158.62376403808594,104.70985412597656,81.48318481445312,108.72813415527344,7.781498432159424,97.34514617919922,140.92965698242188,73.02933502197266
2022-11-02,119.35830688476562,818.3433837890625,158.14454650878906,104.0956802368164,83.04286193847656,106.73417663574219,7.874883651733398,100.08588409423828,141.3978729248047,72.69331359863281
2022-11-03,118.98848724365234,822.7398071289062,156.03594970703125,103.66761016845703,80.14347076416016,107.44355773925781,7.813897132873535,98.61763000488281,142.4279327392578,72.91732788085938
2022-11-04,115.89127349853516,798.1594848632812,147.7932586669922,106.0871353149414,85.09244537353516,108.90068054199219,7.209749221801758,99.1559829711914,139.52503967285156,70.37847900390625
2022-11-07,115.10542297363281,787.9677124023438,151.24368286132812,106.06852722167969,86.33218383789062,108.65144348144531,7.194502830505371,96.70890045166016,138.4013671875,70.04244995117188
2022-11-08,115.15165710449219,786.1691284179688,150.71653747558594,105.30543518066406,88.42176055908203,108.80482482910156,6.895287036895752,96.14606475830078,136.90309143066406,70.5278091430664
2022-11-09,115.75260162353516,799.9580078125,153.40020751953125,105.43572998046875,88.60172271728516,109.28413391113281,6.9410271644592285,92.5488510131836,135.4048614501953,71.34921264648438
2022-11-10,113.57992553710938,776.3770141601562,160.15731811523438,105.28681945800781,85.94226837158203,107.55859375,6.8400187492370605,91.05613708496094,135.59213256835938,71.61056518554688
2022-11-11,103.77977752685547,713.427490234375,158.24041748046875,105.15653991699219,89.29157257080078,106.21651458740234,6.754255771636963,85.52570343017578,131.28463745117188,69.5197525024414
2022-11-14,104.24205017089844,725.6177368164062,168.87921142578125,105.02626037597656,91.58109283447266,104.81690979003906,6.950556755065918,86.25982666015625,132.6892547607422,69.63175964355469
2022-11-15,107.43172454833984,738.0077514648438,172.61717224121094,106.44075775146484,91.09120178222656,107.07928466796875,7.120175361633301,88.41326904296875,134.93663024902344,70.75183868408203
2022-11-16,110.25157165527344,769.1828002929688,172.9047088623047,106.32908630371094,87.2020034790039,107.61611938476562,7.274547100067139,91.20296478271484,136.80946350097656,70.67716217041016
2022-11-17,108.54117584228516,773.779052734375,168.3999786376953,105.21238708496094,86.5821304321289,107.69280242919922,7.051565647125244,91.30084228515625,137.0903778076172,70.67716217041016
2022-11-18,108.17135620117188,769.5824584960938,173.0484619140625,106.6827163696289,85.47236633300781,109.9935302734375,7.064906597137451,91.47212982177734,136.99673461914062,70.71450805664062
2022-11-21,109.88176727294922,781.3729858398438,178.5116424560547,106.25464630126953,84.79249572753906,109.9935302734375,7.042036056518555,91.76578521728516,138.8695526123047,71.42388916015625
2022-11-22,111.59215545654297,797.5599975585938,191.06736755371094,106.16158294677734,85.27240753173828,110.77960205078125,7.194502830505371,93.79685974121094,141.6787872314453,73.1413345336914
2022-11-23,112.56291961669922,797.3601684570312,185.7000274658203,105.8637924194336,88.39176177978516,111.56568145751953,7.175444602966309,93.55215454101562,140.46145629882812,72.99198913574219
2022-11-24,113.02519226074219,797.1603393554688,187.52108764648438,105.39849853515625,91.03121185302734,111.62320709228516,7.230712890625,92.98932647705078,141.02330017089844,73.7013931274414
2022-11-25,113.53369903564453,806.153076171875,188.67123413085938,105.91963195800781,90.83124542236328,112.37094116210938,7.297417163848877,94.99593353271484,143.1770477294922,74.4481201171875
2022-11-28,113.16387939453125,810.9492797851562,184.26235961914062,99.90802001953125,88.60172271728516,110.53036499023438,7.358404159545898,94.40862274169922,140.46145629882812,74.6347885131836
2022-11-29,112.6553955078125,809.750244140625,185.41249084472656,101.60169982910156,89.10161590576172,111.68071746826172,7.432731628417969,94.43311309814453,141.58514404296875,74.672119140625
2022-11-30,112.93274688720703,821.9404907226562,186.32301330566406,101.62030792236328,90.9012451171875,112.56266021728516,7.303134918212891,94.9469985961914,141.58514404296875,75.49352264404297
2022-12-01,112.74783325195312,814.346435546875,183.35183715820312,102.49506378173828,86.91207122802734,111.71907043457031,7.327910423278809,95.55876922607422,141.7724151611328,75.41885375976562
2022-12-02,112.70161437988281,812.5479736328125,187.85655212402344,103.27676391601562,90.23137664794922,112.31342315673828,7.383179664611816,96.7578353881836,144.3007354736328,75.7548828125
2022-12-05,113.16387939453125,815.345703125,184.40611267089844,102.66255950927734,90.57129669189453,111.77658081054688,7.320287227630615,96.70890045166016,143.92617797851562,75.49352264404297
2022-12-06,114.65165710449219,825.337646484375,186.51470947265625,103.14646911621094,93.47071075439453,111.2972640991211,7.375555992126465,97.3696060180664,145.51806640625,76.01622009277344
2022-12-07,112.04804229736328,822.5399169921875,184.50196838378906,100.8758316040039,90.51132202148438,111.14389038085938,7.364121437072754,97.81008911132812,144.3007354736328,75.60552978515625
2022-12-08,114.14022827148438,830.7333984375,188.91085815429688,102.49506378173828,91.37114715576172,111.94914245605469,7.38889741897583,98.5442123413086,146.36083984375,76.53893280029297
2022-12-09,111.58312225341797,824.9380493164062,188.3837127685547,103.89094543457031,94.03060150146484,112.33258819580078,7.266923904418945,97.41856384277344,146.17355346679688,76.87494659423828
2022-12-12,112.9779052734375,830.3336791992188,190.6360626220703,104.31901550292969,92.82084655761719,112.25589752197266,7.30504035949707,97.71220397949219,146.17355346679688,76.24024200439453
2022-12-13,109.86287689208984,820.3416748046875,188.62332153320312,105.60323333740234,90.59130096435547,113.21453094482422,7.345063209533691,96.61101531982422,144.3007354736328,76.31491088867188
2022-12-14,111.25765991210938,833.5311279296875,189.43800354003906,105.15653991699219,90.27136993408203,113.27206420898438,7.373650550842285,97.88350677490234,146.4544677734375,75.82954406738281
2022-12-15,111.30416870117188,836.7286376953125,191.21112060546875,102.99757385253906,89.11161041259766,111.12471008300781,7.375555992126465,99.25387573242188,147.95272827148438,75.82954406738281
2022-12-16,111.1181869506836,840.1258544921875,193.0321807861328,102.3461685180664,87.3119888305664,111.02884674072266,7.402237892150879,99.5719985961914,147.6717987060547,76.16556549072266
2022-12-19,111.21116638183594,843.1234130859375,178.0324249267578,103.23953247070312,88.82166290283203,111.75741577148438,7.293605327606201,99.54751586914062,150.01283264160156,76.12822723388672
2022-12-20,111.1181869506836,850.517578125,173.09640502929688,103.36981201171875,88.41175842285156,112.0641860961914,7.432731628417969,99.79222869873047,150.57469177246094,76.12822723388672
2022-12-21,112.79193878173828,859.7100830078125,179.03878784179688,105.43572998046875,91.1011962890625,114.59496307373047,7.592820644378662,100.23271179199219,151.88565063476562,77.62166595458984
2022-12-22,112.04804229736328,860.9090576171875,183.25599670410156,104.07706451416016,91.08120727539062,113.0036392211914,7.541363716125488,100.91788482666016,151.9792938232422,77.28565979003906
2022-12-23,110.28131866455078,854.314453125,178.99087524414062,103.9840087890625,91.66107940673828,112.6968765258789,7.695735931396484,99.44963836669922,150.4810333251953,77.06163024902344
2022-12-27,110.79273986816406,854.314453125,182.2975311279297,104.98904418945312,91.66107940673828,114.42240905761719,7.775779724121094,101.08918762207031,151.51109313964844,78.18170928955078
2022-12-28,110.09534454345703,866.304931640625,185.22079467773438,103.8723373413086,92.62088775634766,113.0995101928711,7.739569664001465,101.18706512451172,150.38739013671875,77.95768737792969
2022-12-29,111.02519989013672,861.308837890625,185.46041870117188,104.24456024169922,92.43092346191406,113.1378402709961,7.794838905334473,101.11366271972656,149.91920471191406,78.33104705810547
2022-12-30,110.93222045898438,855.3135986328125,178.3199462890625,103.31398010253906,93.1807632446289,112.08334350585938,7.6804890632629395,100.50189208984375,148.13999938964844,77.58434295654297
2023-01-02,111.58312225341797,855.3135986328125,188.76707458496094,105.95684814453125,93.1807632446289,113.6363296508789,7.903470039367676,101.87225341796875,151.04287719726562,78.1070327758789
2023-01-03,107.9101791381836,861.5087280273438,192.1696014404297,106.58966064453125,98.88960266113281,113.11868286132812,7.85391902923584,101.896728515625,147.85910034179688,77.808349609375
2023-01-04,105.95747375488281,849.3184814453125,190.73191833496094,107.37134552001953,101.37907409667969,114.07731628417969,7.709076881408691,98.88680267333984,142.89613342285156,77.58434295654297
2023-01-05,105.5390396118164,846.9202880859375,193.70310974121094,107.2038345336914,102.6388168334961,113.88558197021484,7.667147636413574,101.13812255859375,141.21060180664062,77.28565979003906
2023-01-06,107.81719207763672,857.1121826171875,200.69979858398438,108.4508285522461,102.87877655029297,117.33666229248047,7.766251087188721,101.13812255859375,143.36431884765625,78.77909088134766
2023-01-09,106.56187438964844,834.5303344726562,204.15023803710938,109.34420013427734,103.73858642578125,117.08740997314453,7.697641372680664,102.6797866821289,142.24063110351562,73.73872375488281
2023-01-10,107.49172973632812,838.7269287109375,202.8083953857422,107.11077880859375,100.9991455078125,116.79981994628906,7.6804890632629395,102.55743408203125,141.6787872314453,73.21601867675781
2023-01-11,105.5390396118164,824.3385620117188,199.54966735839844,105.99407958984375,102.55883026123047,118.00769805908203,7.67095947265625,100.50189208984375,139.24412536621094,72.20793914794922
2023-01-12,105.8644790649414,832.5318603515625,204.15023803710938,108.17166137695312,103.9785385131836,120.05917358398438,7.823426723480225,100.94235229492188,140.46145629882812,71.90924835205078
2023-01-13,104.93463134765625,832.1322021484375,201.37074279785156,108.73001098632812,108.73755645751953,121.3053970336914,7.838673114776611,100.40399932861328,142.4279327392578,72.39462280273438
2023-01-16,107.5382308959961,830.9331665039062,206.92974853515625,107.31551361083984,107.13788604736328,121.45877838134766,7.85391902923584,101.896728515625,142.4279327392578,72.61863708496094
2023-01-17,108.7470474243164,837.7277221679688,212.1053924560547,108.24610137939453,108.51760864257812,122.68582916259766,8.238896369934082,103.82992553710938,144.76895141601562,73.17868041992188
2023-01-18,108.00315856933594,836.7286376953125,211.72198486328125,110.31201171875,108.23766326904297,123.95122528076172,8.275108337402344,104.0501708984375,147.20359802246094,73.7013931274414
2023-01-19,109.72339630126953,842.7237548828125,213.9264373779297,108.80445098876953,105.05831909179688,121.95726776123047,8.431385040283203,104.80876159667969,148.88914489746094,73.32801818847656
2023-01-20,111.81558990478516,852.5158081054688,214.69320678710938,110.6656265258789,106.57799530029297,124.0662612915039,8.490467071533203,105.22476196289062,154.03939819335938,74.41077423095703
2023-01-23,112.9779052734375,851.31689453125,213.15966796875,110.94480895996094,108.17766571044922,125.94517517089844,8.783963203430176,104.09910583496094,155.1630859375,74.4481201171875
2023-01-24,114.27971649169922,858.3112182617188,213.8306121826172,112.39653015136719,111.37701416015625,125.84930419921875,8.77634048461914,104.2214584350586,148.60821533203125,74.70946502685547
2023-01-25,112.69894409179688,844.3223876953125,211.72198486328125,111.80094909667969,111.69695281982422,124.90985870361328,9.001227378845215,104.24594116210938,146.36083984375,74.29875946044922
2023-01-26,114.51217651367188,856.9122924804688,218.04779052734375,112.54542541503906,113.45659637451172,126.53953552246094,9.117483139038086,105.32263946533203,147.390869140625,74.18675994873047
2023-01-27,112.79193878173828,850.71728515625,218.71868896484375,108.52528381347656,110.17726135253906,126.73126220703125,9.098424911499023,104.61299133300781,145.89263916015625,74.4481201171875
2023-01-30,114.55867004394531,855.1137084960938,217.76023864746094,107.50162506103516,109.09748840332031,126.3478012084961,9.163223266601562,104.8332290649414,146.36083984375,74.29875946044922
2023-01-31,112.88492584228516,856.1129760742188,205.1086883544922,106.86882781982422,105.71818542480469,126.3478012084961,9.008852005004883,104.5151138305664,146.73538208007812,73.9253921508789
2023-02-01,113.67529296875,853.3153076171875,210.28431701660156,107.98553466796875,105.15829467773438,125.96434783935547,9.147976875305176,105.49394989013672,147.01632690429688,73.2906723022461
2023-02-02,109.90937042236328,829.33447265625,216.610107421875,109.58615112304688,108.71755981445312,127.1530532836914,9.119389533996582,104.5151138305664,145.70533752441406,73.17868041992188
2023-02-03,110.60676574707031,844.5223388671875,218.04779052734375,108.9905776977539,109.0574951171875,126.92298889160156,9.048873901367188,105.32263946533203,146.6417694091797,72.76798248291016
2023-02-06,110.65326690673828,838.5271606445312,217.08932495117188,107.70636749267578,108.05770111083984,125.350830078125,9.035533905029297,105.39606475830078,145.89263916015625,72.61863708496094
2023-02-07,108.7470474243164,836.3289794921875,216.32257080078125,104.50513458251953,107.9377212524414,124.04708099365234,9.027909278869629,105.22476196289062,141.7724151611328,71.61056518554688
2023-02-08,110.46729278564453,838.5271606445312,216.2267303466797,105.43572998046875,109.19746398925781,124.7947998046875,9.180376052856445,106.6196060180664,142.80247497558594,72.95465850830078
2023-02-09,110.65326690673828,842.52392578125,216.4184112548828,105.77074432373047,108.69757080078125,125.48502349853516,9.304254531860352,105.20028686523438,143.83253479003906,72.99198913574219
2023-02-10,113.44283294677734,849.1185913085938,222.0732879638672,105.84517669677734,107.45782470703125,124.60309600830078,9.393828392028809,117.65596008300781,145.42442321777344,71.05052185058594
2023-02-13,116.232421875,862.9075927734375,224.85281372070312,107.5760726928711,109.43741607666016,127.07637023925781,9.55296516418457,126.31865692138672,148.32728576660156,74.59744262695312
2023-02-14,118.51057434082031,864.7061767578125,226.8655242919922,107.9297103881836,108.33763885498047,124.39218139648438,9.62919807434082,125.09512329101562,149.5446319580078,77.39765167236328
2023-02-15,119.48692321777344,877.8954467773438,230.6993408203125,110.79591369628906,111.97689056396484,126.84630584716797,9.734020233154297,126.80807495117188,151.04287719726562,78.14437866210938
2023-02-16,119.76589965820312,887.2880249023438,237.79190063476562,116.26777648925781,113.77651977539062,128.55267333984375,9.953189849853516,130.67446899414062,152.8220672607422,79.33911895751953
2023-02-17,120.60275268554688,893.083251953125,239.22958374023438,116.93780517578125,112.43679809570312,131.198486328125,9.96271800994873,129.40199279785156,153.57118225097656,80.38452911376953
2023-02-20,120.04483795166016,888.6868286132812,238.6544952392578,114.31353759765625,111.77693176269531,129.20452880859375,9.748312950134277,130.03823852539062,153.00933837890625,81.2059326171875
2023-02-21,122.7414321899414,906.0728149414062,246.51380920410156,114.29492950439453,109.95731353759766,128.80189514160156,9.972248077392578,136.1070098876953,156.84861755371094,80.98191833496094
2023-02-22,122.92740631103516,901.2767333984375,236.45005798339844,114.25769805908203,107.59779357910156,128.5910186767578,9.857897758483887,136.44961547851562,154.97579956054688,80.01117706298828
2023-02-23,122.13703918457031,901.076904296875,235.20404052734375,115.802490234375,133.07254028320312,129.2620391845703,9.953189849853516,139.53292846679688,154.69488525390625,80.72056579589844
2023-02-24,124.1827163696289,917.0640869140625,234.72483825683594,113.47600555419922,136.01190185546875,127.78577423095703,9.97701358795166,143.98663330078125,155.25672912597656,81.31794738769531
2023-02-27,124.36869049072266,911.8682250976562,233.76638793945312,115.0580062866211,144.9700927734375,129.31956481933594,10.124713897705078,145.69961547851562,154.4139404296875,81.42994689941406
2023-02-28,122.92740631103516,897.2799072265625,230.60350036621094,115.41162872314453,144.91009521484375,128.41845703125,10.11518383026123,147.90196228027344,152.3538360595703,80.6832275390625
2023-03-01,124.32217407226562,903.874755859375,235.97084045410156,113.82962799072266,148.38937377929688,128.41845703125,10.119949340820312,148.34246826171875,151.9792938232422,80.8698959350586
2023-03-02,123.95024108886719,918.8626708984375,236.25836181640625,114.36937713623047,148.1294403076172,128.24591064453125,10.200947761535645,148.04879760742188,154.4139404296875,81.05657958984375
2023-03-03,123.48532104492188,907.27197265625,238.2711181640625,115.54192352294922,149.60911560058594,129.62632751464844,10.28670883178711,150.3979949951172,153.57118225097656,80.98191833496094
2023-03-06,122.322998046875,911.8682250976562,246.51380920410156,115.29995727539062,152.74847412109375,130.1631622314453,10.391529083251953,152.40460205078125,152.72842407226562,80.19786071777344
2023-03-07,123.34584045410156,910.6692504882812,244.9803009033203,115.41162872314453,153.1483917236328,130.1631622314453,10.372471809387207,153.77499389648438,152.8220672607422,79.9365005493164
2023-03-08,118.88250732421875,914.4661254882812,247.2805633544922,115.37442016601562,156.82762145996094,128.8786163330078,10.253357887268066,152.3556671142578,149.5446319580078,79.26445007324219
2023-03-09,122.2765121459961,934.4500732421875,246.3220977783203,115.85831451416016,158.00738525390625,130.29737854003906,10.215241432189941,153.1387481689453,167.80462646484375,78.89109802246094
2023-03-10,122.92740631103516,929.054443359375,242.77584838867188,113.17822265625,150.06903076171875,127.91996002197266,10.505879402160645,150.05543518066406,167.05548095703125,78.55508422851562
2023-03-13,118.60356140136719,907.27197265625,236.06666564941406,109.95838928222656,144.9700927734375,123.28018188476562,10.515409469604492,148.04879760742188,162.46707153320312,76.31491088867188
2023-03-14,123.11337280273438,937.2479248046875,246.9930419921875,113.69934844970703,155.16795349121094,127.63237762451172,10.825105667114258,153.62815856933594,166.1190948486328,79.30179595947266
2023-03-15,118.78952026367188,910.8689575195312,234.5331573486328,108.22748565673828,144.11024475097656,121.88057708740234,10.086597442626953,146.62948608398438,164.05897521972656,77.54700469970703
2023-03-16,120.09131622314453,916.0648803710938,236.7375946044922,111.00064086914062,146.2698211669922,125.50421905517578,10.243826866149902,147.118896484375,167.24278259277344,77.58434295654297
2023-03-17,118.55706787109375,904.873779296875,227.24893188476562,108.6369400024414,140.27105712890625,123.06928253173828,9.943659782409668,142.4694366455078,164.05897521972656,76.20289611816406
2023-03-20,122.97389221191406,931.6524047851562,239.51710510253906,110.36784362792969,140.95091247558594,124.98654174804688,10.038951873779297,144.378173828125,166.8682098388672,77.88302612304688
2023-03-21,124.5081558227539,945.6411743164062,246.41796875,113.15960693359375,149.9690399169922,128.5910186767578,10.334355354309082,147.75515747070312,166.96185302734375,79.00310516357422
2023-03-22,125.71697998046875,957.2318115234375,245.26780700683594,112.60125732421875,149.189208984375,129.2620391845703,10.51064395904541,148.19561767578125,172.01846313476562,78.853759765625
2023-03-23,126.78633117675781,974.2182006835938,250.25177001953125,111.61483764648438,147.30960083007812,129.12783813476562,10.534467697143555,150.2022247314453,171.17568969726562,79.07777404785156
2023-03-24,125.6240005493164,972.2198486328125,252.07281494140625,109.25113677978516,143.51039123535156,127.78577423095703,10.167594909667969,151.42576599121094,170.33290100097656,77.69634246826172
2023-03-27,126.97229766845703,980.6130981445312,260.31549072265625,110.81452941894531,144.3102264404297,129.54965209960938,10.458234786987305,153.0897979736328,170.4265594482422,79.45114135742188
2023-03-28,127.15825653076172,987.207763671875,262.04071044921875,110.4795150756836,145.3100128173828,129.45376586914062,10.35817813873291,154.01968383789062,170.61383056640625,79.00310516357422
2023-03-29,127.7161865234375,985.609130859375,261.0822448730469,112.5082015991211,147.96945190429688,131.773681640625,10.410588264465332,154.01968383789062,172.29937744140625,79.30179595947266
2023-03-30,126.92576599121094,974.4180908203125,260.4114074707031,113.75518798828125,150.16900634765625,131.2943572998047,10.362942695617676,154.55804443359375,170.5202178955078,79.26445007324219
2023-03-31,126.78633117675781,981.8121337890625,262.232421875,114.72299194335938,148.9892578125,130.89170837402344,10.310532569885254,154.4112091064453,170.98841857910156,78.92842864990234
2023-04-03,126.87931060791016,989.60595703125,264.24517822265625,116.50972747802734,149.6190948486328,129.8755645751953,10.439176559448242,153.82391357421875,170.4265594482422,80.38452911376953
2023-04-04,127.01880645751953,989.60595703125,266.4496154785156,116.73307800292969,145.46998596191406,130.06729125976562,10.529703140258789,158.0818634033203,171.55026245117188,80.12318420410156
2023-04-05,127.06526184082031,994.2022094726562,247.47225952148438,115.74664306640625,143.72032165527344,129.12783813476562,10.472527503967285,156.8093719482422,172.11209106445312,80.57122039794922
2023-04-06,130.45925903320312,1011.1885375976562,248.5265350341797,117.42170715332031,147.9194793701172,130.77667236328125,10.758401870727539,155.649658203125,174.82769775390625,80.57122039794922
2023-04-11,130.45925903320312,1012.6873779296875,249.1016082763672,117.25421142578125,147.11962890625,131.33270263671875,10.872751235961914,157.77169799804688,174.5467529296875,81.69129943847656
2023-04-12,130.97068786621094,1025.1773681640625,252.1686553955078,117.47754669189453,147.56954956054688,131.773681640625,10.820340156555176,159.74569702148438,173.32943725585938,82.32601928710938
2023-04-13,131.11016845703125,1016.1845703125,254.3731231689453,117.17975616455078,149.11923217773438,132.31051635742188,11.1681547164917,159.1534881591797,172.9548797607422,82.51270294189453
2023-04-14,131.0171661376953,1015.1853637695312,256.09832763671875,117.51476287841797,149.71910095214844,131.23681640625,11.220564842224121,153.52760314941406,171.3629608154297,83.63278198242188
2023-04-17,131.5286102294922,1026.176513671875,255.90663146972656,119.18983459472656,150.96884155273438,134.11273193359375,11.225329399108887,156.04446411132812,171.92483520507812,85.12621307373047
2023-04-18,131.4821014404297,1026.176513671875,258.6861572265625,119.41317749023438,155.81785583496094,135.83827209472656,11.020452499389648,153.5769500732422,170.33290100097656,84.9021987915039
2023-04-19,131.8075714111328,1019.18212890625,258.97369384765625,119.59928131103516,155.3179473876953,136.47097778320312,10.887046813964844,152.49124145507812,170.23928833007812,86.3582992553711
2023-04-20,132.59793090820312,1019.84765625,259.1653747558594,120.30653381347656,154.968017578125,136.87359619140625,10.872751235961914,151.20814514160156,170.80113220214844,85.46224212646484
2023-04-21,132.08653259277344,1017.3493041992188,259.4529113769531,118.48257446289062,154.31817626953125,136.56683349609375,10.772696495056152,148.1977996826172,168.27281188964844,86.76900482177734
2023-04-24,131.24966430664062,1021.3468017578125,262.5199279785156,119.33872985839844,153.5683135986328,136.5284881591797,10.572583198547363,149.6782989501953,166.68092346191406,88.15044403076172
2023-04-25,130.645263671875,1031.3402099609375,265.5870056152344,118.82905578613281,152.8684539794922,136.18336486816406,10.386765480041504,147.26016235351562,164.80810546875,87.70240020751953
2023-04-26,127.57669067382812,1007.3555908203125,251.88111877441406,117.11127471923828,151.9186553955078,133.978515625,10.272415161132812,147.753662109375,164.80810546875,86.76900482177734
2023-04-27,128.73902893066406,1013.8515625,256.28997802734375,118.48926544189453,151.9686279296875,134.30445861816406,10.348648071289062,145.7796630859375,165.83816528320312,89.53187561035156
2023-04-28,128.6925048828125,1013.3518676757812,254.46896362304688,119.99940490722656,152.1186065673828,135.1096954345703,10.296238899230957,142.02906799316406,166.0254364013672,89.19585418701172
2023-05-02,128.78553771972656,1014.3511962890625,254.56478881835938,118.31937408447266,150.4689483642578,133.1157684326172,10.158065795898438,143.70697021484375,165.2763214111328,89.41986846923828
2023-05-03,129.9943389892578,1018.8483276367188,257.2484436035156,117.41329956054688,151.86865234375,133.8059539794922,10.43441104888916,148.1977996826172,166.68092346191406,90.3159408569336
2023-05-04,127.15825653076172,992.565185546875,250.82684326171875,115.24246978759766,149.16921997070312,131.6202850341797,9.829310417175293,145.7796630859375,161.53067016601562,88.85982513427734
2023-05-05,126.78633117675781,989.5670776367188,255.33157348632812,115.33685302734375,151.11880493164062,132.00375366210938,9.953189849853516,146.71731567382812,159.564208984375,88.44912719726562
2023-05-08,127.06526184082031,989.5670776367188,253.98971557617188,114.44965362548828,151.11880493164062,131.75450134277344,9.953189849853516,145.33551025390625,158.81509399414062,90.353271484375
2023-05-09,128.5065460205078,991.166015625,252.55203247070312,114.7894287109375,151.6186981201172,131.81201171875,9.972248077392578,146.12513732910156,159.65785217285156,88.67315673828125
2023-05-10,127.9951171875,993.1647338867188,256.6443176269531,114.86492919921875,156.2677459716797,133.2307891845703,10.167594909667969,144.84201049804688,158.25323486328125,89.307861328125
2023-05-11,126.55384826660156,981.372314453125,252.64947509765625,114.50627899169922,145.86990356445312,133.71009826660156,10.13424301147461,143.21347045898438,158.81509399414062,85.6862564086914
2023-05-12,128.78553771972656,987.3684692382812,259.9571228027344,115.90315246582031,148.2694091796875,134.20858764648438,10.543996810913086,147.062744140625,159.4705810546875,90.286865234375
2023-05-15,129.38990783691406,980.1730346679688,260.2494201660156,116.14855194091797,145.070068359375,133.8634796142578,10.534467697143555,148.2965087890625,160.21969604492188,90.286865234375
2023-05-16,129.66888427734375,984.5702514648438,258.1058654785156,119.14994812011719,148.1194305419922,136.50930786132812,10.601171493530273,149.7276611328125,161.7179412841797,90.51689910888672
2023-05-17,130.27330017089844,985.7694702148438,254.98794555664062,120.99987030029297,152.81846618652344,137.90892028808594,10.767931938171387,152.98472595214844,164.5271759033203,90.51689910888672
2023-05-18,130.45925903320312,991.3659057617188,256.4494934082031,121.56617736816406,155.5178985595703,137.27621459960938,10.78699016571045,152.98472595214844,164.90174865722656,90.51689910888672
2023-05-19,129.38990783691406,984.969970703125,254.8905029296875,121.9814682006836,155.96780395507812,137.21868896484375,10.7059907913208,147.6549835205078,163.56805419921875,91.8587417602539
2023-05-22,130.13381958007812,987.3684692382812,256.4494934082031,120.99987030029297,157.26754760742188,137.42959594726562,10.807311058044434,148.49391174316406,164.9017333984375,91.62870788574219
2023-05-23,126.86416625976562,962.9840087890625,246.9008026123047,119.18770599365234,153.1683807373047,134.09356689453125,10.633622169494629,144.15109252929688,159.28118896484375,88.5616455078125
2023-05-24,126.34442138671875,950.1922607421875,242.4187774658203,116.84699249267578,146.8197021484375,130.93006896972656,10.1029052734375,142.32518005371094,154.99429321289062,87.21979522705078
2023-05-25,125.58842468261719,946.7944946289062,241.3470001220703,117.54544067382812,148.76930236816406,131.46690368652344,10.122203826904297,142.1771240234375,155.37535095214844,86.68305969238281
2023-05-26,126.67518615722656,949.79248046875,241.15211486816406,118.62139892578125,149.01925659179688,133.30747985839844,10.237997055053711,145.28616333007812,156.7090606689453,86.56803894042969
2023-05-29,126.76964569091797,949.79248046875,241.24957275390625,118.2438735961914,149.01925659179688,133.42251586914062,10.266944885253906,147.6549835205078,157.56643676757812,86.56803894042969
2023-05-30,125.02144622802734,941.7975463867188,238.9111328125,117.4510498046875,144.3701934814453,133.35475158691406,10.088430404663086,145.03941345214844,154.8037872314453,86.03131103515625
2023-05-31,123.13147735595703,927.6067504882812,230.33682250976562,115.65775299072266,143.27044677734375,131.10894775390625,9.678333282470703,145.7796630859375,150.70742797851562,85.2261962890625
2023-06-01,125.68292236328125,944.196044921875,232.87013244628906,118.8667984008789,146.36978149414062,133.1030731201172,9.967813491821289,147.2108154296875,154.99429321289062,86.9130859375
2023-06-02,125.68292236328125,941.7975463867188,233.94192504882812,121.16976928710938,149.9690399169922,134.59381103515625,10.049833297729492,147.2108154296875,156.7090606689453,86.87474822998047
2023-06-05,124.78519439697266,934.2025146484375,230.33682250976562,119.60298919677734,147.2696075439453,132.85137939453125,9.938865661621094,145.03941345214844,154.99429321289062,87.06643676757812
2023-06-06,124.02920532226562,939.3992309570312,229.1676025390625,120.28255462646484,148.0194549560547,132.56097412109375,9.871318817138672,145.03941345214844,155.4706268310547,86.9897689819336
2023-06-07,121.61949157714844,930.005126953125,230.4342498779297,119.33872985839844,150.1190185546875,131.031494140625,9.65903377532959,140.6472625732422,152.80323791503906,85.37954711914062
2023-06-08,122.37548065185547,938.1998901367188,230.33682250976562,119.43310546875,149.41917419433594,131.10894775390625,9.823073387145996,143.46022033691406,154.99429321289062,87.98655700683594
2023-06-09,123.2732162475586,939.3992309570312,234.33168029785156,121.20751953125,149.2191925048828,132.2705535888672,9.948515892028809,144.2004852294922,158.3285369873047,88.5616455078125
2023-06-12,124.17094421386719,948.1934814453125,242.7111053466797,122.17023468017578,150.1190185546875,134.0710906982422,10.020886421203613,145.18746948242188,160.90065002441406,90.24851989746094
2023-06-13,126.01368713378906,953.190185546875,241.5418701171875,122.73652648925781,150.86886596679688,134.82614135742188,10.117378234863281,144.84201049804688,163.18699645996094,90.86194610595703
2023-06-14,124.5962142944336,949.79248046875,239.00856018066406,122.24574279785156,150.71888732910156,134.0130157470703,9.938865661621094,142.1771240234375,161.56753540039062,89.78845977783203
2023-06-15,125.0687026977539,955.3888549804688,241.3470001220703,122.6043930053711,150.01902770996094,133.99363708496094,9.938865661621094,143.55889892578125,160.71014404296875,90.21018981933594
2023-06-16,127.85639190673828,967.781005859375,253.2340850830078,123.81250762939453,151.16879272460938,135.96841430664062,10.131854057312012,147.35885620117188,164.42543029785156,92.3954849243164
2023-06-19,126.76964569091797,949.79248046875,253.42897033691406,124.09564971923828,153.7682647705078,138.3303680419922,10.213872909545898,147.60562133789062,164.23489379882812,92.24212646484375
2023-06-20,128.28164672851562,957.187744140625,251.57769775390625,124.60533142089844,156.9676055908203,138.4658966064453,10.24764633178711,151.50425720214844,166.99755859375,94.04402923583984
2023-06-21,128.80137634277344,959.9859008789062,252.06488037109375,122.49113464355469,157.5175018310547,137.16876220703125,10.24282169342041,150.0237579345703,169.18862915039062,93.85233306884766
2023-06-22,127.57290649414062,941.7975463867188,249.9213104248047,120.47132873535156,156.01780700683594,135.58119201660156,10.276594161987305,146.0757598876953,166.71176147460938,93.0472412109375
2023-06-23,127.24214172363281,937.2005004882812,249.33670043945312,119.62187194824219,154.6180877685547,135.01974487304688,10.300718307495117,146.0757598876953,169.76019287109375,93.39228057861328
2023-06-26,123.93470001220703,917.81298828125,238.9111328125,120.49020385742188,154.76803588867188,134.70997619628906,9.818248748779297,139.51222229003906,163.663330078125,90.67024993896484
2023-06-27,124.54894256591797,917.81298828125,236.57266235351562,121.67942810058594,155.41793823242188,135.1552734375,9.8037748336792,139.857666015625,167.473876953125,90.8236083984375
2023-06-28,126.5334243774414,924.0089721679688,242.7111053466797,123.13294982910156,155.7678680419922,136.897705078125,9.938865661621094,142.27581787109375,171.76075744628906,92.0504379272461
2023-06-29,127.90365600585938,919.6117553710938,243.49058532714844,123.32171630859375,148.66932678222656,137.71084594726562,10.064308166503906,142.5225830078125,174.14234924316406,93.16223907470703
2023-06-30,129.65187072753906,926.4074096679688,244.36749267578125,124.92623138427734,151.0188446044922,138.8724822998047,10.030534744262695,143.9043731689453,174.7139129638672,93.58396911621094
2023-07-03,128.8958740234375,917.4132080078125,245.43927001953125,125.171630859375,153.5683135986328,137.22683715820312,10.073956489562988,146.51992797851562,172.1417999267578,92.77886199951172
2023-07-04,127.14766693115234,908.4188842773438,245.8290252685547,123.94465637207031,152.2185821533203,135.56182861328125,9.977463722229004,139.80831909179688,171.284423828125,91.01529693603516
2023-07-05,128.0926513671875,910.2177734375,242.80853271484375,125.45478820800781,150.96884155273438,135.1746368408203,10.155977249145508,142.0784149169922,174.33287048339844,91.09197998046875
2023-07-06,124.40719604492188,897.6259155273438,235.2085723876953,122.20797729492188,145.17002868652344,130.27642822265625,10.020886421203613,141.3875274658203,170.61756896972656,90.7085952758789
2023-07-07,124.64344787597656,887.6322631835938,235.98805236816406,123.73699951171875,148.4693603515625,130.5281219482422,10.271770477294922,141.73300170898438,171.47496032714844,89.13671112060547
2023-07-10,124.31270599365234,896.4266967773438,242.90597534179688,124.62419891357422,147.86947631835938,132.4641571044922,10.48888111114502,143.06541442871094,171.66546630859375,89.40508270263672
2023-07-11,125.7774429321289,900.8238525390625,244.27005004882812,124.81298065185547,145.61993408203125,131.86398315429688,10.710816383361816,143.11477661132812,172.99917602539062,90.286865234375
2023-07-12,129.557373046875,911.616943359375,245.8290252685547,125.96444702148438,148.41937255859375,133.95492553710938,10.865206718444824,144.99005126953125,176.71446228027344,88.40827941894531
2023-07-13,131.02210998535156,912.4163818359375,247.48541259765625,127.04043579101562,149.26918029785156,134.30340576171875,10.903803825378418,144.29916381835938,175.6665496826172,85.07284545898438
2023-07-14,129.8881072998047,917.21337890625,246.4136199951172,125.54917907714844,145.86990356445312,132.6771240234375,10.898979187011719,139.90701293945312,172.5228729248047,85.99296569824219
2023-07-17,130.5023651123047,917.613037109375,246.9008026123047,126.02108764648438,146.1198272705078,132.61904907226562,11.173986434936523,140.0057373046875,174.33287048339844,84.34442138671875
2023-07-18,131.06935119628906,915.0147094726562,252.16229248046875,126.51187896728516,146.36978149414062,134.03237915039062,11.415221214294434,142.0784149169922,175.8571014404297,85.53290557861328
2023-07-19,130.92758178710938,925.4080200195312,250.31101989746094,126.81391906738281,150.91883850097656,134.5550994873047,11.27048110961914,142.4732208251953,174.5233917236328,85.07284545898438
2023-07-20,132.48680114746094,933.6028442382812,250.79820251464844,127.04043579101562,154.36813354492188,136.93643188476562,11.304254531860352,148.2965087890625,173.18971252441406,86.37635040283203
2023-07-21,126.15543365478516,926.8073120117188,249.2392578125,126.946044921875,155.7678680419922,137.18812561035156,11.111266136169434,142.67062377929688,158.42381286621094,87.18145751953125
2023-07-24,125.02144622802734,919.01220703125,248.55722045898438,128.7015838623047,156.66766357421875,138.504638671875,11.169161796569824,140.1537628173828,162.5201416015625,85.49456787109375
2023-07-25,124.83245849609375,915.6143798828125,246.8033905029297,125.54917907714844,152.61849975585938,140.18899536132812,11.188461303710938,133.29415893554688,162.5201416015625,84.38276672363281
2023-07-26,124.02920532226562,919.6117553710938,246.4136199951172,125.7001724243164,184.9618377685547,140.6149139404297,11.169161796569824,132.84999084472656,162.90121459960938,84.15274047851562
2023-07-27,126.29715728759766,920.8110961914062,247.3879852294922,123.64262390136719,189.56088256835938,142.9768829345703,11.386273384094238,134.92266845703125,166.14016723632812,85.2261962890625
2023-07-28,126.86416625976562,927.6067504882812,246.60850524902344,125.92669677734375,193.26011657714844,145.6486358642578,11.463468551635742,135.16941833496094,166.14016723632812,84.4977798461914
2023-07-31,128.4706268310547,930.8047485351562,250.79820251464844,126.45524597167969,184.81185913085938,146.13265991210938,11.88321590423584,136.8966827392578,168.3312530517578,84.22940826416016
2023-08-01,128.754150390625,932.8034057617188,255.76739501953125,124.39768981933594,185.21177673339844,142.4541473388672,11.989359855651855,137.53823852539062,168.3312530517578,84.07606506347656
2023-08-02,127.85639190673828,992.1654052734375,257.1315002441406,124.35992431640625,183.86204528808594,141.19573974609375,12.11962604522705,137.7849884033203,168.426513671875,85.07284545898438
2023-08-03,126.10816955566406,999.3607788085938,252.35719299316406,123.09518432617188,192.16033935546875,140.01475524902344,12.109977722167969,137.04473876953125,167.28334045410156,83.11758422851562
2023-08-04,127.19491577148438,1008.3550415039062,258.1058654785156,123.45384979248047,206.4573974609375,141.5829315185547,12.457354545593262,138.42652893066406,170.04600524902344,83.462646484375
2023-08-07,128.70689392089844,1022.3460693359375,263.1725158691406,123.75587463378906,209.45677185058594,143.0930633544922,12.843331336975098,139.857666015625,171.3796844482422,83.5009765625
2023-08-08,129.84085083007812,1025.84375,261.5160827636719,123.17069244384766,207.8571014404297,142.5896759033203,12.877103805541992,138.57456970214844,171.47496032714844,83.99938201904297
2023-08-09,130.21885681152344,1027.3427734375,259.9571228027344,124.28441619873047,209.05686950683594,143.2866668701172,12.85297966003418,139.6602783203125,171.76075744628906,85.07284545898438
2023-08-10,129.0376434326172,1021.3468017578125,258.6904602050781,124.62419891357422,207.75714111328125,143.6932373046875,12.877103805541992,137.48890686035156,171.8560028076172,83.30928039550781
2023-08-11,128.1871337890625,1015.8501586914062,253.42897033691406,123.397216796875,207.65713500976562,142.4541473388672,12.7227144241333,137.48890686035156,163.2822723388672,84.0377197265625
2023-08-14,125.96643829345703,1017.3493041992188,258.0084228515625,123.30282592773438,208.9568634033203,142.93817138671875,12.626218795776367,137.24212646484375,164.04437255859375,84.91948699951172
2023-08-15,124.64344787597656,1014.3511962890625,253.1366424560547,121.69831085205078,205.4575958251953,141.54421997070312,12.626218795776367,137.3408203125,163.09173583984375,84.68946075439453
2023-08-16,123.79295349121094,1001.8592529296875,243.49058532714844,121.45291137695312,204.15785217285156,141.54421997070312,12.418757438659668,136.8966827392578,162.5201416015625,84.30608367919922
2023-08-17,121.80848693847656,955.1890869140625,241.0546875,120.4146957397461,202.35821533203125,140.11154174804688,12.365686416625977,135.6629180908203,160.51962280273438,83.27093505859375
2023-08-18,122.32823181152344,962.7841796875,243.00338745117188,119.58411407470703,201.1584930419922,138.833740234375,12.380160331726074,135.31747436523438,162.32962036132812,82.42749786376953
2023-08-21,123.60396575927734,959.9859008789062,242.61366271972656,120.92436218261719,201.8583526611328,140.09219360351562,12.476654052734375,137.68629455566406,164.615966796875,83.42430114746094
2023-08-22,123.88746643066406,970.1793212890625,239.39830017089844,121.69831085205078,201.0585174560547,140.88595581054688,12.452528953552246,136.74862670898438,166.044921875,83.9610366821289
2023-08-23,125.2104263305664,980.3729858398438,242.22393798828125,122.71765899658203,201.75836181640625,141.97015380859375,12.616569519042969,139.90701293945312,168.23597717285156,84.99616241455078
2023-08-24,125.0687026977539,989.1673583984375,239.00856018066406,122.05697631835938,201.6583709716797,140.59556579589844,12.54419994354248,139.4135284423828,167.0928192138672,84.4977798461914
2023-08-25,125.39942932128906,990.766357421875,237.0598602294922,122.58552551269531,202.9581298828125,140.4600372314453,12.500777244567871,139.857666015625,167.0928192138672,85.11119079589844
2023-08-28,126.91141510009766,990.766357421875,242.4187774658203,124.81298065185547,202.9581298828125,142.95751953125,12.61174488067627,142.62127685546875,170.7128448486328,85.49456787109375
2023-08-29,126.43893432617188,1001.8592529296875,243.49058532714844,125.11499786376953,212.85606384277344,143.5770721435547,12.650341987609863,141.73300170898438,169.37916564941406,83.99938201904297
2023-08-30,126.67518615722656,1001.8592529296875,241.7367401123047,126.32310485839844,216.75526428222656,144.11915588378906,12.785433769226074,143.0160675048828,170.80810546875,84.34442138671875
2023-08-31,127.3839111328125,1006.85595703125,244.85467529296875,127.7766342163086,222.25411987304688,143.55770874023438,12.84815502166748,142.76930236816406,172.99917602539062,84.4977798461914
2023-09-01,127.80915069580078,1006.85595703125,241.83416748046875,126.34199523925781,219.05477905273438,141.3893280029297,12.84815502166748,143.55889892578125,172.42759704589844,85.60958099365234
2023-09-04,129.1793670654297,1006.85595703125,241.24957275390625,126.64401245117188,219.8546142578125,141.40869140625,12.906051635742188,144.05239868164062,171.47496032714844,86.52970123291016
2023-09-05,129.6046142578125,1009.3544311523438,242.51622009277344,126.56851959228516,219.15476989746094,141.0408477783203,13.181058883666992,144.99005126953125,172.237060546875,92.01210021972656
2023-09-06,129.1793670654297,1013.3518676757812,240.3726348876953,126.41749572753906,214.65570068359375,141.36996459960938,13.311326026916504,145.23680114746094,171.47496032714844,91.74372863769531
2023-09-07,129.7463836669922,1028.3421630859375,238.42393493652344,128.75820922851562,223.7538299560547,143.7126007080078,13.37404727935791,146.02642822265625,171.66546630859375,93.0855712890625
2023-09-08,131.06935119628906,1026.84326171875,238.32652282714844,127.833251953125,220.35452270507812,143.7900390625,13.258254051208496,146.32254028320312,172.99917602539062,92.77886199951172
2023-09-11,131.68359375,1037.8360595703125,245.34185791015625,126.15322875976562,223.55386352539062,145.28079223632812,13.37404727935791,148.6419677734375,173.18971252441406,92.16545867919922
2023-09-12,132.15606689453125,1043.3326416015625,248.4597625732422,123.15181732177734,224.35369873046875,144.3514862060547,13.320975303649902,150.22116088867188,172.237060546875,91.55203247070312
2023-09-13,132.15606689453125,1044.33203125,247.58285522460938,123.18958282470703,225.25350952148438,143.75131225585938,13.325799942016602,149.8263702392578,172.42759704589844,89.8651351928711
2023-09-14,130.45510864257812,1051.3275146484375,250.21359252929688,123.0763168334961,225.75341796875,145.78416442871094,13.282378196716309,152.49124145507812,171.47496032714844,89.7501220703125
2023-09-15,131.82533264160156,1050.3282470703125,253.8187255859375,123.94465637207031,227.3530731201172,147.54595947265625,13.489839553833008,153.23150634765625,171.8560028076172,90.24851989746094
2023-09-18,131.30560302734375,1054.32568359375,258.2032775878906,122.73652648925781,224.35369873046875,146.84898376464844,13.37404727935791,152.3925323486328,174.80918884277344,89.90348052978516
2023-09-19,131.87258911132812,1058.322998046875,254.01358032226562,122.01921844482422,225.95335388183594,146.88772583007812,13.586332321166992,150.22116088867188,173.66603088378906,89.25173950195312
2023-09-20,129.7463836669922,1044.33203125,251.57769775390625,122.35899353027344,223.65383911132812,147.1781005859375,13.5380859375,143.85501098632812,172.42759704589844,88.29326629638672
2023-09-21,127.10041046142578,1028.8419189453125,244.4649200439453,118.47038269042969,220.35452270507812,143.30601501464844,13.267903327941895,142.57191467285156,171.57022094726562,86.26133728027344
2023-09-22,125.39942932128906,1010.3538208007812,243.97775268554688,116.92249298095703,220.5544891357422,142.4928741455078,13.127985954284668,141.23948669433594,169.76019287109375,86.18466186523438
2023-09-25,125.4466781616211,1009.3544311523438,242.4187774658203,116.05416107177734,219.75465393066406,142.43479919433594,13.147286415100098,137.29150390625,167.9501953125,85.2261962890625
2023-09-26,125.35218048095703,1014.3511962890625,244.36749267578125,116.63934326171875,219.6546630859375,142.53160095214844,12.997720718383789,136.9954071044922,170.52230834960938,85.11119079589844
2023-09-27,125.87191772460938,1013.3518676757812,242.02903747558594,117.03575897216797,218.75485229492188,144.69998168945312,13.195533752441406,137.9330291748047,171.8560028076172,85.60958099365234
2023-09-28,126.24991607666016,1017.8489990234375,245.24441528320312,119.62187194824219,221.45428466796875,145.0678253173828,13.287202835083008,138.62391662597656,171.3796844482422,85.11119079589844
2023-09-29,125.7774429321289,997.162109375,237.64447021484375,119.84839630126953,220.8544158935547,143.88682556152344,13.181058883666992,137.3901824951172,169.95071411132812,84.57444763183594
2023-10-02,124.5962142944336,1008.3550415039062,233.35731506347656,118.50814056396484,216.55532836914062,141.60231018066406,13.065266609191895,138.03172302246094,167.75967407226562,85.11119079589844
2023-10-03,123.88746643066406,1014.3511962890625,231.11630249023438,117.33778381347656,212.0562286376953,140.1696319580078,13.007369041442871,137.73562622070312,168.14071655273438,86.64471435546875
2023-10-04,121.52500915527344,977.3748779296875,227.02403259277344,116.60159301757812,210.75650024414062,139.1628875732422,12.737187385559082,131.4188232421875,163.94912719726562,84.61278533935547
2023-10-05,121.0525131225586,982.571533203125,228.3881072998047,116.58271789550781,210.45655822753906,138.64016723632812,12.621394157409668,133.44216918945312,165.94964599609375,85.11119079589844
2023-10-06,120.95801544189453,979.97314453125,227.8035125732422,117.30003356933594,208.7569122314453,140.1502685546875,12.486303329467773,129.49420166015625,165.18753051757812,83.76935577392578
2023-10-09,126.6279067993164,1024.3448486328125,244.0751953125,116.16743469238281,205.15765380859375,141.19573974609375,13.084565162658691,141.23948669433594,172.42759704589844,87.0280990600586
2023-10-10,127.95088195800781,1040.334716796875,248.07005310058594,118.5458984375,212.25621032714844,145.59054565429688,13.263078689575195,141.53558349609375,174.23760986328125,89.32840728759766
2023-10-11,131.3528594970703,1053.3262939453125,254.79307556152344,119.2254638671875,213.05604553222656,147.1974639892578,13.460890769958496,142.62127685546875,176.14288330078125,89.52009582519531
2023-10-12,134.94378662109375,1067.81689453125,261.7109680175781,118.69691467285156,211.7563018798828,147.29428100585938,13.808268547058105,145.63162231445312,178.7150115966797,93.2005844116211
2023-10-13,136.45574951171875,1078.8099365234375,262.1981201171875,115.1103286743164,213.15599060058594,144.31277465820312,13.470540046691895,143.5095672607422,178.52447509765625,92.97055053710938
2023-10-16,135.32176208496094,1076.3115234375,262.685302734375,116.03529357910156,213.45594787597656,145.6486358642578,13.769671440124512,142.1771240234375,177.85763549804688,92.66384887695312
2023-10-17,134.42404174804688,1074.31298828125,261.1263427734375,120.15042114257812,215.55551147460938,147.10067749023438,13.890288352966309,142.27581787109375,179.5723876953125,92.35714721679688
2023-10-18,133.76254272460938,1071.8143310546875,260.2494201660156,117.71532440185547,207.75714111328125,144.81614685058594,13.846867561340332,141.3875274658203,177.95289611816406,93.43062591552734
2023-10-19,130.6913604736328,1039.9464111328125,251.6751251220703,116.94136810302734,205.55758666992188,143.7126007080078,13.509138107299805,139.0680694580078,174.80918884277344,91.43701934814453
2023-10-20,130.26611328125,1060.9351806640625,253.2340850830078,114.44965362548828,198.90895080566406,140.30516052246094,13.37887191772461,137.3901824951172,173.4755096435547,89.5967788696289
2023-10-23,131.63633728027344,1067.431640625,252.25975036621094,115.62000274658203,203.4580078125,141.97015380859375,13.195533752441406,137.68629455566406,175.6665496826172,89.98015594482422
2023-10-24,133.809814453125,1076.9267578125,260.1520080566406,118.13060760498047,204.35781860351562,143.8674774169922,13.407819747924805,140.1537628173828,179.38185119628906,90.67024993896484
2023-10-25,134.23504638671875,1094.9171142578125,259.85968017578125,118.01734924316406,202.9581298828125,143.73194885253906,13.562209129333496,141.48622131347656,180.81082153320312,91.59037017822266
2023-10-26,134.18780517578125,1095.916748046875,264.0494079589844,119.33872985839844,200.45863342285156,143.015625,13.557385444641113,144.3978729248047,181.38238525390625,90.74693298339844
2023-10-27,133.29006958007812,1083.4232177734375,259.27508544921875,117.94184875488281,200.358642578125,141.97015380859375,13.364397048950195,139.6602783203125,177.38131713867188,93.5456314086914
2023-10-30,133.33731079101562,1102.4132080078125,263.1725158691406,119.11219787597656,201.95831298828125,143.36410522460938,13.67800235748291,140.25247192382812,178.33395385742188,88.17826080322266
2023-10-31,131.4945831298828,1103.41259765625,263.46478271484375,119.18770599365234,215.3555450439453,142.3186492919922,13.7358980178833,141.14077758789062,178.61973571777344,87.4114761352539
2023-11-01,130.73858642578125,1116.9053955078125,269.4083251953125,120.75448608398438,220.25454711914062,144.99037170410156,13.957834243774414,144.34849548339844,178.42921447753906,88.63832092285156
2023-11-02,129.8881072998047,1104.9117431640625,264.5365905761719,121.81156921386719,223.55386352539062,147.0038604736328,13.914411544799805,141.5849151611328,174.14234924316406,87.94822692871094
2023-11-03,127.66741180419922,1081.42431640625,263.46478271484375,121.81156921386719,220.8544158935547,145.2614288330078,13.837217330932617,141.97972106933594,172.1417999267578,86.37635040283203
2023-11-06,129.22662353515625,1075.9273681640625,265.4134826660156,121.20751953125,224.05377197265625,145.20335388183594,13.706951141357422,139.61093139648438,173.38023376464844,86.87474822998047
2023-11-07,128.5178985595703,1078.9256591796875,264.9263000488281,121.94371032714844,225.95335388183594,145.39694213867188,13.653878211975098,140.3018035888672,172.3323211669922,87.64151763916016
2023-11-08,129.84085083007812,1082.423828125,267.4596252441406,123.05744171142578,232.35203552246094,147.50723266601562,13.68282699584961,138.96937561035156,174.23760986328125,89.36673736572266
2023-11-09,129.557373046875,1089.420166015625,265.0237731933594,120.67897033691406,232.75196838378906,148.59141540527344,13.706951141357422,138.47589111328125,174.0470733642578,88.94503021240234
2023-11-10,130.974853515625,1102.9129638671875,266.5827331542969,121.26414489746094,231.95211791992188,148.18484497070312,14.348634719848633,138.57456970214844,174.23760986328125,88.21659088134766
2023-11-13,133.33731079101562,1107.41064453125,275.25445556640625,122.92530822753906,240.15045166015625,150.1402587890625,14.310036659240723,139.0680694580078,178.42921447753906,88.79166412353516
2023-11-14,130.45510864257812,1072.4293212890625,271.5519104003906,124.2466812133789,238.95068359375,152.11500549316406,13.890288352966309,138.08108520507812,177.66709899902344,90.17184448242188
2023-11-15,129.65187072753906,1067.431640625,273.1108703613281,123.83137512207031,243.54974365234375,152.6571044921875,13.851691246032715,137.4395294189453,177.0955047607422,90.90028381347656
2023-11-16,129.3211212158203,1061.434814453125,269.7006530761719,124.07678985595703,244.4495391845703,153.93490600585938,13.875815391540527,136.35382080078125,175.38076782226562,89.7501220703125
2023-11-17,130.54959106445312,1054.9384765625,271.941650390625,124.83184051513672,243.9496612548828,155.4256591796875,14.141172409057617,137.1434326171875,178.7150115966797,89.48175811767578
2023-11-20,130.73858642578125,1060.435546875,271.64935302734375,125.56802368164062,245.4493408203125,155.56118774414062,14.396881103515625,140.7459716796875,179.4770965576172,89.90348052978516
2023-11-21,132.39231872558594,1064.9329833984375,281.6851501464844,126.24760437011719,242.9498748779297,155.8128662109375,14.150821685791016,139.4135284423828,180.62030029296875,90.51689910888672
2023-11-22,132.91207885742188,1060.435546875,281.5877380371094,126.47412872314453,237.4509735107422,155.75477600097656,13.88546371459961,140.40052795410156,178.61973571777344,90.78527069091797
2023-11-23,132.7703094482422,1071.4296875,276.22882080078125,127.02156066894531,240.65032958984375,155.75477600097656,14.001256942749023,140.40052795410156,178.42921447753906,91.82040405273438
2023-11-24,132.81756591796875,1067.431640625,276.13134765625,127.09705352783203,240.9502716064453,155.87095642089844,14.010906219482422,140.1044158935547,179.38185119628906,91.8587417602539
2023-11-27,129.8881072998047,1048.941650390625,266.9724426269531,126.09659576416016,243.1498260498047,154.6706085205078,13.51878833770752,133.04737854003906,174.7139129638672,90.63190460205078
2023-11-28,130.73858642578125,1049.941162109375,267.0699157714844,127.00267791748047,258.2467041015625,156.04519653320312,13.673177719116211,133.88633728027344,176.52394104003906,89.21338653564453
2023-11-29,131.02210998535156,1034.44921875,268.1417236328125,127.9465103149414,263.34564208984375,155.0190887451172,13.629755020141602,135.12005615234375,176.23814392089844,89.06002807617188
2023-11-30,129.41563415527344,1049.4412841796875,268.921142578125,128.55055236816406,268.7445373535156,155.87095642089844,13.576683044433594,133.04737854003906,173.7612762451172,89.02169799804688
2023-12-01,131.4945831298828,1058.9364013671875,274.4749755859375,130.32496643066406,276.6429443359375,157.9231414794922,13.832392692565918,135.7122802734375,175.38076782226562,90.7085952758789
2023-12-04,129.0848846435547,1046.443115234375,276.13134765625,129.3245086669922,285.3410949707031,156.103271484375,13.6345796585083,136.84730529785156,171.284423828125,86.83641052246094
2023-12-05,128.7046356201172,1043.9443359375,276.22882080078125,128.89035034179688,284.6412658691406,155.3482208251953,13.417468070983887,136.64991760253906,173.66603088378906,85.99296569824219
2023-12-06,129.46510314941406,1030.451416015625,275.25445556640625,130.5326385498047,288.54046630859375,158.7362823486328,13.427117347717285,134.08375549316406,172.99917602539062,85.18785858154297
2023-12-07,128.79971313476562,1018.4578247070312,270.869873046875,130.58924865722656,286.1409606933594,158.87181091308594,13.103863716125488,131.7642822265625,170.52230834960938,83.5009765625
2023-12-08,132.07911682128906,1041.9454345703125,277.3980407714844,133.8549346923828,289.2403259277344,159.3364715576172,13.364397048950195,134.23178100585938,173.7612762451172,85.41790008544922
2023-12-11,130.60574340820312,1041.9454345703125,276.6185302734375,134.3079833984375,296.8387451171875,160.1883087158203,13.330623626708984,133.39283752441406,172.1417999267578,85.14952087402344
2023-12-12,130.6532745361328,1055.9378662109375,279.44415283203125,134.6666259765625,304.63714599609375,162.12437438964844,13.354747772216797,137.48890686035156,170.7128448486328,85.83960723876953
2023-12-13,131.8414764404297,1065.432861328125,282.3672180175781,134.3079833984375,301.73773193359375,160.420654296875,13.924060821533203,139.61093139648438,171.47496032714844,87.18145751953125
2023-12-14,127.8967056274414,1045.443603515625,278.4698181152344,132.19375610351562,299.9380798339844,155.6386260986328,13.928885459899902,139.70962524414062,167.56912231445312,86.64471435546875
2023-12-15,128.2293701171875,1057.4371337890625,278.27496337890625,131.68409729003906,290.0401306152344,155.03846740722656,14.261789321899414,141.288818359375,168.23597717285156,87.67986297607422
2023-12-18,128.60960388183594,1067.9315185546875,276.033935546875,131.3632049560547,292.33966064453125,155.61924743652344,14.049503326416016,143.5095672607422,170.14126586914062,88.13990783691406
2023-12-19,128.1343231201172,1064.433349609375,277.6903381347656,132.02389526367188,294.9391174316406,155.07717895507812,14.189419746398926,144.2004852294922,170.42706298828125,88.83000183105469
2023-12-20,127.23130798339844,1086.421630859375,277.105712890625,130.13623046875,298.8383483886719,153.0636749267578,14.107398986816406,147.3095245361328,171.284423828125,89.09837341308594
2023-12-21,128.2769012451172,1092.9183349609375,278.85955810546875,130.7402801513672,299.7381591796875,154.24465942382812,14.170122146606445,148.1977996826172,171.8560028076172,88.5616455078125
2023-12-22,127.75410461425781,1089.420166015625,277.3980407714844,131.6085968017578,302.33758544921875,154.7286834716797,14.232841491699219,146.22381591796875,171.57022094726562,87.79486083984375
2023-12-27,127.65904998779297,1094.4173583984375,279.5415954589844,131.58970642089844,298.73834228515625,154.8448486328125,14.353459358215332,148.24716186523438,171.47496032714844,88.17826080322266
2023-12-28,127.46894073486328,1100.9140625,280.32110595703125,131.83511352539062,298.03851318359375,154.51573181152344,14.42582893371582,149.48089599609375,170.7128448486328,88.75332641601562
2023-12-29,127.32635498046875,1109.9093017578125,279.6390380859375,131.9295196533203,299.63818359375,154.36083984375,14.411355972290039,149.925048828125,170.7128448486328,89.21338653564453
2024-01-02,126.85107421875,1115.40625,291.5261535644531,133.3452606201172,298.03851318359375,154.9610137939453,14.705660820007324,152.3432159423828,171.47496032714844,90.286865234375
2024-01-03,127.61151123046875,1133.3968505859375,289.3825378417969,129.45664978027344,294.7391662597656,153.58641052246094,14.903472900390625,150.66531372070312,172.42759704589844,90.24851989746094
2024-01-04,130.32058715820312,1154.88525390625,297.2748107910156,131.55197143554688,297.738525390625,155.21267700195312,15.75744342803955,155.55096435546875,176.9049835205078,92.54883575439453
2024-01-05,129.9403839111328,1152.386474609375,297.2748107910156,131.85398864746094,296.538818359375,154.4382781982422,15.63682746887207,156.78469848632812,176.04762268066406,92.6255111694336
2024-01-08,130.32058715820312,1144.3907470703125,299.51580810546875,135.1574249267578,305.13702392578125,156.0258331298828,15.79604434967041,156.68600463867188,174.33287048339844,92.35714721679688
2024-01-09,130.4156494140625,1145.889892578125,297.2748107910156,135.0819091796875,308.73626708984375,156.60665893554688,15.88288688659668,159.40023803710938,175.38076782226562,94.96414184570312
2024-01-10,131.55630493164062,1154.88525390625,298.1517333984375,135.9502410888672,309.13623046875,158.38780212402344,16.0517520904541,160.5352783203125,176.80975341796875,95.80757904052734
2024-01-11,131.88900756835938,1162.8809814453125,300.2953186035156,135.7992401123047,296.938720703125,158.7362823486328,16.365354537963867,162.70669555664062,175.76182556152344,96.80438232421875
2024-01-12,134.83572387695312,1188.8671875,307.7003479003906,140.82044982910156,304.93707275390625,163.11175537109375,16.6693115234375,166.95077514648438,180.71554565429688,98.43377685546875
2024-01-15,131.88900756835938,1177.373291015625,307.5054931640625,139.70672607421875,299.9380798339844,163.13113403320312,16.442550659179688,168.03648376464844,169.09335327148438,97.95453643798828
2024-01-16,131.9365234375,1180.3717041015625,312.1824035644531,139.366943359375,298.13848876953125,162.5309295654297,16.495622634887695,168.8260955810547,167.85491943359375,99.8714599609375
2024-01-17,131.46127319335938,1191.36572265625,317.44390869140625,138.78173828125,296.538818359375,161.4854736328125,16.452199935913086,168.08583068847656,168.9980926513672,100.82991790771484
2024-01-18,129.70272827148438,1177.8729248046875,325.62847900390625,141.61325073242188,306.436767578125,165.57052612304688,16.28816032409668,169.91177368164062,166.33071899414062,101.50083923339844
2024-01-19,126.42332458496094,1173.3753662109375,321.8284606933594,140.4806671142578,304.93707275390625,164.40890502929688,15.8635892868042,165.51963806152344,162.90121459960938,100.63822937011719
2024-01-22,127.8967056274414,1166.8787841796875,325.23870849609375,141.61325073242188,308.8362121582031,166.4998321533203,15.921483039855957,168.92477416992188,164.80648803710938,101.50083923339844
2024-01-23,127.51644897460938,1163.380615234375,316.7618408203125,139.68783569335938,301.73773193359375,163.40216064453125,15.569281578063965,165.37159729003906,163.09173583984375,101.0216064453125
2024-01-24,127.84916687011719,1175.8739013671875,323.1925964355469,138.4986114501953,307.0366516113281,165.8802947998047,15.786394119262695,168.1845245361328,165.18753051757812,100.92576599121094
2024-01-25,128.51454162597656,1181.37109375,319.392578125,140.140869140625,306.436767578125,166.42239379882812,15.824991226196289,167.49363708496094,163.94912719726562,102.26760864257812
2024-01-26,128.32444763183594,1167.3787841796875,308.8695983886719,140.8959503173828,305.33697509765625,168.24227905273438,15.559632301330566,165.37159729003906,164.33016967773438,101.40499877929688
2024-01-29,130.4156494140625,1181.8709716796875,318.223388671875,140.70718383789062,303.937255859375,168.91989135742188,15.632003784179688,167.148193359375,166.90228271484375,102.93852996826172
2024-01-30,130.13046264648438,1185.3690185546875,316.56695556640625,141.44337463378906,307.0366516113281,169.01669311523438,15.665775299072266,167.3455810546875,166.33071899414062,103.32191467285156
2024-01-31,128.6571502685547,1176.373779296875,316.46954345703125,139.49908447265625,301.1378479003906,167.87442016601562,15.63682746887207,166.01312255859375,167.18807983398438,102.93852996826172
2024-02-01,128.46701049804688,1168.8778076171875,320.0746765136719,139.12155151367188,298.73834228515625,167.68081665039062,15.45348834991455,166.9014434814453,167.37860107421875,103.51360321044922
2024-02-02,128.94227600097656,1171.37646484375,319.7823486328125,140.91482543945312,310.13604736328125,169.8491973876953,15.434189796447754,167.9871368408203,168.8075714111328,103.70529174804688
2024-02-05,128.2769012451172,1178.3726806640625,319.10028076171875,140.68832397460938,309.7360534667969,169.9072723388672,15.67542552947998,167.64169311523438,164.52069091796875,104.28038024902344
2024-02-06,130.0829620361328,1204.858642578125,324.9464111328125,143.21780395507812,317.7344055175781,171.33995056152344,16.259212493896484,169.81307983398438,166.90228271484375,104.85543823242188
2024-02-07,129.4175567626953,1197.8623046875,325.23870849609375,142.21731567382812,322.8333435058594,169.79110717773438,16.080699920654297,170.60269165039062,166.99755859375,104.95128631591797
2024-02-08,127.2788314819336,1194.3642578125,323.58233642578125,142.84024047851562,317.6344299316406,169.8104705810547,15.88288688659668,171.5403289794922,165.37808227539062,104.08868408203125
2024-02-09,127.08870697021484,1208.8564453125,327.9669189453125,142.06631469726562,318.03436279296875,170.7784881591797,16.413602828979492,178.696044921875,164.04437255859375,115.01512145996094
2024-02-12,127.32635498046875,1223.3486328125,339.951416015625,141.5377655029297,309.0362243652344,169.36517333984375,16.601764678955078,188.46734619140625,164.42543029785156,119.99910736083984
2024-02-13,125.90052795410156,1211.85498046875,355.63848876953125,140.53729248046875,306.2367858886719,168.0486602783203,16.640363693237305,185.8024444580078,163.663330078125,120.57418823242188
2024-02-14,131.03350830078125,1229.345703125,355.0538635253906,141.82090759277344,312.1355895996094,170.29449462890625,17.648725509643555,191.42832946777344,168.61703491210938,124.695556640625
2024-02-15,132.6969757080078,1224.34814453125,367.5256042480469,140.53729248046875,319.9339294433594,177.30296325683594,17.92855453491211,192.02053833007812,174.0470733642578,124.98308563232422
2024-02-16,133.69505310058594,1241.3392333984375,378.24346923828125,138.12107849121094,323.2332763671875,181.8720245361328,18.111894607543945,195.47503662109375,175.57130432128906,125.55815887451172
2024-02-19,127.37386322021484,1247.3359375,393.73565673828125,136.19564819335938,334.1310729980469,183.0723876953125,18.517168045043945,196.659423828125,172.3323211669922,126.995849609375
2024-02-20,128.46701049804688,1252.3333740234375,391.5920715332031,136.81857299804688,330.4317932128906,184.36952209472656,18.47857093811035,197.3009796142578,173.95181274414062,126.9000015258789
2024-02-21,128.18186950683594,1240.83935546875,389.7408447265625,137.66802978515625,329.4320068359375,183.14981079101562,18.36277961730957,196.21530151367188,173.4755096435547,126.70831298828125
2024-02-22,127.61151123046875,1231.3446044921875,391.3972473144531,139.00828552246094,356.726318359375,185.3181915283203,18.411026000976562,190.58938598632812,174.0470733642578,127.18755340576172
2024-02-23,128.89476013183594,1239.840087890625,399.776611328125,139.65008544921875,353.0271301269531,186.84767150878906,18.333829879760742,194.88282775878906,173.66603088378906,128.43356323242188
2024-02-26,131.88900756835938,1255.3316650390625,410.9816589355469,139.06491088867188,361.1254577636719,187.46719360351562,19.279468536376953,203.07492065429688,175.95236206054688,129.87123107910156
2024-02-27,130.0829620361328,1234.8426513671875,404.1612243652344,139.68783569335938,358.5260009765625,186.17005920410156,18.82594871520996,197.4490203857422,174.0470733642578,128.9127655029297
2024-02-28,129.84532165527344,1228.8458251953125,410.59197998046875,145.0865936279297,370.4235534667969,187.04127502441406,18.951391220092773,201.0022430419922,175.28550720214844,129.4878387451172
2024-02-29,130.27308654785156,1241.3392333984375,413.1252746582031,144.35040283203125,369.02386474609375,187.50592041015625,19.062358856201172,201.44638061523438,174.23760986328125,129.67953491210938
2024-03-01,128.7046356201172,1249.3349609375,418.0944519042969,144.06724548339844,374.72265625,187.2542266845703,19.530353546142578,202.6801300048828,174.42816162109375,130.63800048828125
2024-03-04,131.50877380371094,1259.32958984375,418.97137451171875,146.6344757080078,376.32232666015625,190.197021484375,19.819835662841797,210.9215545654297,178.52447509765625,131.50059509277344
2024-03-05,143.43821716308594,1279.3189697265625,423.3559875488281,148.72979736328125,374.8226318359375,191.49417114257812,19.98387336730957,202.4827117919922,184.24029541015625,132.17152404785156
2024-03-06,139.73106384277344,1275.3211669921875,421.21234130859375,149.3527374267578,378.92181396484375,192.36538696289062,20.147912979125977,201.19964599609375,174.23760986328125,128.81692504882812
2024-03-07,138.6854248046875,1271.3232421875,425.3046569824219,149.44711303710938,389.9195251464844,190.33251953125,20.041772842407227,205.0982666015625,174.42816162109375,129.3920135498047
2024-03-08,136.16648864746094,1257.33056640625,410.9816589355469,149.18284606933594,386.32025146484375,189.19029235839844,19.964576721191406,202.8775177001953,172.237060546875,127.09170532226562
2024-03-11,133.74256896972656,1259.32958984375,404.84326171875,147.9936065673828,383.1209411621094,188.2996826171875,19.154027938842773,208.84886169433594,168.71231079101562,128.2418670654297
2024-03-12,135.3109893798828,1281.8177490234375,407.57147216796875,149.12620544433594,391.7191467285156,191.59097290039062,19.30841827392578,209.53976440429688,167.9501953125,128.3376922607422
2024-03-13,136.64173889160156,1289.8133544921875,410.4945068359375,150.3343048095703,393.7187194824219,192.63644409179688,19.974225997924805,209.7864990234375,167.9501953125,128.9127655029297
2024-03-14,138.82803344726562,1293.8114013671875,432.2225646972656,151.35366821289062,389.3196716308594,193.9916534423828,20.611085891723633,212.6981658935547,170.99862670898438,129.5836944580078
2024-03-15,139.3983612060547,1294.3109130859375,445.18145751953125,153.61886596679688,393.4188232421875,195.8793182373047,20.533889770507812,214.6721649169922,169.85546875,131.11721801757812
2024-03-18,141.25193786621094,1304.305908203125,464.8633728027344,154.05303955078125,389.9195251464844,196.8473358154297,20.997060775756836,218.5214385986328,171.76075744628906,136.1970672607422
2024-03-19,143.6758270263672,1326.793701171875,475.2889404296875,156.84678649902344,400.6173095703125,199.2673797607422,21.334789276123047,221.97593688964844,174.23760986328125,136.5804443359375
2024-03-20,145.33929443359375,1335.2891845703125,465.35052490234375,158.62120056152344,406.6161193847656,198.2993621826172,21.44093132019043,224.29539489746094,178.7150115966797,138.0181427001953
2024-03-21,147.38299560546875,1350.781005859375,479.1863098144531,159.79156494140625,420.11328125,200.04180908203125,21.23829460144043,224.9862823486328,178.8102569580078,137.63475036621094
2024-03-22,149.4266815185547,1362.7745361328125,487.5657653808594,160.3578643798828,419.8133544921875,200.62261962890625,21.57602310180664,230.56285095214844,183.7639923095703,141.2769012451172
2024-03-25,152.3258514404297,1359.2763671875,494.1913757324219,160.5655059814453,421.01312255859375,201.39703369140625,22.164634704589844,233.52383422851562,197.19619750976562,142.52288818359375
2024-03-26,152.99124145507812,1368.2716064453125,507.637451171875,161.05630493164062,427.91168212890625,204.25270080566406,22.232181549072266,237.37310791015625,194.52880859375,143.1938018798828
2024-03-27,150.75746154785156,1352.7799072265625,498.478515625,161.96238708496094,421.9129333496094,202.6554718017578,22.154985427856445,237.96533203125,196.24356079101562,143.6730499267578
2024-03-28,150.23464965820312,1348.7818603515625,507.637451171875,161.13182067871094,426.61199951171875,203.33306884765625,22.46376609802246,234.90562438964844,194.33828735351562,143.6730499267578
2024-04-02,149.521728515625,1330.2919921875,514.068115234375,157.77175903320312,418.8135681152344,198.7349853515625,22.174283981323242,234.4614715576172,194.52880859375,142.61874389648438
2024-04-03,151.61294555664062,1319.7974853515625,519.9142456054688,158.62120056152344,423.9125061035156,199.7030029296875,22.47341537475586,238.36012268066406,196.0530242919922,144.05642700195312
2024-04-04,150.09205627441406,1312.3013916015625,523.22705078125,158.52684020996094,418.9135437011719,199.8966064453125,22.270780563354492,236.87960815429688,196.0530242919922,141.8519744873047
2024-04-05,151.13768005371094,1325.29443359375,523.0321655273438,158.5834503173828,421.01312255859375,198.92857360839844,22.454116821289062,236.4848175048828,195.4814453125,145.39828491210938
2024-04-08,154.5121307373047,1336.788330078125,546.2217407226562,160.9619140625,429.0114440917969,201.34864807128906,22.869041442871094,242.2093963623047,200.05410766601562,146.5484161376953
2024-04-09,146.9552459716797,1276.320556640625,508.6117858886719,155.4310302734375,412.1149597167969,197.08934020996094,20.8233699798584,218.57078552246094,193.0045928955078,138.59323120117188
2024-04-10,147.2879180908203,1274.8212890625,509.5861511230469,154.99688720703125,408.41571044921875,198.83177185058594,20.87161636352539,220.05130004882812,192.62353515625,143.86474609375
2024-04-11,148.57119750976562,1285.315673828125,519.134765625,153.14694213867188,406.8160400390625,198.83177185058594,20.948814392089844,223.01229858398438,191.28982543945312,144.2481231689453
2024-04-12,150.9475555419922,1317.798583984375,529.2680053710938,153.75099182128906,404.6164855957031,199.218994140625,21.344436645507812,227.6676788330078,195.1003875732422,147.41102600097656
2024-04-15,152.1357421875,1336.788330078125,537.6473999023438,154.4116973876953,406.7160949707031,201.2518310546875,21.836557388305664,233.41258239746094,197.95831298828125,148.1778106689453
2024-04-16,150.4247589111328,1320.7969970703125,529.462890625,152.68321228027344,397.7178955078125,198.44456481933594,21.875154495239258,227.7667236328125,197.19619750976562,145.7816619873047
2024-04-17,149.33163452148438,1319.297607421875,518.160400390625,153.54745483398438,401.3171691894531,200.09019470214844,21.50847816467285,225.9342803955078,197.00567626953125,146.5484161376953
2024-04-18,147.5731201171875,1286.4954833984375,497.3092956542969,154.2772674560547,402.41693115234375,201.542236328125,21.199697494506836,223.6561279296875,195.67196655273438,143.48135375976562
2024-04-19,147.5731201171875,1295.4921875,491.07342529296875,153.681884765625,395.41839599609375,199.3157958984375,20.919864654541016,222.02178955078125,195.4814453125,143.1938018798828
2024-04-22,149.806884765625,1315.484130859375,496.72467041015625,155.02626037597656,406.21612548828125,198.7349853515625,20.987411499023438,221.427490234375,192.43301391601562,143.57720947265625
2024-04-23,150.9000244140625,1339.474853515625,501.40155029296875,156.25543212890625,417.11395263671875,202.31666564941406,21.450580596923828,229.79725646972656,195.86251831054688,145.8774871826172
2024-04-24,152.08822631835938,1362.965576171875,507.2476501464844,155.77528381347656,416.9139709472656,203.478271484375,21.209346771240234,231.87733459472656,195.67196655273438,149.04042053222656
2024-04-25,148.9038543701172,1319.4825439453125,499.8426208496094,152.22227478027344,405.6163024902344,200.8646240234375,20.668981552124023,227.8657684326172,192.2424774169922,144.72735595703125
2024-04-26,150.85250854492188,1339.474853515625,510.95025634765625,150.82028198242188,421.01312255859375,201.92945861816406,20.997060775756836,225.6371307373047,194.14776611328125,145.49412536621094
2024-04-29,150.5673370361328,1354.46875,511.5347900390625,149.7063751220703,414.71441650390625,198.34776306152344,21.31549072265625,228.06387329101562,193.1951141357422,146.64425659179688
2024-04-30,150.13958740234375,1332.4775390625,503.9349060058594,148.53482055664062,413.0147399902344,197.67015075683594,20.87161636352539,217.5644989013672,191.67088317871094,150.66978454589844
2024-05-01,150.13958740234375,1337.4754638671875,503.9349060058594,148.53482055664062,407.4159240722656,197.67015075683594,20.87161636352539,217.5644989013672,191.67088317871094,150.66978454589844
2024-05-02,150.85250854492188,1328.9788818359375,499.2580261230469,147.47854614257812,406.4161071777344,196.31492614746094,20.77512550354004,215.63302612304688,190.71826171875,151.81993103027344
2024-05-03,153.0863037109375,1360.96630859375,522.8373413085938,148.2083282470703,418.01373291015625,199.79978942871094,21.045305252075195,217.71310424804688,192.2424774169922,153.3534698486328
2024-05-06,155.08245849609375,1360.96630859375,532.385986328125,150.43617248535156,418.01373291015625,199.79978942871094,21.672515869140625,222.91326904296875,195.1003875732422,157.47486877441406
2024-05-07,154.98741149902344,1372.4617919921875,515.2373657226562,152.54876708984375,418.31365966796875,202.123046875,20.707576751708984,221.87319946289062,193.9572296142578,154.9828643798828
2024-05-08,157.41131591796875,1380.95849609375,521.08349609375,155.10308837890625,428.6115417480469,204.34951782226562,21.276891708374023,229.54962158203125,193.0045928955078,158.27008056640625
2024-05-09,159.6450958251953,1391.4544677734375,527.9039306640625,155.98654174804688,433.8104553222656,205.51113891601562,21.32513999938965,229.54962158203125,197.38671875,158.27008056640625
2024-05-10,158.83712768554688,1393.45361328125,522.0578002929688,153.48983764648438,423.5126037597656,205.70472717285156,21.961999893188477,224.1513671875,197.00567626953125,160.78384399414062
2024-05-13,157.60142517089844,1348.4713134765625,522.4475708007812,151.6845245361328,420.6131896972656,202.8006591796875,21.22864532470703,222.86370849609375,197.95831298828125,162.81419372558594
2024-05-14,156.36570739746094,1351.4700927734375,508.22198486328125,152.39512634277344,419.513427734375,201.73582458496094,21.161100387573242,228.21243286132812,199.10147094726562,160.97720336914062
2024-05-15,157.55389404296875,1362.4656982421875,507.7294921875,153.64349365234375,426.4119873046875,204.93031311035156,21.71111297607422,232.76878356933594,198.72042846679688,163.97439575195312
2024-05-16,159.02725219726562,1363.4654541015625,505.7592468261719,152.64480590820312,420.3132629394531,201.155029296875,22.405868530273438,235.93838500976562,201.38780212402344,166.9715576171875
2024-05-17,158.74208068847656,1360.96630859375,504.38006591796875,152.64480590820312,418.01373291015625,201.8326416015625,22.46376609802246,237.52320861816406,199.48251342773438,166.9715576171875
2024-05-20,160.6431884765625,1371.462158203125,523.2943725585938,154.546142578125,436.7098388671875,205.70472717285156,22.772546768188477,239.60325622558594,200.034423828125,166.9715576171875
2024-05-21,161.8499298095703,1386.456298828125,519.1568603515625,154.93023681640625,432.91064453125,205.80154418945312,22.579559326171875,243.66432189941406,199.0662078857422,169.29196166992188
2024-05-22,160.54666137695312,1372.961669921875,514.2312622070312,154.027587890625,427.91168212890625,208.02798461914062,22.637453079223633,244.1595916748047,197.1297607421875,171.51565551757812
2024-05-23,162.04302978515625,1396.452392578125,526.0526733398438,154.8726348876953,440.3091125488281,210.73843383789062,22.75324821472168,247.131103515625,199.64712524414062,174.99624633789062
2024-05-24,160.45010375976562,1385.4566650390625,522.9002685546875,152.79843139648438,444.70819091796875,209.5768280029297,22.64710235595703,247.72543334960938,197.710693359375,174.99624633789062
2024-05-27,161.22242736816406,1385.4566650390625,524.2794799804688,153.12493896484375,444.70819091796875,211.7064666748047,22.965534210205078,248.4187774658203,195.9678955078125,174.89955139160156
2024-05-28,158.32620239257812,1370.9625244140625,515.807373046875,152.1646728515625,450.9069519042969,210.0441131591797,22.704999923706055,245.15008544921875,191.99818420410156,172.38580322265625
2024-05-29,158.37448120117188,1361.4661865234375,507.3354187011719,150.51300048828125,446.9077453613281,207.892822265625,22.251480102539062,233.3630828857422,190.1585693359375,171.12893676757812
2024-05-30,158.6158447265625,1372.4617919921875,508.9115905761719,152.7792510986328,450.9069519042969,209.06625366210938,22.28042984008789,237.72129821777344,188.89988708496094,172.09576416015625
2024-05-31,160.88450622558594,1391.4544677734375,519.9448852539062,149.7063751220703,453.306396484375,209.359619140625,22.74359893798828,250.99407958984375,192.67593383789062,174.3194580078125
2024-06-03,161.70513916015625,1394.9530029296875,527.0377807617188,149.1302032470703,460.8049011230469,210.63082885742188,23.293611526489258,254.06463623046875,189.57763671875,176.92991638183594
2024-06-04,161.12586975097656,1384.45703125,509.3056640625,146.5374755859375,447.9075622558594,206.62161254882812,22.859392166137695,247.92352294921875,187.73800659179688,170.35546875
2024-06-05,162.6222686767578,1391.4544677734375,515.807373046875,147.09442138671875,453.20648193359375,207.3061065673828,22.965534210205078,246.53677368164062,186.4793243408203,172.6758575439453
2024-06-06,165.56674194335938,1393.45361328125,516.0044555664062,147.42091369628906,458.10546875,206.23045349121094,22.907638549804688,246.53677368164062,187.0602569580078,174.99624633789062
2024-06-07,166.87005615234375,1394.4532470703125,524.8704833984375,144.040771484375,456.80572509765625,203.98138427734375,23.322561264038086,269.6155700683594,186.9634552001953,180.21713256835938
2024-06-10,163.73248291015625,1399.4512939453125,523.4913330078125,143.52223205566406,464.9040832519531,203.6880340576172,23.544496536254883,260.89910888671875,186.76979064941406,178.4768524169922
2024-06-11,159.38815307617188,1383.45751953125,509.69970703125,142.60035705566406,464.9040832519531,202.6123809814453,22.49271583557129,257.5314025878906,182.50962829589844,176.92991638183594
2024-06-12,157.74696350097656,1387.955810546875,505.95623779296875,143.4261932373047,469.3031311035156,203.59024047851562,22.05849266052246,251.98458862304688,178.9272003173828,177.89674377441406
2024-06-13,155.52655029296875,1382.4578857421875,498.4693603515625,140.0076141357422,467.7034606933594,198.30979919433594,21.57602310180664,246.73489379882812,177.958984375,176.73654174804688
2024-06-14,145.1001739501953,1334.476806640625,472.0682373046875,138.10629272460938,457.7055358886719,192.29595947265625,20.437395095825195,238.71180725097656,168.6640625,168.51849365234375
2024-06-17,146.7896270751953,1336.4759521484375,478.76702880859375,140.0076141357422,461.5047607421875,195.4739990234375,21.02600860595703,240.49472045898438,170.21322631835938,167.74502563476562
2024-06-18,147.7550506591797,1344.4727783203125,483.4955749511719,142.23544311523438,467.803466796875,198.21200561523438,21.624271392822266,236.82984924316406,170.50369262695312,168.8085479736328
2024-06-19,149.0100860595703,1349.970703125,480.6387634277344,142.06260681152344,472.40252685546875,196.3540802001953,21.846206665039062,240.98997497558594,173.60198974609375,169.09857177734375
2024-06-20,152.19589233398438,1345.9722900390625,488.9136962890625,142.8500213623047,485.3998107910156,198.89649963378906,22.03919219970703,237.8203582763672,176.02255249023438,169.0019073486328
2024-06-21,151.18223571777344,1338.4752197265625,483.6925964355469,142.67718505859375,473.1023864746094,198.0164337158203,21.682165145874023,237.8203582763672,172.9242401123047,172.4824981689453
2024-06-24,152.6303253173828,1351.9698486328125,492.95269775390625,142.86923217773438,471.2027282714844,201.43894958496094,21.779878616333008,243.02052307128906,173.89247131347656,169.48532104492188
2024-06-25,149.6858673095703,1336.4759521484375,487.6330871582031,129.42543029785156,465.9038391113281,194.83840942382812,21.144752502441406,240.29661560058594,170.11639404296875,168.4217987060547
2024-06-26,146.69308471679688,1327.4794921875,482.8059997558594,125.7763900756836,461.604736328125,192.49154663085938,20.959102630615234,244.5557861328125,167.40536499023438,165.42465209960938
2024-06-27,145.2932586669922,1322.4814453125,468.71881103515625,125.44990539550781,454.6062316894531,193.42051696777344,20.92978858947754,249.3102264404297,165.08164978027344,168.2284393310547
2024-06-28,144.32786560058594,1319.4825439453125,468.6203308105469,123.1644515991211,456.70574951171875,193.02935791015625,21.183837890625,252.57888793945312,164.21026611328125,168.2284393310547
2024-07-01,146.74136352539062,1271.50146484375,476.2057189941406,126.4101791381836,452.70654296875,197.62530517578125,21.320632934570312,254.36178588867188,165.7593994140625,174.3194580078125
2024-07-02,146.2586669921875,1267.5029296875,474.6295166015625,126.64064025878906,446.1079406738281,196.25628662109375,21.06658363342285,243.4662322998047,162.56427001953125,170.4521484375
2024-07-03,149.734130859375,1276.9993896484375,497.4842529296875,130.4433135986328,455.7059326171875,198.70094299316406,21.86781883239746,251.04359436035156,164.0166015625,169.77536010742188
2024-07-04,151.03741455078125,1277.9989013671875,507.5324401855469,130.6929931640625,461.8046875,200.167724609375,22.336833953857422,255.20370483398438,167.59901428222656,170.6455078125
2024-07-05,149.54104614257812,1262.005126953125,483.2985534667969,130.8658447265625,454.10626220703125,198.0164337158203,21.936216354370117,250.25119018554688,165.08164978027344,169.77536010742188
2024-07-08,148.52737426757812,1270.001953125,489.6033020019531,130.28965759277344,461.204833984375,201.0478057861328,21.721250534057617,254.36178588867188,164.8880157470703,171.12893676757812
2024-07-09,146.69308471679688,1268.0028076171875,493.34674072265625,126.60222625732422,447.607666015625,197.5275115966797,21.936216354370117,254.5598907470703,164.8880157470703,172.86920166015625
2024-07-10,147.9964141845703,1279.498291015625,493.7408142089844,128.0042266845703,454.10626220703125,200.26551818847656,22.50294303894043,263.17730712890625,165.4689178466797,192.01246643066406
2024-07-11,148.86524963378906,1279.498291015625,503.00091552734375,126.71746826171875,453.1065368652344,199.77658081054688,22.43454360961914,263.3753967285156,164.69436645507812,199.74710083007812
2024-07-12,148.86524963378906,1267.5029296875,501.4247131347656,128.06182861328125,449.9071350097656,200.26551818847656,22.415002822875977,261.09722900390625,164.50071716308594,205.1613311767578
2024-07-15,147.94813537597656,1278.498779296875,507.7294921875,127.71614837646484,449.4072570800781,196.74522399902344,22.7081356048584,261.6915588378906,163.72613525390625,204.58126831054688
2024-07-16,147.32061767578125,1284.9962158203125,505.7592468261719,127.71614837646484,458.8053283691406,198.30979919433594,22.81562042236328,265.7525939941406,164.21026611328125,207.48175048828125
2024-07-17,145.67942810058594,1265.50390625,476.50128173828125,126.83268737792969,447.10772705078125,198.11422729492188,22.287975311279297,262.3848876953125,162.08016967773438,205.54808044433594
2024-07-18,148.044677734375,1276.9993896484375,485.662841796875,125.68036651611328,434.51031494140625,194.74061584472656,22.209808349609375,265.1583251953125,162.75791931152344,206.128173828125
2024-07-19,147.22406005859375,1269.502197265625,482.904541015625,126.56381225585938,446.0079650878906,193.32272338867188,22.24889373779297,248.171142578125,159.27232360839844,205.934814453125
2024-07-22,149.10659790039062,1276.9993896484375,486.3524475097656,127.29362487792969,443.2085266113281,196.4518585205078,22.522483825683594,239.0585174560547,158.5945587158203,210.3822479248047
2024-07-23,139.1147003173828,1271.50146484375,486.450927734375,126.94792938232422,459.90509033203125,201.0478057861328,22.551799774169922,240.0985107421875,157.04541015625,214.6362762451172
2024-07-24,140.17662048339844,1259.00634765625,488.6181945800781,125.4114990234375,443.8083801269531,196.0607147216797,21.643081665039062,248.7654266357422,169.14817810058594,211.9291534423828
2024-07-25,138.00445556640625,1249.510009765625,464.38427734375,123.83665466308594,430.91107177734375,195.08285522460938,20.792993545532227,235.29457092285156,169.6322784423828,203.22769165039062
2024-07-26,139.1147003173828,1272.001220703125,482.0179138183594,125.6995620727539,441.7088317871094,198.89649963378906,21.428117752075195,239.20706176757812,175.63525390625,209.22203063964844
2024-07-29,139.88699340820312,1276.4993896484375,485.9583435058594,125.04659271240234,439.709228515625,195.376220703125,21.731021881103516,240.94044494628906,179.21768188476562,208.83529663085938
2024-07-30,141.96261596679688,1281.4974365234375,491.08099365234375,128.27310180664062,444.6082458496094,200.46109008789062,22.121868133544922,239.65280151367188,179.70179748535156,209.8021240234375
2024-07-31,141.8660888671875,1296.49169921875,496.3020935058594,134.39964294433594,449.5072326660156,198.60316467285156,21.50628662109375,244.75389099121094,180.18589782714844,211.9291534423828
2024-08-01,140.17662048339844,1284.4962158203125,489.11077880859375,128.59959411621094,481.0007629394531,189.0201416015625,21.105669021606445,239.75184631347656,180.08908081054688,209.6087646484375
2024-08-02,139.50083923339844,1281.4974365234375,472.954833984375,126.65983581542969,463.80426025390625,186.91773986816406,20.323976516723633,229.54962158203125,179.8954315185547,200.9073028564453
2024-08-05,140.75587463378906,1268.0028076171875,473.1518249511719,125.31546783447266,443.7083740234375,184.61978149414062,20.323976516723633,228.7076873779297,179.60494995117188,195.87977600097656
2024-08-06,140.27317810058594,1270.501953125,482.51043701171875,127.75454711914062,468.4033508300781,185.20648193359375,20.529172897338867,230.49061584472656,180.37954711914062,200.52056884765625
2024-08-07,141.3833770751953,1292.4932861328125,487.2390441894531,130.57774353027344,479.60107421875,188.3356475830078,20.87116241455078,235.44314575195312,186.092041015625,202.26084899902344
2024-08-08,141.04550170898438,1283.99658203125,503.98602294921875,129.11814880371094,476.7016296386719,187.3088836669922,20.675737380981445,234.1554718017578,181.444580078125,199.74710083007812
2024-08-09,142.25225830078125,1276.9993896484375,530.3871459960938,129.02210998535156,484.8999328613281,188.2867431640625,21.154523849487305,238.216552734375,184.44606018066406,205.74143981933594
2024-08-12,141.96261596679688,1302.989013671875,537.8740844726562,128.44595336914062,486.599609375,187.94448852539062,21.408573150634766,240.44520568847656,183.4778289794922,207.6751251220703
2024-08-13,142.8797607421875,1322.981201171875,539.4502563476562,129.00289916992188,491.8984680175781,188.7756805419922,21.33040428161621,244.35768127441406,185.41427612304688,210.3822479248047
2024-08-14,143.70034790039062,1356.9677734375,549.6954345703125,129.31019592285156,498.9970397949219,189.6068572998047,22.004613876342773,252.47982788085938,188.2221221923828,212.89598083496094
2024-08-15,145.19671630859375,1360.466552734375,554.818115234375,131.48040771484375,502.89617919921875,190.68251037597656,22.004613876342773,254.85704040527344,188.415771484375,210.76898193359375
2024-08-16,144.6174774169922,1349.4708251953125,553.8329467773438,132.152587890625,500.8966369628906,192.6382293701172,22.102327346801758,254.5598907470703,187.0602569580078,213.86282348632812
2024-08-19,143.50726318359375,1338.4752197265625,542.9967041015625,133.016845703125,499.8968200683594,192.1492919921875,21.92644691467285,240.94044494628906,185.02700805664062,211.9291534423828
2024-08-20,142.5901336669922,1310.486083984375,526.6436767578125,132.97842407226562,492.8982849121094,191.1714324951172,21.55514144897461,237.91940307617188,184.1555938720703,212.31588745117188
2024-08-21,143.0728302001953,1311.985595703125,528.8109741210938,133.5738067626953,492.39837646484375,192.1981964111328,21.574684143066406,234.25453186035156,184.63970947265625,210.3822479248047
2024-08-22,143.16937255859375,1316.483642578125,525.6586303710938,133.362548828125,497.4973449707031,191.75814819335938,21.54537010192871,234.60121154785156,182.9937286376953,213.66944885253906
2024-08-23,143.16937255859375,1311.985595703125,527.431884765625,135.20626831054688,498.7970886230469,192.73602294921875,21.71147918701172,234.10595703125,183.1873779296875,213.66944885253906
2024-08-26,143.50726318359375,1311.985595703125,527.0377807617188,135.5327606201172,498.7970886230469,192.24708557128906,21.613767623901367,232.81829833984375,181.83187866210938,210.5756072998047
2024-08-27,143.8451690673828,1319.4825439453125,527.6287841796875,135.26388549804688,494.0980224609375,192.1492919921875,21.740793228149414,235.3936004638672,182.8000946044922,209.9954833984375
2024-08-28,144.71400451660156,1347.4716796875,535.3128051757812,135.26388549804688,500.0968017578125,193.17605590820312,22.219579696655273,238.563232421875,183.768310546875,212.70262145996094
2024-08-29,146.01731872558594,1372.4617919921875,534.5245971679688,134.97579956054688,500.0968017578125,194.2028045654297,22.463857650756836,240.29661560058594,187.93165588378906,215.2163848876953
2024-08-30,146.74136352539062,1362.4656982421875,533.93359375,133.304931640625,496.2975769042969,193.5671844482422,22.43454360961914,240.04901123046875,188.60940551757812,216.9566650390625
2024-09-02,143.2659149169922,1323.9808349609375,519.5509033203125,131.48040771484375,464.2041931152344,192.8337860107422,20.81253433227539,226.9248046875,187.64120483398438,209.9954833984375
2024-09-03,141.9143524169922,1309.986328125,512.2610473632812,129.1949462890625,472.2025451660156,190.0957794189453,20.44123077392578,225.6371307373047,185.02700805664062,209.8021240234375
2024-09-04,141.8660888671875,1311.985595703125,515.6104736328125,128.27310180664062,480.6007995605469,189.21571350097656,20.255578994750977,224.29995727539062,186.092041015625,209.4154052734375
2024-09-05,140.8041534423828,1301.989501953125,507.5324401855469,126.50621032714844,477.8013916015625,188.384521484375,20.226266860961914,222.7151641845703,185.2206573486328,203.03431701660156
2024-09-06,139.88699340820312,1293.4927978515625,494.5289001464844,123.24127197265625,462.60455322265625,188.0911865234375,19.913589477539062,219.4960174560547,181.2509307861328,204.3878936767578
2024-09-09,140.080078125,1295.4921875,499.4544677734375,124.6048583984375,475.5018615722656,189.7535400390625,19.92336082458496,223.0618133544922,182.50962829589844,204.58126831054688
2024-09-10,141.09375,1300.4901123046875,503.39495849609375,125.25784301757812,474.7020263671875,191.80703735351562,19.845191955566406,222.96278381347656,183.86512756347656,203.80780029296875
2024-09-11,140.8041534423828,1300.4901123046875,502.60687255859375,125.04659271240234,479.0011291503906,191.85592651367188,19.747478485107422,223.80470275878906,181.54139709472656,204.58126831054688
2024-09-12,141.33509826660156,1324.480712890625,514.0342407226562,125.3538589477539,493.6980895996094,197.91864013671875,20.109012603759766,228.31149291992188,183.4778289794922,210.5756072998047
2024-09-13,142.8797607421875,1336.4759521484375,513.2461547851562,125.31546783447266,501.09661865234375,198.79872131347656,20.323976516723633,230.0448760986328,185.2206573486328,212.89598083496094
2024-09-16,142.54185485839844,1334.9764404296875,510.4878234863281,124.27836608886719,495.6976623535156,198.79872131347656,20.3044376373291,230.78778076171875,184.7365264892578,212.89598083496094
2024-09-17,137.08734130859375,1272.5009765625,476.0086975097656,124.56645202636719,494.8978576660156,198.0164337158203,19.395719528198242,219.05026245117188,179.70179748535156,195.87977600097656
2024-09-18,139.88699340820312,1273.5006103515625,474.136962890625,123.60618591308594,495.89764404296875,196.4518585205078,19.727937698364258,219.54551696777344,182.12234497070312,195.10633850097656
2024-09-19,143.12109375,1290.493896484375,486.25390625,128.13865661621094,524.8916015625,204.37252807617188,20.44123077392578,228.261962890625,186.9634552001953,200.52056884765625
2024-09-20,142.68667602539062,1269.502197265625,480.44171142578125,125.64196014404297,526.0914306640625,205.54595947265625,20.382604598999023,228.31149291992188,183.86512756347656,202.45420837402344
2024-09-23,140.5627899169922,1274.500244140625,481.5253601074219,127.65853118896484,530.090576171875,206.71939086914062,20.33374786376953,229.69821166992188,184.05877685546875,203.03431701660156
2024-09-24,143.12109375,1267.003173828125,479.4566345214844,129.55987548828125,526.4912719726562,209.75076293945312,20.294666290283203,208.40231323242188,187.0602569580078,198.78025817871094
2024-09-25,143.21763610839844,1273.5006103515625,484.874755859375,128.19627380371094,531.6902465820312,208.4795379638672,20.392375946044922,217.31687927246094,188.99668884277344,203.22769165039062
2024-09-26,139.64564514160156,1242.012939453125,477.0923156738281,129.00289916992188,526.6912841796875,211.31533813476562,20.099241256713867,215.4844512939453,184.93017578125,199.3603515625
2024-09-27,139.64564514160156,1239.513916015625,475.1220703125,128.5035858154297,524.8916015625,208.67510986328125,19.942903518676758,215.1873016357422,185.7047576904297,199.1669921875
2024-09-30,137.61831665039062,1237.0147705078125,479.16107177734375,126.0068588256836,527.0912475585938,206.42604064941406,19.56182861328125,213.85012817382812,179.120849609375,199.55372619628906
2024-10-01,141.09375,1273.000732421875,503.39495849609375,123.6253890991211,524.6917114257812,205.7415313720703,19.8940486907959,221.427490234375,181.444580078125,205.74143981933594
2024-10-02,142.39706420898438,1297.990966796875,509.1086120605469,122.28099822998047,518.6929321289062,205.15481567382812,20.61711311340332,227.02383422851562,182.2191619873047,211.9291534423828
2024-10-03,141.62472534179688,1298.99072265625,509.1086120605469,121.53199005126953,533.2899780273438,202.5146026611328,20.08946990966797,226.1819305419922,181.54139709472656,211.15570068359375
2024-10-04,141.96261596679688,1296.49169921875,512.2610473632812,121.80086517333984,530.090576171875,203.39466857910156,20.548715591430664,225.2904510498047,181.92868041992188,207.6751251220703
2024-10-07,142.20396423339844,1300.4901123046875,498.6664123535156,122.338623046875,526.4912719726562,198.99429321289062,20.480314254760742,225.34014892578125,181.7350311279297,209.22203063964844
2024-10-08,144.9071044921875,1290.9937744140625,494.9229431152344,121.32072448730469,527.4910888671875,199.87435913085938,20.431459426879883,225.48927307128906,181.444580078125,212.31588745117188
2024-10-09,145.2932586669922,1302.4892578125,491.96759033203125,122.37703704833984,530.8904418945312,199.38543701171875,20.597570419311523,225.04196166992188,185.7047576904297,210.9536590576172
2024-10-10,144.2313232421875,1251.009521484375,473.8414306640625,122.81876373291016,529.8906860351562,196.84300231933594,19.913589477539062,210.6786346435547,178.9272003173828,209.98062133789062
2024-10-11,142.10743713378906,1269.502197265625,466.4530334472656,127.63932800292969,537.0891723632812,200.26551818847656,19.93313217163086,210.43014526367188,179.60494995117188,209.00759887695312
2024-10-14,144.810546875,1298.99072265625,476.6982727050781,129.75192260742188,538.4888305664062,204.1769561767578,20.578027725219727,212.91513061523438,181.7350311279297,217.37567138671875
2024-10-15,144.85882568359375,1294.9921875,475.8116760253906,130.36648559570312,540.4884643554688,203.78579711914062,20.480314254760742,212.56724548339844,180.18589782714844,220.10015869140625
2024-10-16,146.88616943359375,1307.4873046875,474.0384521484375,130.5585479736328,559.884521484375,203.8835906982422,21.03727149963379,216.09593200683594,182.41278076171875,220.4893798828125
2024-10-17,148.6239013671875,1326.9796142578125,479.0625305175781,135.6864013671875,568.8826293945312,209.65296936035156,21.320632934570312,218.9785614013672,185.60792541503906,221.85162353515625
2024-10-18,148.18946838378906,1323.9808349609375,480.8357849121094,134.01553344726562,567.282958984375,210.3374786376953,21.486743927001953,218.2827606201172,185.8015594482422,217.76487731933594
2024-10-21,147.85157775878906,1326.9796142578125,483.1015319824219,133.32412719726562,566.8829956054688,208.7729034423828,21.33040428161621,218.63064575195312,182.9937286376953,215.81881713867188
2024-10-22,148.6721649169922,1339.474853515625,486.7464904785156,135.6287841796875,561.084228515625,205.7415313720703,21.613767623901367,238.1130828857422,186.57614135742188,215.81881713867188
2024-10-23,146.7896270751953,1322.4814453125,484.7762451171875,135.5711669921875,561.2842407226562,205.8393096923828,21.369489669799805,235.42929077148438,185.41427612304688,216.79183959960938
2024-10-24,147.85157775878906,1304.11083984375,495.9080505371094,135.5135498046875,554.685546875,205.54595947265625,21.428117752075195,235.57838439941406,186.4793243408203,227.3006134033203
2024-10-25,146.7896270751953,1291.6146240234375,478.57000732421875,134.8989715576172,556.0852661132812,206.81716918945312,21.29132080078125,229.316162109375,186.6729736328125,222.43544006347656
2024-10-28,146.69308471679688,1295.613525390625,483.2000427246094,134.32281494140625,560.2843627929688,206.71939086914062,21.564912796020508,231.40357971191406,186.18885803222656,226.91140747070312
2024-10-29,145.5828857421875,1279.118408203125,481.4268493652344,134.7645263671875,554.4855346679688,205.15481567382812,21.408573150634766,231.55267333984375,182.0255126953125,228.27365112304688
2024-10-30,145.82423400878906,1268.6214599609375,478.47149658203125,134.18838500976562,555.08544921875,204.8614501953125,21.691938400268555,230.95626831054688,179.8954315185547,227.6898193359375
2024-10-31,143.02455139160156,1249.6270751953125,466.15753173828125,134.59169006347656,535.28955078125,203.1990966796875,21.467201232910156,217.78575134277344,179.41131591796875,222.8246612548828
2024-11-01,144.2795867919922,1268.6214599609375,470.8860778808594,135.9744873046875,548.686767578125,205.8393096923828,21.799419403076172,220.71804809570312,180.57318115234375,224.1868896484375
2024-11-04,141.431640625,1244.1287841796875,461.3304443359375,134.70692443847656,549.486572265625,206.23045349121094,21.262008666992188,217.73605346679688,178.34628295898438,216.20802307128906
2024-11-05,144.7622833251953,1279.6181640625,473.1518249511719,136.18576049804688,559.884521484375,212.39096069335938,22.053468704223633,227.07968139648438,181.6382293701172,220.8785858154297
2024-11-06,148.9135284423828,1342.599365234375,488.4211730957031,136.7042999267578,573.881591796875,214.7378387451172,22.81562042236328,222.95457458496094,189.38400268554688,215.04039001464844
2024-11-07,154.89903259277344,1381.5877685546875,533.736572265625,138.66323852539062,552.6859130859375,218.16033935546875,23.792734146118164,233.9382781982422,192.8695831298828,218.7379150390625
2024-11-08,155.52655029296875,1377.0892333984375,537.8740844726562,136.6466827392578,553.0858764648438,214.9333953857422,24.144495010375977,231.6023712158203,192.38546752929688,219.90554809570312
2024-11-11,156.82984924316406,1393.084228515625,556.59130859375,139.70033264160156,571.8819580078125,220.5072021484375,25.190006256103516,240.34959411621094,194.22511291503906,224.57611083984375
2024-11-12,155.28521728515625,1381.087890625,565.4573364257812,134.5532684326172,557.8848876953125,212.09759521484375,25.092296600341797,242.48667907714844,191.6108856201172,230.60891723632812
2024-11-13,151.085693359375,1344.0989990234375,564.275146484375,132.95924377441406,557.4849243164062,214.15110778808594,24.76007652282715,240.7471923828125,190.5458526611328,240.1446533203125
2024-11-14,148.2860107421875,1314.6077880859375,557.970458984375,133.4009552001953,545.0875854492188,213.6621856689453,24.564651489257812,235.28016662597656,186.6729736328125,235.66868591308594
2024-11-15,146.06558227539062,1286.6160888671875,567.2305297851562,132.555908203125,538.6888427734375,212.29318237304688,24.212892532348633,233.54066467285156,185.8015594482422,233.5280303955078
2024-11-18,146.16212463378906,1295.613525390625,573.7323608398438,133.03604125976562,539.0888061523438,213.46661376953125,24.31060218811035,238.51068115234375,185.7047576904297,234.30645751953125
2024-11-19,148.6239013671875,1312.1085205078125,595.7989501953125,131.806884765625,527.4910888671875,213.17324829101562,24.642822265625,247.20819091796875,189.19033813476562,241.70150756835938
2024-11-20,146.6448211669922,1299.6121826171875,587.5239868164062,132.36386108398438,526.0914306640625,213.2710418701172,24.53533935546875,241.6914825439453,189.38400268554688,241.31228637695312
2024-11-21,147.22406005859375,1324.6048583984375,596.9810791015625,133.95791625976562,540.6884765625,214.54225158691406,25.01412582397461,246.51239013671875,192.09500122070312,247.73431396484375
2024-11-22,143.02455139160156,1333.1021728515625,609.78759765625,132.4598846435547,545.4873657226562,215.2267608642578,24.926185607910156,243.03338623046875,188.51258850097656,250.65341186523438
2024-11-25,136.94253540039062,1297.1129150390625,599.9364624023438,132.82479858398438,542.4879760742188,213.3688201904297,24.427858352661133,235.42929077148438,180.8636474609375,255.323974609375
2024-11-26,137.28041076660156,1297.6129150390625,608.60546875,131.26914978027344,541.88818359375,213.3688201904297,24.554880142211914,240.00169372558594,181.1541290283203,250.2642059326172
2024-11-27,135.15652465820312,1285.1165771484375,606.832275390625,133.84268188476562,539.4886474609375,212.7821044921875,24.379003524780273,237.36758422851562,180.96046447753906,255.12939453125
2024-11-28,138.10101318359375,1289.6151123046875,611.1668090820312,139.37384033203125,545.4873657226562,214.2489013671875,24.89687156677246,235.18077087402344,183.09056091308594,254.93475341796875
2024-11-29,136.60462951660156,1226.634033203125,613.1370849609375,141.6977081298828,558.4846801757812,215.61790466308594,24.887100219726562,237.41729736328125,182.41278076171875,252.79408264160156
2024-12-02,136.94253540039062,1254.6256103515625,618.8507080078125,144.54010009765625,572.8817749023438,216.8891143798828,25.258403778076172,240.54840087890625,183.28421020507812,259.021484375
2024-12-03,138.8849639892578,1259.124267578125,625.3524780273438,146.03811645507812,591.2779541015625,222.26734924316406,25.571081161499023,245.91598510742188,185.5111083984375,259.6053161621094
2024-12-04,137.8651885986328,1260.1240234375,642.2965087890625,148.09310913085938,594.6773071289062,223.53857421875,25.717649459838867,245.1704864501953,188.51258850097656,262.7190246582031
2024-12-05,138.05941772460938,1246.6280517578125,648.4042358398438,147.44012451171875,588.478515625,207.20831298828125,26.020553588867188,247.15847778320312,187.73800659179688,263.4974670410156
2024-12-06,137.71951293945312,1229.1331787109375,642.0994873046875,148.99575805664062,586.279052734375,208.18617248535156,25.80558967590332,245.0710906982422,187.0602569580078,258.826904296875
2024-12-09,135.7770538330078,1198.642333984375,603.8768920898438,150.72425842285156,582.27978515625,205.7415313720703,24.57442283630371,229.46527099609375,184.05877685546875,246.56666564941406
2024-12-10,133.54324340820312,1178.6483154296875,596.3900146484375,149.99444580078125,565.6832885742188,201.34115600585938,24.291061401367188,227.47726440429688,183.86512756347656,244.62060546875
2024-12-11,134.7086944580078,1197.6427001953125,609.5906372070312,150.03286743164062,576.8809814453125,205.6437530517578,25.033668518066406,231.80117797851562,185.60792541503906,247.34510803222656
2024-12-12,135.29144287109375,1214.1378173828125,617.4714965820312,153.54745483398438,575.2813110351562,203.49246215820312,25.141151428222656,232.59637451171875,185.5111083984375,252.59950256347656
2024-12-13,134.0288543701172,1198.642333984375,606.832275390625,153.854736328125,572.4818725585938,204.47032165527344,25.160694122314453,230.35986328125,184.05877685546875,250.2642059326172
2024-12-16,133.78604125976562,1196.6429443359375,614.5161743164062,151.5885009765625,583.6795654296875,205.7415313720703,25.414743423461914,231.9005889892578,184.05877685546875,251.23724365234375
2024-12-17,132.572021484375,1169.6510009765625,603.6798706054688,152.24148559570312,580.8800659179688,207.0127410888672,25.102067947387695,222.358154296875,183.38101196289062,248.31813049316406
2024-12-18,133.44610595703125,1173.14990234375,604.073974609375,152.54876708984375,586.6788940429688,209.359619140625,25.2779483795166,223.74977111816406,183.1873779296875,248.31813049316406
2024-12-19,135.43710327148438,1165.65234375,610.9697875976562,150.30172729492188,579.4803466796875,206.52381896972656,25.023897171020508,223.6006622314453,186.4793243408203,251.62646484375
2024-12-20,133.4946746826172,1155.6551513671875,602.4977416992188,148.630859375,575.2813110351562,205.3503875732422,24.965269088745117,224.94256591796875,185.2206573486328,246.9558868408203
2024-12-23,133.10618591308594,1157.15478515625,610.378662109375,147.78582763671875,575.4812622070312,204.95924377441406,25.160694122314453,233.7394561767578,185.7047576904297,251.23724365234375
2024-12-24,133.78604125976562,1158.1544189453125,610.378662109375,147.59376525878906,575.4812622070312,205.05702209472656,25.160694122314453,233.7394561767578,185.99522399902344,251.23724365234375
2024-12-27,134.07740783691406,1155.1553955078125,608.60546875,149.1302032470703,577.8806762695312,206.3282470703125,25.307260513305664,233.39158630371094,186.57614135742188,251.821044921875
2024-12-30,133.54324340820312,1144.658447265625,605.453125,148.24676513671875,570.2823486328125,205.7415313720703,25.33657455444336,232.2981719970703,189.57763671875,249.0965576171875
2024-12-31,134.66012573242188,1148.157470703125,605.453125,148.630859375,568.482666015625,207.40390014648438,25.33657455444336,232.2981719970703,190.93313598632812,249.0965576171875
2025-01-02,133.64036560058594,1153.156005859375,595.0108642578125,153.77792358398438,588.2786254882812,210.1418914794922,25.463598251342773,231.40357971191406,189.6744384765625,247.73431396484375
2025-01-03,132.76626586914062,1152.656005859375,606.4381713867188,152.27989196777344,584.8793334960938,206.9149627685547,25.580852508544922,230.9065704345703,188.0284881591797,243.4529571533203
2025-01-06,133.78604125976562,1145.1583251953125,597.3751831054688,153.29779052734375,569.8823852539062,208.9684600830078,25.404972076416016,230.9065704345703,188.2221221923828,241.89610290527344
2025-01-07,135.53424072265625,1153.65576171875,607.8173828125,152.10704040527344,576.48095703125,211.1197509765625,25.62970733642578,225.48927307128906,190.25538635253906,244.42599487304688
2025-01-08,141.2644500732422,1189.64501953125,639.1441040039062,152.27989196777344,577.8806762695312,211.41311645507812,26.675220489501953,233.24246215820312,199.64712524414062,254.54554748535156
2025-01-09,139.6619415283203,1186.1461181640625,639.5381469726562,150.35935974121094,581.2800903320312,215.7156982421875,26.68499183654785,231.95028686523438,199.2598419189453,245.39903259277344
2025-01-10,140.00186157226562,1191.6444091796875,640.3262939453125,151.3004150390625,579.88037109375,215.52011108398438,27.06606674194336,228.96827697753906,199.64712524414062,242.67454528808594
2025-01-13,139.9533233642578,1181.147705078125,635.2036743164062,149.26463317871094,567.282958984375,214.05331420898438,26.772932052612305,228.12338256835938,199.64712524414062,237.2255401611328
2025-01-14,141.07022094726562,1186.6458740234375,645.2518310546875,149.78317260742188,566.2831420898438,217.57362365722656,27.232175827026367,230.5089569091797,199.4534912109375,240.1446533203125
2025-01-15,141.1673583984375,1187.6456298828125,646.6310424804688,148.24676513671875,563.2837524414062,217.3780517578125,27.183319091796875,231.6023712158203,197.1297607421875,240.5338592529297
2025-01-16,142.91552734375,1212.1383056640625,675.7904663085938,150.95472717285156,578.6805419921875,219.0404052734375,27.720733642578125,234.58436584472656,197.90432739257812,241.31228637695312
2025-01-17,144.22669982910156,1222.1353759765625,684.0654907226562,154.39248657226562,587.8787231445312,222.36512756347656,27.984554290771484,222.1593475341797,197.3234100341797,244.2313995361328
2025-01-20,145.29505920410156,1224.134765625,682.09521484375,156.9276123046875,595.2772216796875,221.68063354492188,28.101808547973633,221.16534423828125,199.0662078857422,248.31813049316406
2025-01-21,146.80043029785156,1248.127685546875,694.9017333984375,156.8123779296875,593.87744140625,222.5607147216797,28.20928955078125,228.2227783203125,201.9708709716797,252.0156707763672
2025-01-22,147.7716522216797,1244.628662109375,707.1171875,158.5792694091797,603.2755126953125,227.93893432617188,28.648990631103516,227.7257843017578,202.35813903808594,260.77294921875
2025-01-23,148.45152282714844,1258.1246337890625,722.6820678710938,160.0388946533203,611.4738159179688,232.6326446533203,29.030065536499023,233.3418731689453,202.9390869140625,266.8057861328125
2025-01-24,147.91734313964844,1237.6307373046875,720.7117919921875,160.40379333496094,605.4750366210938,231.26364135742188,28.766244888305664,232.3975830078125,201.5835723876953,266.6111755371094
2025-01-27,148.0144500732422,1243.1290283203125,712.4368286132812,159.25146484375,589.6782836914062,229.89463806152344,28.53173828125,231.3538818359375,202.55178833007812,263.69207763671875
2025-01-28,149.76266479492188,1250.626708984375,721.3029174804688,160.17332458496094,582.6797485351562,232.82821655273438,28.57082176208496,230.2107696533203,205.2628173828125,262.5243835449219
2025-01-29,147.8687744140625,1195.143310546875,731.3511352539062,160.00047302246094,584.0794677734375,232.43707275390625,28.805328369140625,231.5029754638672,201.9708709716797,264.8597412109375
2025-01-30,150.1026153564453,1208.1395263671875,735.8826293945312,159.71240234375,595.8770141601562,233.12156677246094,28.942127227783203,233.19277954101562,208.7484130859375,262.7190246582031
2025-01-31,151.60800170898438,1223.634765625,744.1576538085938,160.48060607910156,605.8749389648438,234.58836364746094,29.56747817993164,239.00767517089844,210.8784942626953,261.94061279296875
2025-02-03,152.822021484375,1230.6328125,752.629638671875,159.96206665039062,595.2772216796875,234.39279174804688,29.880155563354492,241.84059143066406,210.1039276123047,260.3837585449219
2025-02-04,155.2986297607422,1210.1387939453125,746.9159545898438,159.42431640625,593.4774780273438,234.6861572265625,29.508852005004883,236.22447204589844,211.8467254638672,258.0484924316406
2025-02-05,154.6673583984375,1207.6396484375,737.6558227539062,160.2693634033203,601.67578125,235.95736694335938,29.352516174316406,236.87057495117188,212.0403594970703,254.93475341796875
2025-02-06,151.0252685546875,1184.646484375,695.8869018554688,161.22962951660156,605.8749389648438,235.6640167236328,28.5219669342041,226.13536071777344,203.71365356445312,250.2642059326172
2025-02-07,153.06483459472656,1196.6429443359375,712.6339111328125,160.28855895996094,602.6755981445312,238.20645141601562,28.678306579589844,212.11993408203125,205.6501007080078,235.08489990234375
2025-02-10,154.52166748046875,1180.14794921875,720.1207275390625,160.78790283203125,613.2734375,240.3577423095703,28.727161407470703,216.79176330566406,210.49119567871094,220.4893798828125
2025-02-11,156.60980224609375,1204.640625,720.5148315429688,160.57664489746094,619.8720703125,239.57545471191406,29.26457405090332,216.99053955078125,211.07212829589844,220.4893798828125
2025-02-12,155.5900115966797,1209.13916015625,717.1654052734375,163.13096618652344,620.6718139648438,240.94444274902344,29.225488662719727,216.2947540283203,210.29754638671875,220.8785858154297
2025-02-13,158.26087951660156,1247.627685546875,745.7338256835938,163.22698974609375,624.2711791992188,240.3577423095703,29.880155563354492,225.2407684326172,211.26577758789062,221.65701293945312
2025-02-14,160.59182739257812,1227.6337890625,804.8408813476562,161.8249969482422,624.4711303710938,240.55331420898438,30.95498275756836,243.13279724121094,211.8467254638672,223.9923095703125
2025-02-17,173.16917419433594,1337.600830078125,917.7352905273438,163.72633361816406,635.2688598632812,246.51824951171875,33.47593307495117,282.4455261230469,225.59544372558594,239.36622619628906
2025-02-18,177.19973754882812,1336.101318359375,914.9769897460938,166.12701416015625,644.2670288085938,245.7359619140625,34.198997497558594,284.28448486328125,225.59544372558594,242.2853240966797
2025-02-19,179.04507446289062,1344.5987548828125,918.9174194335938,162.2091064453125,642.4674682617188,246.4204559326172,35.088172912597656,292.38555908203125,227.7255401611328,249.2911834716797
2025-02-20,177.782470703125,1283.616943359375,876.3603515625,158.52166748046875,618.2724609375,242.41123962402344,34.003578186035156,292.2861633300781,226.75730895996094,250.06959533691406
2025-02-21,177.0054931640625,1255.12548828125,880.8919067382812,153.64349365234375,611.2738647460938,238.7931671142578,34.3455696105957,295.0693664550781,226.56365966796875,260.1891174316406
2025-02-24,180.356201171875,1304.61083984375,937.2406616210938,157.81105041503906,606.074951171875,237.52194213867188,35.029544830322266,297.90228271484375,234.1157989501953,257.8538818359375
2025-02-25,183.9011993408203,1365.592529296875,938.6197509765625,157.5806121826172,614.873046875,239.57545471191406,35.8991813659668,308.190185546875,235.66494750976562,262.3298034667969
2025-02-26,184.72671508789062,1344.5987548828125,955.5637817382812,160.86473083496094,630.8697509765625,243.1935272216797,36.65155792236328,307.3453063964844,236.82681274414062,266.0273132324219
2025-02-27,187.68893432617188,1391.0848388671875,986.1024169921875,158.5792694091797,731.4490356445312,242.99795532226562,38.10745620727539,316.29132080078125,239.9251251220703,261.74603271484375
2025-02-28,186.13497924804688,1406.08056640625,991.5206298828125,159.1170196533203,743.8464965820312,244.5625457763672,37.677528381347656,317.6331787109375,238.56959533691406,265.63812255859375
2025-03-03,216.0001220703125,1611.019287109375,1127.466796875,167.4521942138672,776.6397705078125,252.1898193359375,43.75518035888672,354.361572265625,273.8128356933594,307.8677978515625
2025-03-04,221.43896484375,1569.0318603515625,1105.3016357421875,162.03627014160156,786.23779296875,249.35403442382812,42.50447463989258,345.3658752441406,266.4543762207031,305.1432800292969
2025-03-05,238.3382568359375,1621.0162353515625,1184.603515625,165.91575622558594,805.0338745117188,254.92784118652344,44.17533493041992,366.4884033203125,277.8793640136719,317.0143127441406
2025-03-06,240.08645629882812,1633.0126953125,1181.1556396484375,166.1846160888672,804.6339721679688,252.9721221923828,45.11336898803711,372.7506103515625,287.1742858886719,314.2897644042969
2025-03-07,229.88861083984375,1566.0328369140625,1098.40576171875,162.8236846923828,801.234619140625,245.24703979492188,42.21133804321289,357.29388427734375,277.4920959472656,303.58642578125
2025-03-10,229.4029998779297,1568.5318603515625,1102.3463134765625,156.6395263671875,732.6487426757812,233.12156677246094,42.01591491699219,366.5877685546875,276.1365966796875,293.8560791015625
2025-03-11,227.9461669921875,1575.0301513671875,1136.8253173828125,156.52430725097656,747.2457885742188,233.31715393066406,42.748748779296875,381.1001892089844,279.0412292480469,300.6673583984375
2025-03-12,231.9281768798828,1583.527587890625,1246.1734619140625,157.5806121826172,780.8388671875,244.95367431640625,42.71943664550781,386.16961669921875,282.33319091796875,299.888916015625
2025-03-13,230.08285522460938,1590.0255126953125,1268.8310546875,155.77528381347656,771.2408447265625,239.67324829101562,43.051658630371094,372.7506103515625,281.9458923339844,306.8947448730469
2025-03-14,242.90301513671875,1656.5057373046875,1348.6256103515625,162.4779815673828,796.2357177734375,245.1492462158203,46.11979675292969,397.55096435546875,298.01837158203125,321.295654296875
2025-03-17,241.25192260742188,1636.011962890625,1347.6405029296875,164.4369354248047,801.4345703125,247.20274353027344,45.63124084472656,403.2664794921875,303.24676513671875,325.7715759277344
2025-03-18,245.13681030273438,1654.50634765625,1423.987060546875,164.95547485351562,811.0325927734375,247.20274353027344,46.647438049316406,409.0813293457031,305.957763671875,312.538330078125
2025-03-19,239.9893341064453,1672.5008544921875,1359.4619140625,164.4945526123047,812.6322631835938,252.28761291503906,47.10668182373047,387.2630310058594,306.3450622558594,316.0412292480469
2025-03-20,236.1044464111328,1643.0096435546875,1316.1168212890625,160.71109008789062,796.4356079101562,246.9093780517578,46.35430145263672,386.9648132324219,296.6628723144531,310.00848388671875
2025-03-21,233.09365844726562,1595.024169921875,1285.578125,160.01968383789062,800.4347534179688,244.8558807373047,44.83977508544922,377.7702941894531,297.2438049316406,305.92169189453125
2025-03-24,237.65838623046875,1583.527587890625,1299.8623046875,160.57664489746094,789.8370361328125,245.44261169433594,43.78449630737305,394.7180480957031,300.7294006347656,303.97564697265625
2025-03-25,241.05767822265625,1569.5316162109375,1299.8623046875,165.47402954101562,801.6345825195312,248.27838134765625,44.22419357299805,399.29046630859375,304.2149963378906,302.6134033203125
2025-03-26,243.777099609375,1575.0301513671875,1333.3563232421875,163.76473999023438,801.4345703125,245.24703979492188,44.88862991333008,395.6623229980469,305.3768310546875,307.8677978515625
2025-03-27,242.80587768554688,1584.02734375,1329.908447265625,161.99783325195312,796.8355102539062,242.90016174316406,45.220848083496094,401.87481689453125,304.98956298828125,303.78106689453125
2025-03-28,239.5037384033203,1564.0333251953125,1290.503662109375,159.65478515625,771.0408325195312,240.25994873046875,44.01899719238281,389.8971252441406,299.1802062988281,294.4399108886719
2025-03-31,238.5325164794922,1559.0347900390625,1299.3697509765625,156.3130340576172,748.8453979492188,236.64187622070312,43.804039001464844,391.2887268066406,295.3073425292969,298.7212829589844
2025-04-01,242.90301513671875,1585.027099609375,1333.848876953125,161.38327026367188,779.2391967773438,239.67324829101562,44.98634338378906,401.3281555175781,296.85650634765625,304.5594787597656
2025-04-02,239.2123565673828,1570.0316162109375,1277.6971435546875,156.27462768554688,755.64404296875,238.9887237548828,43.598838806152344,384.8774108886719,290.0789489746094,296.19134521484375
2025-04-03,245.13681030273438,1620.0166015625,1332.86376953125,151.74215698242188,745.8460083007812,228.03671264648438,45.04496765136719,409.18072509765625,292.4027099609375,308.0623779296875
2025-04-04,231.05406188964844,1517.04736328125,1257.0096435546875,141.06390380859375,658.864013671875,213.46661376953125,39.455875396728516,377.1241760253906,270.9081726074219,282.7635192871094
2025-04-07,221.24472045898438,1497.0533447265625,1225.4859619140625,131.36517333984375,635.6687622070312,196.84300231933594,38.146541595458984,367.2835693359375,258.3212890625,284.7095642089844
2025-04-08,233.28790283203125,1566.0328369140625,1295.921875,134.66851806640625,679.0598754882812,206.71939086914062,40.98994445800781,398.0479736328125,275.1683654785156,292.1046447753906
2025-04-09,228.91738891601562,1571.5311279296875,1287.0557861328125,128.1770782470703,663.4630126953125,196.0607147216797,39.7880973815918,391.7857360839844,273.23193359375,288.2124938964844
2025-04-10,238.5325164794922,1621.51611328125,1358.9693603515625,133.9195098876953,693.4568481445312,207.3061065673828,41.341705322265625,407.7394714355469,281.364990234375,295.99676513671875
2025-04-11,238.04689025878906,1657.0054931640625,1340.252197265625,129.5022430419922,693.6568603515625,200.167724609375,41.58598709106445,412.42266845703125,282.1395568847656,296.19134521484375
2025-04-14,245.23394775390625,1692.4949951171875,1418.5689697265625,133.72743225097656,709.4535522460938,206.13267517089844,43.2079963684082,428.01678466796875,291.4344482421875,307.47857666015625
2025-04-15,252.22677612304688,1742.9798583984375,1471.7652587890625,135.3406982421875,731.6489868164062,210.72862243652344,45.435813903808594,444.3084716796875,299.95477294921875,316.9170227050781
2025-04-16,249.8957977294922,1741.4803466796875,1462.4066162109375,134.91818237304688,724.0505981445312,209.75076293945312,44.28282165527344,439.9241638183594,297.6310729980469,312.92755126953125
2025-04-17,245.7195587158203,1715.191162109375,1442.211669921875,131.0386962890625,714.3118286132812,207.50167846679688,44.01899719238281,438.4793395996094,293.95184326171875,312.92755126953125
2025-04-22,245.6224365234375,1705.1929931640625,1404.77734375,130.64593505859375,715.91162109375,209.65296936035156,43.61838150024414,436.5362854003906,290.46624755859375,304.85137939453125
2025-04-23,243.58285522460938,1666.6998291015625,1362.9097900390625,136.32107543945312,727.7100830078125,214.54225158691406,42.84646224975586,420.34429931640625,291.62811279296875,293.27227783203125
2025-04-24,234.3562469482422,1683.69677734375,1361.9246826171875,134.7697296142578,735.1092529296875,216.009033203125,43.344791412353516,423.93145751953125,288.72344970703125,301.8349609375
2025-04-25,227.07205200195312,1682.197021484375,1365.865234375,138.0491485595703,755.3067016601562,225.00535583496094,43.598838806152344,424.62896728515625,287.9488525390625,304.3648681640625
2025-04-28,227.2663116455078,1680.1973876953125,1319.564697265625,141.70166015625,754.306884765625,226.1787872314453,42.84646224975586,419.7962646484375,288.14251708984375,304.75408935546875
2025-04-29,232.80227661132812,1729.1884765625,1431.8680419921875,141.36781311035156,752.70703125,225.2987060546875,44.165565490722656,436.0380859375,298.01837158203125,311.3706970214844
2025-04-30,237.85263061523438,1734.1876220703125,1476.69091796875,144.47048950195312,754.1068725585938,227.8411407470703,44.751834869384766,446.3013000488281,306.9259948730469,324.6039733886719
2025-05-01,237.85263061523438,1741.686279296875,1476.69091796875,144.47048950195312,766.9052734375,227.8411407470703,44.751834869384766,446.3013000488281,306.9259948730469,324.6039733886719
2025-05-02,245.6224365234375,1778.6796875,1552.544921875,152.14862060546875,783.9031982421875,237.9130859375,47.048057556152344,461.3474426269531,314.28448486328125,331.6097717285156
2025-05-05,244.26272583007812,1778.6796875,1602.785888671875,155.40838623046875,783.9031982421875,238.0108642578125,47.653865814208984,460.35101318359375,319.51287841796875,336.5722351074219
2025-05-06,242.4174041748047,1770.18115234375,1620.51806640625,153.7981414794922,781.1035766601562,238.4020233154297,46.87217330932617,454.4222106933594,314.28448486328125,333.55584716796875
2025-05-07,241.5432891845703,1728.688720703125,1609.1890869140625,151.7755126953125,765.9054565429688,237.3263702392578,46.696292877197266,453.7247314453125,310.0243225097656,332.58282470703125
2025-05-08,246.20516967773438,1745.6856689453125,1675.6845703125,155.50657653808594,793.9019775390625,244.6603240966797,47.87860107421875,463.48974609375,315.4463195800781,348.92816162109375
2025-05-09,239.2123565673828,1687.696044921875,1668.7886962890625,155.5654754638672,791.5022583007812,242.70460510253906,46.295677185058594,448.19451904296875,304.6022644042969,318.4886779785156
2025-05-12,232.12242126464844,1665.2000732421875,1570.277099609375,155.70294189453125,784.903076171875,244.75811767578125,44.302364349365234,432.1021728515625,290.2725830078125,309.9734802246094
2025-05-13,232.41378784179688,1673.19873046875,1584.5611572265625,158.17723083496094,800.901123046875,246.02931213378906,44.39030456542969,425.02752685546875,291.4344482421875,313.7906494140625
2025-05-14,233.38504028320312,1700.6937255859375,1576.244384765625,156.6062469482422,796.9015502929688,246.4204559326172,44.43915939331055,429.36199951171875,290.659912109375,316.9226379394531
2025-05-15,239.7950897216797,1754.6839599609375,1665.3536376953125,156.33132934570312,815.8992309570312,248.962890625,46.22727966308594,443.31201171875,297.82470703125,326.6123962402344
2025-05-16,243.58285522460938,1762.1826171875,1705.9478759765625,157.33282470703125,809.4999389648438,250.4296875,47.8004264831543,447.2977294921875,299.5675048828125,330.3316955566406
2025-05-19,245.81668090820312,1776.6800537109375,1735.1558837890625,158.96270751953125,819.0988159179688,253.36326599121094,48.797088623046875,457.3616943359375,300.34210205078125,335.1275939941406
2025-05-20,249.99139404296875,1796.176513671875,1762.3837890625,158.90379333496094,817.4990234375,255.41676330566406,49.87191390991211,452.3795471191406,302.22979736328125,329.940185546875
2025-05-21,250.7772216796875,1818.6724853515625,1777.2353515625,159.15908813476562,824.2982177734375,253.85218811035156,50.575435638427734,460.5004577636719,306.1625061035156,341.1959533691406
2025-05-22,254.90281677246094,1841.6683349609375,1752.4827880859375,158.3343048095703,838.8963623046875,254.83006286621094,50.047794342041016,461.7460021972656,305.9659118652344,338.7490539550781
2025-05-23,252.4470977783203,1842.6680908203125,1765.84912109375,154.4461669921875,835.69677734375,249.15846252441406,50.184593200683594,464.6854553222656,299.87017822265625,339.2384033203125
2025-05-26,257.3585205078125,1842.6680908203125,1823.7701416015625,157.3131866455078,835.69677734375,254.2433319091797,51.84568405151367,471.0128173828125,303.4096374511719,343.6428527832031
2025-05-27,262.1717224121094,1899.657958984375,1870.3050537109375,159.25726318359375,851.4948120117188,256.32000732421875,53.05730438232422,475.2974548339844,306.5557861328125,350.592041015625
2025-05-28,267.57427978515625,1910.6558837890625,1879.2159423828125,159.39471435546875,857.694091796875,256.6166687011719,54.07350540161133,487.254638671875,315.4044189453125,354.9964599609375
2025-05-29,262.1717224121094,1882.1610107421875,1859.908935546875,159.61073303222656,850.8948974609375,256.7155456542969,52.88142776489258,487.254638671875,312.8481750488281,354.9964599609375
2025-05-30,262.662841796875,1901.1575927734375,1866.3446044921875,159.1394500732422,866.0930786132812,258.49554443359375,52.9791374206543,482.82049560546875,313.43804931640625,351.9623107910156
2025-06-02,265.41326904296875,1919.1544189453125,1800.997802734375,159.63037109375,868.6926879882812,258.8910827636719,52.43195343017578,485.0126647949219,316.9775085449219,351.8644104003906
2025-06-03,267.2796325683594,1956.6475830078125,1816.8394775390625,163.4203338623047,894.0895385742188,262.0555419921875,53.233184814453125,495.8737487792969,318.1573486328125,361.3094482421875
2025-06-04,263.0557556152344,1962.146728515625,1814.8592529296875,167.0924835205078,891.0899658203125,262.54998779296875,51.92385482788086,485.5108642578125,311.07843017578125,357.8837890625
2025-06-05,267.770751953125,1981.64306640625,1863.374267578125,162.4973907470703,876.291748046875,261.56109619140625,53.05730438232422,509.5746765136719,314.224609375,374.81634521484375
2025-06-06,256.8674011230469,1930.1524658203125,1770.3045654296875,162.3402862548828,884.8906860351562,262.7477722167969,51.41575241088867,509.5746765136719,309.89862060546875,358.3242492675781
2025-06-09,254.50990295410156,1922.15380859375,1756.938232421875,162.4973907470703,888.09033203125,262.7477722167969,50.86857223510742,473.00567626953125,303.016357421875,358.3242492675781
2025-06-10,245.2764129638672,1871.6629638671875,1654.95751953125,160.94606018066406,879.891357421875,257.4077453613281,47.66363525390625,428.3157653808594,292.9879150390625,364.04998779296875
2025-06-11,244.7852783203125,1866.163818359375,1702.9775390625,160.6514892578125,893.2897338867188,257.01220703125,47.223934173583984,445.1055908203125,297.90380859375,371.92901611328125
2025-06-12,245.17820739746094,1884.66064453125,1730.700439453125,159.84637451171875,887.2904663085938,255.2322235107422,47.29233169555664,445.8031005859375,299.67352294921875,376.82281494140625
2025-06-13,246.1604766845703,1938.65087890625,1777.7303466796875,158.6485137939453,869.8925170898438,250.38665771484375,47.497528076171875,458.3581237792969,299.0836486816406,376.6759948730469
2025-06-16,246.25869750976562,1927.65283203125,1742.5816650390625,159.08053588867188,885.2907104492188,256.2210998535156,47.995853424072266,466.92742919921875,300.4600830078125,376.8717346191406
2025-06-17,243.80299377441406,1930.6522216796875,1711.3934326171875,157.82376098632812,890.489990234375,256.9132995605469,47.13599395751953,483.61767578125,299.87017822265625,380.6889343261719
2025-06-18,243.90122985839844,1931.6522216796875,1723.769775390625,160.02310180664062,890.8899536132812,259.0888671875,47.03828430175781,493.8310546875,300.6567077636719,381.6676940917969
2025-06-19,241.5437469482422,1919.654296875,1703.9676513671875,158.8252410888672,882.6909790039062,255.034423828125,46.0611686706543,490.34356689453125,298.49371337890625,379.71014404296875
2025-06-20,244.9817352294922,1897.6583251953125,1740.1064453125,164.4611053466797,887.6903076171875,257.30889892578125,45.96345520019531,490.34356689453125,299.87017822265625,386.02313232421875
2025-06-23,242.23135375976562,1879.661376953125,1722.7796630859375,163.97018432617188,886.490478515625,256.1222229003906,44.955657958984375,480.9771423339844,299.0836486816406,379.9548645019531
2025-06-24,233.5872344970703,1800.6756591796875,1669.3140869140625,167.50486755371094,909.0877685546875,260.1766662597656,44.461639404296875,471.1124572753906,287.08880615234375,370.46087646484375
2025-06-25,238.10574340820312,1818.6724853515625,1720.7994384765625,168.4278106689453,916.686767578125,260.77001953125,45.65716552734375,488.3507080078125,291.6114501953125,360.2817687988281
2025-06-26,245.17820739746094,1887.16015625,1846.0474853515625,172.90509033203125,933.6846923828125,264.3299865722656,47.61347579956055,519.1404418945312,297.1172790527344,369.62890625
2025-06-27,241.44552612304688,1861.6646728515625,1733.6707763671875,174.96697998046875,954.0821533203125,269.1755676269531,46.072139739990234,509.3753967285156,293.57781982421875,370.9991760253906
2025-06-30,245.17820739746094,1886.160400390625,1779.215576171875,174.04403686523438,967.48046875,272.8344421386719,47.20838165283203,525.7168579101562,295.1509094238281,382.5485534667969
2025-07-01,232.1138153076172,1862.6646728515625,1685.6507568359375,169.19366455078125,939.4839477539062,261.9566650390625,44.84697341918945,489.8453674316406,286.1056213378906,367.5245666503906
2025-07-02,234.07838439941406,1849.1668701171875,1712.383544921875,172.00177001953125,943.2835693359375,263.3410949707031,44.90625762939453,486.40765380859375,287.8753356933594,355.19219970703125
2025-07-03,239.08802795410156,1876.1622314453125,1681.6903076171875,173.5531005859375,954.2821655273438,267.0,45.22242736816406,489.2972717285156,288.8585205078125,355.9752197265625
2025-07-04,240.2667694091797,1879.16162109375,1737.6312255859375,172.19815063476562,962.4810791015625,266.8022155761719,45.321231842041016,492.2367858886719,291.21820068359375,359.59661865234375
2025-07-07,243.99945068359375,1874.1624755859375,1785.1561279296875,174.0636749267578,969.6802368164062,271.6477966308594,46.062259674072266,497.7171325683594,292.0047302246094,363.3648376464844
2025-07-08,241.83843994140625,1876.1622314453125,1811.888916015625,175.67391967773438,966.2806396484375,271.9444274902344,46.41795349121094,484.7635498046875,289.4484558105469,361.3583984375
2025-07-09,243.50831604003906,1876.1622314453125,1842.0870361328125,179.051513671875,984.2785034179688,276.4933166503906,46.38831329345703,493.23321533203125,289.8417053222656,317.6077880859375
2025-07-10,241.93666076660156,1876.6619873046875,1827.235595703125,179.97445678710938,975.279541015625,272.9333190917969,46.0820198059082,487.4040832519531,291.414794921875,319.1248779296875
2025-07-11,246.5533905029297,1899.157958984375,1821.7899169921875,179.89590454101562,987.8779907226562,276.3944396972656,46.7242431640625,487.45391845703125,297.7071533203125,321.96331787109375
2025-07-14,250.08963012695312,1910.156005859375,1861.39404296875,179.67990112304688,998.2766723632812,278.0755615234375,48.008689880371094,489.64605712890625,302.8197021484375,315.160888671875
2025-07-15,243.60653686523438,1882.1610107421875,1809.90869140625,176.8717803955078,990.2777099609375,276.78997802734375,47.20838165283203,483.51800537109375,295.3475341796875,316.1885681152344
2025-07-16,242.13311767578125,1860.1650390625,1799.017578125,177.7161865234375,988.2779541015625,276.8888854980469,45.8844108581543,472.1088562011719,290.0383605957031,309.8755798339844
2025-07-17,244.39236450195312,1898.6580810546875,1822.780029296875,181.9185333251953,1009.875244140625,280.6466369628906,47.02065658569336,478.5856628417969,289.2518310546875,311.3437194824219
2025-07-18,246.06224060058594,1939.650634765625,1817.33447265625,182.8414764404297,1004.8759155273438,282.1299743652344,48.5323486328125,557.2040405273438,290.6282653808594,314.2310791015625
2025-07-21,242.13311767578125,1900.15771484375,1797.037353515625,182.64511108398438,999.87646484375,279.9544372558594,48.117374420166016,526.2150268554688,284.72918701171875,306.4988708496094
2025-07-22,239.48094177246094,1859.165283203125,1736.64111328125,178.03038024902344,983.07861328125,272.4388732910156,47.7320442199707,519.5390014648438,281.3863830566406,307.67340087890625
2025-07-23,233.78369140625,1858.665283203125,1759.4134521484375,180.05300903320312,983.278564453125,275.50445556640625,48.06797409057617,539.0690307617188,257.5933837890625,305.373291015625
2025-07-24,233.9801483154297,1849.6668701171875,1728.2252197265625,179.2871551513672,985.478271484375,275.9989013671875,47.000892639160156,530.3004150390625,262.9025573730469,303.4646911621094
2025-07-25,235.8465118408203,1846.16748046875,1716.8389892578125,176.93069458007812,977.079345703125,274.4166564941406,46.99101638793945,528.1083374023438,260.7395935058594,300.4794921875
2025-07-28,225.6307373046875,1804.675048828125,1660.4031982421875,174.41714477539062,981.2788696289062,272.73553466796875,45.63740158081055,508.08001708984375,264.8689270019531,298.52197265625
2025-07-29,231.7209014892578,1820.672119140625,1717.8291015625,176.1844940185547,1005.875732421875,278.57000732421875,47.27754211425781,524.12255859375,268.40838623046875,302.68170166015625
2025-07-30,230.93508911132812,1784.6785888671875,1715.3538818359375,175.61500549316406,987.8779907226562,277.67999267578125,47.3664665222168,528.7061157226562,266.8352966308594,301.8497314453125
2025-07-31,231.6226806640625,1803.6751708984375,1718.32421875,172.84616088867188,1071.86767578125,286.2833251953125,46.70448303222656,531.7951049804688,267.8184509277344,303.1710510253906
2025-08-01,231.32798767089844,1816.1729736328125,1690.601318359375,166.03208923339844,1064.8685302734375,277.185546875,45.51884078979492,524.3218383789062,265.4588317871094,298.3751525878906
2025-08-04,232.31027221679688,1835.1695556640625,1747.5322265625,169.19366455078125,1089.865478515625,284.5033264160156,46.76376724243164,524.4214477539062,266.8352966308594,303.1221618652344
2025-08-05,232.70318603515625,1838.1689453125,1751.49267578125,172.0214080810547,1072.867431640625,284.3055419921875,47.60359573364258,532.4925537109375,265.85211181640625,304.3456115722656
2025-08-06,234.27484130859375,1857.6654052734375,1765.84912109375,174.67242431640625,1087.865478515625,286.8766784667969,49.075767517089844,539.8661499023438,269.1949157714844,298.52197265625
2025-08-07,227.10415649414062,1758.183349609375,1624.7593994140625,174.18148803710938,1076.9114990234375,287.9644470214844,46.062259674072266,520.8343505859375,265.4588317871094,291.6706237792969
2025-08-08,224.94314575195312,1737.1871337890625,1604.4622802734375,173.0229034423828,1071.4119873046875,287.9644470214844,44.886497497558594,501.6032409667969,264.0823974609375,291.6706237792969
2025-08-11,224.25555419921875,1715.69091796875,1530.20458984375,172.6105194091797,1081.9111328125,284.0088806152344,44.5703239440918,496.82037353515625,262.9025573730469,287.3151550292969
2025-08-12,226.7112579345703,1727.6888427734375,1547.5313720703125,177.57872009277344,1090.4105224609375,287.37109375,45.37063217163086,502.0018005371094,267.4252014160156,293.3834533691406
2025-08-13,227.49708557128906,1731.188232421875,1581.19482421875,176.30230712890625,1081.4112548828125,286.1844177246094,46.14130401611328,497.7669372558594,267.4252014160156,289.2726745605469
2025-08-14,233.2925567626953,1774.680419921875,1624.7593994140625,180.44573974609375,1101.4095458984375,290.3377685546875,47.22814178466797,518.7418212890625,271.1612854003906,293.0408935546875
2025-08-15,231.22975158691406,1759.68310546875,1604.9573974609375,183.489501953125,1073.911865234375,288.5577697753906,47.22814178466797,508.1796875,270.96466064453125,290.8876647949219
2025-08-18,234.37307739257812,1790.1776123046875,1631.690185546875,180.8777618408203,1081.9111328125,289.74444580078125,48.72007751464844,530.8983154296875,273.12762451171875,297.1517028808594
2025-08-19,224.74668884277344,1720.6900634765625,1552.48193359375,180.50465393066406,1059.4129638671875,288.85443115234375,43.770015716552734,493.63177490234375,264.67230224609375,278.9956970214844
2025-08-20,225.33604431152344,1726.6890869140625,1542.0858154296875,175.88992309570312,1025.915771484375,285.9866638183594,44.32331466674805,496.6708984375,266.638671875,281.0021667480469
2025-08-21,227.202392578125,1759.1832275390625,1592.5810546875,177.63763427734375,1040.41455078125,289.25,46.46735382080078,507.1832275390625,270.5713806152344,286.92364501953125
2025-08-22,228.18467712402344,1763.682373046875,1606.4425048828125,177.44126892089844,1042.9144287109375,287.272216796875,46.78352355957031,516.3504028320312,268.998291015625,288.734375
2025-08-25,228.28289794921875,1763.682373046875,1633.67041015625,177.2645263671875,1042.9144287109375,286.6788635253906,47.870365142822266,533.0904541015625,273.9141845703125,289.9577941894531
2025-08-26,221.21044921875,1771.1810302734375,1619.3138427734375,176.6165008544922,1057.4130859375,284.79998779296875,47.95928955078125,536.8768310546875,270.374755859375,292.0132141113281
2025-08-27,223.17501831054688,1766.1820068359375,1619.3138427734375,175.02589416503906,1056.4132080078125,284.0088806152344,47.78144454956055,534.8839721679688,267.8184509277344,288.00030517578125
2025-08-28,221.99627685546875,1766.6817626953125,1621.2940673828125,175.37936401367188,1058.4130859375,284.6022033691406,47.78144454956055,537.17578125,266.8352966308594,290.4961242675781
2025-08-29,221.21044921875,1757.18359375,1672.7794189453125,175.81137084960938,1069.912109375,281.73443603515625,48.14701461791992,533.2897338867188,265.4588317871094,293.6770935058594
2025-09-01,220.22817993164062,1790.677490234375,1731.195556640625,178.6980438232422,1099.90966796875,282.4266662597656,50.33057403564453,538.1722412109375,265.6554870605469,301.6540222167969
2025-09-02,216.2990264892578,1767.1817626953125,1731.6905517578125,175.90956115722656,1068.912109375,276.3944396972656,48.3545036315918,528.4072265625,259.9530334472656,293.08984375
2025-09-03,219.83526611328125,1777.179931640625,1736.64111328125,181.3490447998047,1081.9111328125,278.4710998535156,48.611392974853516,530.1011352539062,265.2621765136719,293.77496337890625
2025-09-04,218.16537475585938,1760.6829833984375,1707.9281005859375,183.46986389160156,1069.412109375,277.77886962890625,46.65508270263672,504.09429931640625,265.4588317871094,290.7897644042969
2025-09-05,218.2635955810547,1776.6800537109375,1727.235107421875,180.50465393066406,1075.41162109375,275.10888671875,46.5760383605957,512.66357421875,264.67230224609375,292.3068542480469
2025-09-08,220.62109375,1795.1766357421875,1773.27490234375,184.41246032714844,1092.4102783203125,276.2955322265625,46.82304763793945,520.3361206054688,266.638671875,292.84515380859375
2025-09-09,224.15731811523438,1792.17724609375,1761.3936767578125,184.1375274658203,1086.9107666015625,276.8888854980469,46.694602966308594,508.08001708984375,267.8184509277344,288.2939147949219
2025-09-10,230.93508911132812,1831.670166015625,1819.314697265625,185.13902282714844,1099.40966796875,277.77886962890625,47.82096481323242,518.9411010742188,273.9141845703125,300.4794921875
2025-09-11,239.38272094726562,1947.1494140625,1861.88916015625,190.48033142089844,1123.40771484375,282.0311279296875,49.1943359375,530.698974609375,278.2402038574219,303.1710510253906
2025-09-12,246.06224060058594,1980.643310546875,1877.7308349609375,189.7144775390625,1129.9071044921875,282.4266662597656,49.89583969116211,535.182861328125,285.1224670410156,302.6327819824219
2025-09-15,257.55499267578125,2015.636962890625,1930.7012939453125,192.7386016845703,1145.4058837890625,285.29443359375,51.73358917236328,532.5922241210938,298.8869934082031,307.7712707519531
2025-09-16,253.1347198486328,1996.140625,1882.186279296875,189.419921875,1130.4071044921875,280.6466369628906,50.172489166259766,515.8522338867188,294.5610046386719,303.7093811035156
2025-09-17,248.81265258789062,1955.14794921875,1869.8099365234375,188.2220458984375,1115.9083251953125,276.69110107421875,48.90780258178711,514.1582641601562,288.2686462402344,298.0325927734375
2025-09-18,248.32151794433594,1949.64892578125,1900.503173828125,188.2220458984375,1129.4072265625,281.6355285644531,49.30302047729492,506.58538818359375,288.8585205078125,297.6410827636719
2025-09-19,242.82070922851562,1951.1485595703125,1908.9190673828125,190.34286499023438,1149.905517578125,288.3599853515625,49.243736267089844,525.1189575195312,275.68389892578125,298.66876220703125
2025-09-22,246.35693359375,1967.145751953125,1920.80029296875,191.59963989257812,1148.9056396484375,291.1288757324219,51.10124588012695,552.321533203125,278.0435485839844,310.4139099121094
2025-09-23,245.96401977539062,1950.648681640625,1893.077392578125,190.73561096191406,1163.9044189453125,288.3599853515625,49.99464416503906,532.3928833007812,278.0435485839844,304.9817810058594
2025-09-24,251.75949096679688,1993.1409912109375,1958.9193115234375,190.30360412597656,1173.4036865234375,289.348876953125,52.26713180541992,561.5883178710938,281.7796325683594,311.5884094238281
2025-09-25,251.85772705078125,1998.14013671875,1958.9193115234375,190.34286499023438,1170.4039306640625,288.9533386230469,52.207847595214844,571.054443359375,281.3863830566406,312.8118896484375
2025-09-26,254.7063446044922,2011.6376953125,1941.097412109375,192.16912841796875,1182.40283203125,292.7110900878906,52.36593246459961,571.9512329101562,277.06036376953125,312.2735290527344
2025-09-29,258.83197021484375,2045.631591796875,1968.8203125,192.22802734375,1163.4044189453125,292.5133056640625,53.4527702331543,580.3212890625,281.5830078125,315.89495849609375
2025-09-30,261.8770446777344,2058.629150390625,1964.85986328125,193.81863403320312,1189.90234375,296.76556396484375,53.37372970581055,572.449462890625,279.81329345703125,312.1756896972656
2025-10-01,259.3230895996094,2036.63330078125,1931.69140625,195.46817016601562,1176.9033203125,295.0844421386719,53.35396957397461,562.285888671875,280.9930725097656,314.42681884765625
2025-10-02,268.1636657714844,2059.629150390625,1966.3450927734375,198.38427734375,1167.4041748046875,300.2266540527344,54.994110107421875,564.3783569335938,283.1560974121094,322.5015869140625
2025-10-03,266.1990661621094,2054.6298828125,1943.07763671875,199.85707092285156,1168.4039306640625,299.7322082519531,55.1324348449707,565.175537109375,284.72918701171875,327.8847961425781
2025-10-06,257.6531982421875,2015.636962890625,1870.3050537109375,197.45152282714844,1154.4052734375,294.78778076171875,54.69770050048828,554.8941650390625,276.0771789550781,325.48681640625
2025-10-07,255.68861389160156,1992.1412353515625,1865.849609375,198.7770233154297,1153.4052734375,295.381103515625,54.22344207763672,544.6127319335938,276.2738342285156,311.5884094238281
2025-10-08,260.1089172363281,2028.6346435546875,1914.3646240234375,201.5753173828125,1152.4052734375,300.4244384765625,55.52764892578125,548.206298828125,280.7964782714844,317.0205383300781
2025-10-09,258.14434814453125,2014.63720703125,1885.1566162109375,200.93710327148438,1154.9051513671875,299.6333312988281,54.816261291503906,537.0265502929688,279.4200134277344,303.7086486816406
2025-10-10,252.93824768066406,1982.14306640625,1863.374267578125,198.33518981933594,1138.406494140625,293.99664306640625,52.26713180541992,525.9466552734375,274.3074645996094,301.5392761230469
2025-10-13,250.48252868652344,1951.1485595703125,1860.8990478515625,198.67884826660156,1128.4073486328125,294.78778076171875,52.1683235168457,513.369384765625,271.5545654296875,298.5317687988281
2025-10-14,253.03648376464844,1954.1480712890625,1820.3048095703125,199.61160278320312,1123.90771484375,296.1722106933594,51.75334930419922,506.9809875488281,271.7511901855469,296.90478515625
2025-10-15,244.9817352294922,1900.65771484375,1727.7301025390625,199.31704711914062,1112.40869140625,293.4033508300781,49.57966995239258,482.0761413574219,265.4588317871094,293.45355224609375
2025-10-16,249.30380249023438,1907.656494140625,1756.938232421875,201.72259521484375,1139.9063720703125,299.435546875,50.1922492980957,482.3756103515625,269.3915710449219,294.83404541015625
2025-10-17,241.05259704589844,1831.170166015625,1645.0565185546875,196.7642059326172,1102.909423828125,293.6011047363281,47.52455139160156,461.064208984375,265.2621765136719,286.2552490234375
2025-10-20,249.99139404296875,1861.6646728515625,1742.086669921875,200.00433349609375,1126.9073486328125,299.7322082519531,49.57966995239258,478.98175048828125,269.3915710449219,288.22735595703125
2025-10-21,251.1701202392578,1870.1632080078125,1762.8787841796875,203.588134765625,1134.4068603515625,304.6766662597656,50.212013244628906,479.53076171875,269.3915710449219,289.50927734375
2025-10-22,254.60813903808594,1870.6630859375,1733.17578125,202.06625366210938,1102.409423828125,300.7210998535156,49.89583969116211,492.2576904296875,276.6670837402344,287.68505859375
2025-10-23,256.0815734863281,1871.298095703125,1748.5223388671875,203.4899444580078,1108.408935546875,304.3799743652344,50.725791931152344,491.4591369628906,279.0267333984375,289.70648193359375
2025-10-24,248.91087341308594,1861.2991943359375,1746.5421142578125,204.6681671142578,1120.907958984375,301.1166687011719,50.626991271972656,521.255126953125,275.88055419921875,291.1855773925781
2025-10-27,247.1427764892578,1863.2989501953125,1714.36376953125,204.81544494628906,1120.907958984375,300.2266540527344,50.44914245605469,509.1770324707031,274.3074645996094,289.9036865234375
2025-10-28,248.22328186035156,1882.296875,1727.7301025390625,203.98086547851562,1145.9058837890625,301.9077453613281,51.12100601196289,514.6670532226562,275.2906494140625,289.8544006347656
2025-10-29,242.23135375976562,1869.29833984375,1713.8687744140625,204.6190643310547,1159.40478515625,300.2266540527344,50.48866271972656,512.3712158203125,270.374755859375,290.9390563964844
2025-10-30,241.44552612304688,1860.29931640625,1688.1259765625,208.841064453125,1167.904052734375,302.00665283203125,49.91560363769531,509.6761169433594,268.40838623046875,237.83935546875
2025-10-31,242.52603149414062,1870.798095703125,1684.66064453125,209.52835083007812,1166.9041748046875,304.4788818359375,50.271297454833984,523.0518798828125,274.1108093261719,255.44064331054688
2025-11-03,245.07997131347656,1863.2989501953125,1755.9481201171875,210.26473999023438,1164.904296875,306.8522033691406,51.456939697265625,520.8558349609375,280.20654296875,255.5392608642578
2025-11-04,242.624267578125,1849.8004150390625,1711.8885498046875,208.98834228515625,1147.40576171875,306.2588806152344,50.40962219238281,524.3494873046875,273.9141845703125,252.63037109375
2025-11-05,235.8465118408203,1848.300537109375,1690.106201171875,208.49742126464844,1156.905029296875,303.489990234375,49.89583969116211,513.8684692382812,267.03192138671875,249.96798706054688
2025-11-06,234.27484130859375,1810.8045654296875,1691.0963134765625,204.86453247070312,1131.4071044921875,299.435546875,49.036251068115234,510.7741394042969,265.85211181640625,243.80506896972656
2025-11-07,236.73056030273438,1806.8050537109375,1731.6905517578125,204.27542114257812,1138.406494140625,297.75445556640625,49.91560363769531,514.5672607421875,268.60504150390625,243.5585479736328
2025-11-10,237.02523803710938,1821.803466796875,1769.314453125,207.2700958251953,1160.9046630859375,305.566650390625,50.1922492980957,523.9502563476562,270.5713806152344,245.43206787109375
2025-11-11,236.337646484375,1798.805908203125,1714.36376953125,207.17190551757812,1152.4052734375,305.4677734375,49.352420806884766,517.8612670898438,271.7511901855469,242.42457580566406
2025-11-12,236.73056030273438,1791.806640625,1727.7301025390625,208.1537628173828,1152.4052734375,306.7533264160156,49.57966995239258,523.351318359375,272.734375,239.95941162109375
2025-11-13,239.38272094726562,1806.3050537109375,1733.17578125,206.43551635742188,1120.407958984375,303.489990234375,50.74555206298828,532.4348754882812,273.32427978515625,243.75575256347656
2025-11-14,235.1588897705078,1806.8050537109375,1709.9083251953125,202.7535400390625,1105.9091796875,301.01776123046875,49.856319427490234,524.4493408203125,269.58819580078125,241.48780822753906
2025-11-17,238.4004364013672,1804.8052978515625,1705.9478759765625,203.53903198242188,1094.4100341796875,302.5010986328125,50.468902587890625,537.525634765625,281.97625732421875,245.4813690185547
2025-11-18,234.56951904296875,1804.8052978515625,1699.0172119140625,200.4461669921875,1073.411865234375,295.87554931640625,49.55990982055664,514.3676147460938,276.6670837402344,239.36776733398438
2025-11-19,228.77403259277344,1724.31396484375,1580.204833984375,199.56251525878906,1066.412353515625,295.47998046875,47.14910125732422,491.00994873046875,268.60504150390625,233.10623168945312
2025-11-20,231.6226806640625,1754.8106689453125,1620.799072265625,200.69163513183594,1078.911376953125,296.96331787109375,48.51258850097656,502.189697265625,269.58819580078125,240.84686279296875
2025-11-21,222.8803253173828,1712.815185546875,1504.4619140625,199.0715789794922,1037.9146728515625,286.1844177246094,45.489200592041016,479.1314697265625,261.3294677734375,228.52102661132812
2025-11-24,219.5405731201172,1651.82177734375,1428.718994140625,196.42056274414062,1028.91552734375,279.3611145019531,44.43199920654297,452.42987060546875,259.75640869140625,225.95724487304688
2025-11-25,222.2909698486328,1620.8250732421875,1453.4715576171875,198.0897216796875,1044.9141845703125,283.1188659667969,44.84697341918945,458.1694641113281,259.1664733886719,227.88009643554688
2025-11-26,221.60337829589844,1643.8226318359375,1480.699462890625,201.13348388671875,1057.9130859375,285.8877868652344,45.02482223510742,469.3492126464844,263.29583740234375,230.4931640625
2025-11-27,222.4874267578125,1653.821533203125,1499.016357421875,200.4461669921875,1058.4130859375,285.78887939453125,45.63740158081055,481.0779724121094,264.8689270019531,241.58641052246094
2025-11-28,221.4069061279297,1650.3218994140625,1465.847900390625,200.74073791503906,1067.912353515625,287.0744323730469,46.34878921508789,474.73944091796875,266.04876708984375,236.36026000976562
2025-12-01,215.61143493652344,1609.326416015625,1433.6695556640625,189.08609008789062,1036.914794921875,282.9211120605469,45.133506774902344,461.96258544921875,261.1328430175781,233.8950958251953
2025-12-02,218.42311096191406,1623.8248291015625,1475.2537841796875,187.0438232421875,1045.9141845703125,286.9755554199219,45.41015625,469.09967041015625,265.2621765136719,235.3741912841797
2025-12-03,221.48143005371094,1643.3226318359375,1503.966796875,194.52557373046875,1062.91259765625,293.4033508300781,46.17094421386719,467.95172119140625,264.67230224609375,237.14910888671875
2025-12-04,221.67874145507812,1686.3179931640625,1524.759033203125,193.44554138183594,1090.910400390625,290.73333740234375,46.78352355957031,477.3846435546875,266.245361328125,242.37527465820312
2025-12-05,221.1854705810547,1672.8194580078125,1514.3629150390625,193.13133239746094,1084.4110107421875,289.6455383300781,46.63532257080078,488.36474609375,265.0655822753906,242.7696990966797
2025-12-08,223.94781494140625,1690.817626953125,1569.3135986328125,194.48631286621094,1106.9091796875,291.7221984863281,47.61347579956055,497.2486267089844,265.4588317871094,248.09446716308594
2025-12-09,229.7684783935547,1726.313720703125,1625.2545166015625,191.8942108154297,1110.90869140625,291.5244140625,48.868282318115234,510.1752014160156,272.3410949707031,252.92617797851562
2025-12-10,224.9343719482422,1706.31591796875,1594.0662841796875,190.460693359375,1105.9091796875,290.73333740234375,48.0580940246582,504.1860656738281,266.638671875,244.0022735595703
2025-12-11,225.32899475097656,1690.817626953125,1586.6405029296875,189.7733917236328,1099.90966796875,288.0633239746094,47.0700569152832,502.5889587402344,265.6554870605469,246.56605529785156
2025-12-12,227.99269104003906,1700.3165283203125,1600.0068359375,190.49996948242188,1096.409912109375,288.0633239746094,47.60359573364258,506.7813720703125,267.6218566894531,247.60142517089844
2025-12-15,228.19000244140625,1693.3172607421875,1557.927490234375,192.56185913085938,1113.908447265625,289.74444580078125,47.57395553588867,507.4800720214844,267.6218566894531,248.04515075683594
2025-12-16,224.44110107421875,1664.3204345703125,1487.1351318359375,189.45919799804688,1097.9097900390625,290.4366760253906,45.71644592285156,483.0743408203125,264.0823974609375,243.26272583007812
2025-12-17,224.44110107421875,1680.818603515625,1511.8876953125,186.9456329345703,1101.909423828125,290.4366760253906,45.84489440917969,490.31121826171875,264.67230224609375,248.98191833496094
2025-12-18,228.09133911132812,1715.31494140625,1534.6600341796875,190.51959228515625,1143.906005859375,298.05108642578125,47.72216033935547,503.1878662109375,268.21173095703125,253.1234130859375
2025-12-19,226.71017456054688,1723.81396484375,1544.0660400390625,192.2869415283203,1169.9039306640625,302.8966369628906,48.63115692138672,507.7795715332031,270.1781005859375,254.65179443359375
2025-12-22,227.4007568359375,1717.314697265625,1529.70947265625,192.16912841796875,1154.9051513671875,298.84222412109375,48.81888198852539,512.07177734375,267.6218566894531,255.98300170898438
2025-12-23,225.92092895507812,1709.8155517578125,1525.7491455078125,193.15098571777344,1159.90478515625,297.06219482421875,48.858402252197266,528.2424926757812,266.4420166015625,257.06768798828125
2025-12-24,225.52630615234375,1711.3153076171875,1525.7491455078125,192.40476989746094,1149.405517578125,295.97442626953125,48.858402252197266,528.2424926757812,267.2285461425781,257.06768798828125
2025-12-29,224.04647827148438,1698.3167724609375,1510.8975830078125,192.4440460205078,1136.9066162109375,291.02996826171875,47.90000534057617,522.75244140625,265.85211181640625,255.2434539794922
2025-12-30,226.61151123046875,1713.8150634765625,1545.5511474609375,195.33070373535156,1152.9052734375,294.0955505371094,48.57187271118164,536.6272583007812,267.8184509277344,254.99693298339844
2025-12-31,226.71017456054688,1713.8150634765625,1545.5511474609375,194.8004913330078,1149.905517578125,294.0955505371094,48.57187271118164,536.6272583007812,269.1949157714844,254.99693298339844
2026-01-02,231.8402557373047,1753.810791015625,1586.1453857421875,200.00433349609375,1196.901611328125,303.78668212890625,50.60722732543945,558.7870483398438,275.68389892578125,265.4492492675781
2026-01-05,242.791015625,1850.80029296875,1734.660888671875,204.22633361816406,1231.39892578125,309.3244323730469,53.768943786621094,595.8200073242188,287.08880615234375,274.07733154296875
2026-01-06,244.56680297851562,1881.2969970703125,1723.274658203125,205.60092163085938,1244.3978271484375,309.2255554199219,53.927032470703125,595.8200073242188,286.695556640625,278.7611389160156
2026-01-07,264.88983154296875,1925.792236328125,1806.9384765625,209.87200927734375,1258.8966064453125,319.01556396484375,56.673770904541016,625.5660400390625,300.4600830078125,281.1277160644531
2026-01-08,262.2261047363281,2022.78173828125,1832.68115234375,211.2957000732422,1272.3955078125,316.04888916015625,57.81989288330078,640.2394409179688,301.04998779296875,282.85333251953125
2026-01-09,262.4234313964844,2052.778564453125,1881.1961669921875,211.19752502441406,1293.393798828125,313.7744140625,57.780372619628906,680.7659912109375,303.4096374511719,295.0805358886719
2026-01-12,266.5669860839844,2092.774169921875,1871.295166015625,212.2284698486328,1286.894287109375,315.4555358886719,57.97797775268555,694.541015625,309.70196533203125,300.2080993652344
2026-01-13,260.64764404296875,2071.7763671875,1885.1566162109375,216.20498657226562,1304.892822265625,322.17999267578125,58.274391174316406,702.8259887695312,308.71881103515625,295.03125
2026-01-14,259.56243896484375,2037.7801513671875,1880.2060546875,211.54116821289062,1274.895263671875,316.6422119140625,57.40491485595703,691.5464477539062,305.9659118652344,296.5103454589844
2026-01-15,251.6699981689453,2040.77978515625,1894.5625,210.95205688476562,1272.8955078125,315.25775146484375,57.32587432861328,694.3413696289062,303.4096374511719,299.36993408203125
2026-01-16,258.0826110839844,2087.774658203125,1883.1763916015625,213.45578002929688,1285.3944091796875,317.13665771484375,58.31391143798828,706.519287109375,311.07843017578125,327.7686767578125
2026-01-19,260.8449401855469,2085.77490234375,1900.998291015625,206.58277893066406,1266.8958740234375,313.8733215332031,59.282188415527344,721.9912109375,323.4665222167969,324.9583740234375
2026-01-20,260.74627685546875,2065.777099609375,1890.1070556640625,204.17723083496094,1280.894775390625,312.7855224609375,58.84745407104492,728.4794921875,325.432861328125,327.02911376953125
2026-01-21,258.1812744140625,2061.777587890625,1835.1563720703125,203.63720703125,1254.8968505859375,312.09332275390625,57.97797775268555,721.29248046875,322.8765869140625,326.1909484863281
2026-01-22,248.0197296142578,1984.785888671875,1772.7799072265625,202.99900817871094,1243.8978271484375,302.6000061035156,56.179752349853516,690.248779296875,315.99432373046875,310.8576354980469
2026-01-23,255.02427673339844,2026.7813720703125,1811.888916015625,203.04811096191406,1252.8970947265625,306.95111083984375,57.36539840698242,717.4993896484375,328.5790710449219,316.03448486328125
2026-01-26,253.05116271972656,1972.787109375,1773.27490234375,198.72792053222656,1235.3984375,304.2811279296875,55.84382247924805,699.7315673828125,321.10687255859375,314.11163330078125
2026-01-27,257.3919982910156,2011.782958984375,1831.6910400390625,195.7823486328125,1239.898193359375,305.8633117675781,57.049224853515625,713.7062377929688,328.7756652832031,319.0912780761719
2026-01-28,256.99737548828125,1995.28466796875,1826.740478515625,191.52108764648438,1207.9007568359375,298.4466552734375,57.049224853515625,705.02197265625,320.3203125,316.5274963378906
2026-01-29,252.459228515625,1973.287109375,1777.7303466796875,190.48033142089844,1200.9013671875,295.2822265625,55.54740905761719,697.0364990234375,314.6178894042969,318.055908203125
2026-01-30,252.55789184570312,1973.7869873046875,1763.868896484375,189.89120483398438,1210.9005126953125,297.6555480957031,55.6264533996582,692.0455322265625,314.4212341308594,325.9444274902344
2026-02-02,253.54444885253906,1921.7926025390625,1711.8885498046875,190.28396606445312,1230.39892578125,298.84222412109375,55.29051971435547,675.4755859375,311.6683349609375,325.1062927246094
2026-02-03,255.2216033935547,1931.2916259765625,1743.0767822265625,186.78854370117188,1235.3984375,300.2266540527344,55.685733795166016,679.1688842773438,312.4548645019531,328.95196533203125
2026-02-04,249.69688415527344,1874.2977294921875,1662.87841796875,184.84446716308594,1217.4000244140625,297.35888671875,53.057559967041016,650.3211669921875,306.9490966796875,325.4513854980469
2026-02-05,245.35604858398438,1856.2996826171875,1555.4521484375,186.08160400390625,1207.4007568359375,299.1388854980469,52.286888122558594,638.04345703125,309.89862060546875,316.97125244140625
2026-02-06,243.77755737304688,1878.7972412109375,1588.62060546875,187.82931518554688,1228.8990478515625,304.5777587890625,52.563541412353516,655.611572265625,311.6683349609375,366.3238830566406
2026-02-09,253.93905639648438,1943.290283203125,1632.6802978515625,189.63592529296875,1274.895263671875,310.9066467285156,54.02583312988281,669.6860961914062,326.2193908691406,374.26171875
2026-02-10,249.10494995117188,1923.79248046875,1612.878173828125,188.1435089111328,1243.39794921875,304.5777587890625,52.91923522949219,646.528076171875,320.5169677734375,371.4021301269531
2026-02-11,242.59368896484375,1925.292236328125,1576.244384765625,183.8429718017578,1247.8974609375,301.51220703125,52.9587516784668,642.23583984375,316.19097900390625,355.62506103515625
2026-02-12,243.3829345703125,1924.7923583984375,1563.8680419921875,186.96527099609375,1225.8992919921875,303.8855285644531,52.62281799316406,626.5642700195312,317.7640686035156,358.82977294921875
2026-02-13,241.90310668945312,1967.7877197265625,1593.076171875,188.92898559570312,1270.8956298828125,329.1022033691406,53.433013916015625,637.5443115234375,324.2530517578125,363.26708984375
2026-02-16,248.0197296142578,2028.7811279296875,1603.96728515625,193.6222686767578,1297.8934326171875,334.4422302246094,55.369564056396484,623.869140625,337.4277038574219,365.73223876953125
2026-02-17,245.5533447265625,2028.7811279296875,1595.5513916015625,192.93496704101562,1296.8934326171875,337.1122131347656,54.836021423339844,626.46435546875,334.6747741699219,371.1063232421875
2026-02-18,256.0108337402344,2109.7724609375,1677.23486328125,197.00967407226562,1324.39111328125,343.34222412109375,57.40491485595703,652.6170043945312,344.1133117675781,391.12347412109375
2026-02-19,259.7597351074219,2162.7666015625,1726.2449951171875,183.7055206298828,1323.891357421875,338.29888916015625,58.49176025390625,671.6824951171875,343.9166564941406,387.47503662109375
2026-02-20,260.8449401855469,2164.766357421875,1722.7796630859375,186.29762268066406,1335.8902587890625,342.55108642578125,58.21510696411133,668.1887817382812,347.45611572265625,392.06024169921875
2026-02-23,250.0915069580078,2136.76953125,1684.66064453125,179.81735229492188,1332.8905029296875,342.1555480957031,57.286354064941406,648.2249755859375,340.1805725097656,386.2424621582031
2026-02-24,247.8224334716797,2140.76904296875,1707.43310546875,179.52279663085938,1309.8924560546875,336.8155517578125,58.45223617553711,656.7095947265625,340.5738525390625,382.1995849609375
2026-02-25,249.9928436279297,2105.772705078125,1665.3536376953125,181.13304138183594,1309.8924560546875,340.37554931640625,56.23903274536133,647.4263916015625,338.2142333984375,378.6004333496094
2026-02-26,250.78208923339844,2117.771484375,1657.432861328125,183.35205078125,1352.388916015625,342.7488708496094,55.70549774169922,650.021728515625,331.33197021484375,374.01519775390625
2026-02-27,251.47267150878906,2111.772216796875,1647.0367431640625,180.89739990234375,1333.3905029296875,336.2221984863281,56.12046813964844,652.2177734375,332.9050598144531,380.42462158203125
2026-03-02,252.459228515625,2240.75830078125,1611.39306640625,177.00924682617188,1353.8887939453125,332.36553955078125,57.52348327636719,648.9236450195312,332.9050598144531,389.052734375
2026-03-03,246.24395751953125,2219.760498046875,1564.3631591796875,172.23741149902344,1302.8929443359375,317.9277648925781,57.246829986572266,643.0343627929688,325.432861328125,380.96697998046875
2026-03-04,247.3291473388672,2268.755126953125,1622.2841796875,173.98512268066406,1362.8880615234375,323.3666687011719,59.67740249633789,661.6007080078125,341.16375732421875,392.2081604003906
2026-03-05,233.22142028808594,2149.76806640625,1531.689697265625,172.68907165527344,1289.89404296875,312.7855224609375,56.02166748046875,627.8618774414062,310.2919006347656,382.7912292480469
2026-03-06,238.0555419921875,2213.76123046875,1576.7393798828125,172.3159637451172,1264.8961181640625,314.1700134277344,57.918697357177734,652.117919921875,328.1857604980469,385.3056640625
2026-03-09,244.17218017578125,2258.75634765625,1608.917724609375,172.23741149902344,1238.398193359375,311.2033386230469,61.73251724243164,672.2813720703125,333.4949645996094,395.9552001953125
2026-03-10,247.1318359375,2248.75732421875,1636.640625,174.67242431640625,1310.892333984375,317.4333190917969,61.7127571105957,681.76416015625,339.5906677246094,396.8919677734375
2026-03-11,244.17218017578125,2227.759521484375,1505.4520263671875,173.710205078125,1300.3931884765625,314.6644592285156,59.716922760009766,662.69873046875,338.60748291015625,387.3271179199219
2026-03-12,251.47267150878906,2297.752197265625,1535.155029296875,168.91873168945312,1283.39453125,304.6766662597656,63.11576843261719,684.55908203125,342.7368469238281,403.5971984863281
2026-03-13,250.38748168945312,2306.751220703125,1576.7393798828125,165.3251495361328,1215.4002685546875,301.01776123046875,63.313377380371094,684.1598510742188,342.9334716796875,406.9991455078125
2026-03-16,246.44125366210938,2321.74951171875,1608.4227294921875,166.87648010253906,1229.89892578125,303.292236328125,63.03672409057617,686.8549194335938,340.3772277832031,407.1963806152344
2026-03-17,245.5533447265625,2330.74853515625,1618.81884765625,167.22994995117188,1246.8975830078125,301.51220703125,62.562469482421875,686.056396484375,340.3772277832031,402.3153381347656
2026-03-18,249.9928436279297,2329.74853515625,1589.6107177734375,167.21031188964844,1255.3968505859375,303.1933288574219,63.49122619628906,696.63720703125,342.1469421386719,413.8523254394531
2026-03-19,245.75067138671875,2307.7509765625,1534.6600341796875,160.98533630371094,1189.90234375,289.9422302246094,62.443904876708984,671.4827880859375,334.87139892578125,406.6540222167969
2026-03-20,239.04209899902344,2249.75732421875,1488.1251220703125,158.00048828125,1160.9046630859375,278.4710998535156,59.87500762939453,641.1378173828125,320.5169677734375,394.72259521484375
2026-03-23,235.8851318359375,2139.76904296875,1468.3231201171875,163.3810577392578,1182.90283203125,284.1077575683594,58.49176025390625,637.4444580078125,317.5674133300781,393.88446044921875
2026-03-24,237.06900024414062,2126.7705078125,1456.9368896484375,161.57444763183594,1165.404296875,278.9655456542969,57.286354064941406,635.9472045898438,315.7976989746094,384.22100830078125
2026-03-25,242.69235229492188,2151.767822265625,1471.7884521484375,165.40370178222656,1193.90185546875,284.8988952636719,58.31391143798828,633.6513671875,321.10687255859375,389.5950622558594
2026-03-26,238.3515167236328,2092.774169921875,1421.7882080078125,160.43548583984375,1149.905517578125,278.57000732421875,57.87917709350586,612.6893920898438,310.0952453613281,384.5661315917969
2026-03-27,234.7012481689453,2066.777099609375,1365.847412109375,157.50955200195312,1108.408935546875,275.306640625,55.942623138427734,590.62939453125,304.78607177734375,374.7054443359375
2026-03-30,242.791015625,2131.77001953125,1395.550537109375,156.29205322265625,1106.4091796875,271.3511047363281,54.994110107421875,603.5059814453125,307.9322509765625,392.2574462890625
2026-03-31,248.71034240722656,2199.7626953125,1430.2041015625,157.90231323242188,1131.9071044921875,276.2955322265625,57.345638275146484,616.2828979492188,313.83135986328125,406.9991455078125
2026-04-01,262.9167175292969,2294.75244140625,1565.8482666015625,164.85385131835938,1206.90087890625,287.37109375,61.890602111816406,662.0,330.1521301269531,413.01416015625
2026-04-02,263.90325927734375,2288.753173828125,1554.9571533203125,162.1439208984375,1188.40234375,284.1077575683594,61.5151481628418,642.0,330.9386901855469,413.01416015625
2026-04-07,261.3382263183594,2257.75634765625,1515.8480224609375,159.6696319580078,1142.506103515625,279.8555603027344,56.565086364746094,624.2999877929688,324.0564270019531,414.14813232421875
2026-04-08,266.6656188964844,2288.253173828125,1562.3829345703125,172.080322265625,1277.89501953125,309.62109375,56.9405403137207,631.0999755859375,332.51177978515625,410.4010925292969
2026-04-09,264.5938720703125,2268.755126953125,1534.8580322265625,167.70123291015625,1279.69482421875,312.4888916015625,58.728885650634766,623.7000122070312,330.9386901855469,417.599365234375
2026-04-10,255.71487426757812,2193.76318359375,1449.313232421875,166.42481994628906,1267.0958251953125,309.8188781738281,55.63633346557617,610.0,319.5337829589844,400.9348449707031
2026-04-13,262.02880859375,2245.2578125,1480.6004638671875,167.36741638183594,1269.2957763671875,306.6544494628906,57.10850524902344,620.0,324.84295654296875,403.4000244140625
2026-04-14,263.4100036621094,2231.25927734375,1471.887451171875,169.62567138671875,1312.0921630859375,313.8733215332031,56.84173583984375,615.7999877929688,324.6463317871094,398.5
2026-04-15,265.5804138183594,2251.257080078125,1500.204345703125,168.5652618408203,1286.6943359375,305.3688659667969,57.14802932739258,618.9000244140625,325.6295166015625,325.9997863769531
2026-04-16,263.8045959472656,2216.260986328125,1482.382568359375,168.6634521484375,1250.0972900390625,294.88665771484375,57.286354064941406,601.2999877929688,320.713623046875,308.7597961425781
2026-04-17,261.0422668457031,2255.256591796875,1480.40234375,176.2237548828125,1310.4923095703125,311.796630859375,56.999820709228516,595.5999755859375,321.10687255859375,305.80438232421875
2026-04-20,259.7597351074219,2239.25830078125,1461.1944580078125,173.1800079345703,1262.29638671875,299.6333312988281,57.40491485595703,589.5,316.7808837890625,303.8340759277344
2026-04-21,244.36949157714844,2144.7685546875,1416.8377685546875,170.52000427246094,1180.3031005859375,279.26220703125,54.6087760925293,570.7000122070312,306.5557861328125,303.4236145019531
2026-04-22,238.7461395263672,2112.77197265625,1408.718994140625,166.24000549316406,1138.5064697265625,269.47222900390625,54.213558197021484,564.7999877929688,299.67352294921875,307.1999816894531
2026-04-23,239.4367218017578,2080.0,1393.0753173828125,168.16000366210938,1160.1556396484375,275.8999938964844,53.68989944458008,586.2999877929688,302.0331726074219,328.1000061035156
2026-04-24,229.66983032226562,2020.5,1306.1441650390625,165.9199981689453,1129.35693359375,267.0,52.069522857666016,565.0,291.414794921875,314.5
2026-04-27,228.09133911132812,2036.0,1332.48095703125,165.55999755859375,1130.3568115234375,270.9555358886719,51.91143798828125,567.4000244140625,286.8921813964844,311.1000061035156
2026-04-28,227.99269104003906,2046.5,1329.9066162109375,166.10000610351562,1134.356689453125,268.2855224609375,51.782989501953125,569.7000122070312,287.28546142578125,304.0
2026-04-29,227.0061492919922,2001.0,1324.7581787109375,174.6199951171875,1098.5579833984375,265.8133239746094,51.51622009277344,559.7000122070312,285.7123718261719,303.79998779296875
2026-04-30,230.75503540039062,2042.5,1342.382080078125,174.8800048828125,1181.954833984375,269.9666442871094,52.38569259643555,560.0,291.8080749511719,310.0
2026-05-01,230.75503540039062,2034.5,1342.382080078125,174.8800048828125,1199.1541748046875,269.9666442871094,52.38569259643555,560.0,291.8080749511719,310.0
2026-05-04,230.064453125,2034.5,1374.4613037109375,176.17999267578125,1199.1541748046875,262.2533264160156,52.148563385009766,572.0999755859375,294.3643493652344,315.6000061035156
2026-05-05,233.12277221679688,2077.0,1421.1942138671875,177.86000061035156,1201.9541015625,269.2744140625,52.642581939697266,575.5999755859375,297.5105285644531,312.5
2026-05-06,237.75958251953125,2089.5,1427.332763671875,188.5,1279.151123046875,293.4033508300781,55.29051971435547,588.2000122070312,302.6230773925781,328.29998779296875
2026-05-07,232.7281494140625,2001.0,1328.322509765625,183.44000244140625,1279.7510986328125,291.5244140625,54.243202209472656,562.5,293.57781982421875,319.29998779296875
2026-05-08,224.83570861816406,1934.800048828125,1206.341796875,179.8800048828125,1219.75341796875,283.1188659667969,52.524017333984375,538.0,285.1224670410156,309.3999938964844
2026-05-11,221.97471618652344,1923.5,1173.8663330078125,175.47999572753906,1227.5531005859375,281.239990234375,50.69615173339844,525.7999877929688,282.17291259765625,296.70001220703125
2026-05-12,222.9612579345703,1926.0,1150.5,172.52000427246094,1190.9544677734375,277.58111572265625,49.396881103515625,510.1000061035156,279.61663818359375,298.1000061035156
2026-05-13,220.6921844482422,1928.5,1121.5999755859375,173.44000244140625,1204.9539794921875,278.3722229003906,49.243736267089844,491.6000061035156,278.2402038574219,292.29998779296875
2026-05-14,220.00160217285156,1923.0,1143.199951171875,172.74000549316406,1197.1541748046875,280.0533447265625,49.2585563659668,491.6000061035156,279.4200134277344,292.29998779296875
2026-05-15,216.4499969482422,1850.5,1120.0,167.67999267578125,1139.9564208984375,268.3844299316406,48.403907775878906,482.75,275.3999938964844,292.20001220703125
2026-05-18,219.8000030517578,1880.5,1172.0,170.3800048828125,1157.5557861328125,270.8566589355469,49.327720642089844,492.3500061035156,275.20001220703125,294.70001220703125
2026-05-19,226.3000030517578,1902.0,1207.0,169.10000610351562,1164.555419921875,271.1533508300781,50.32069778442383,513.9000244140625,279.6000061035156,304.20001220703125
2026-05-20,229.5,1926.0,1233.5999755859375,173.36000061035156,1224.55322265625,279.3611145019531,51.535980224609375,524.2000122070312,284.3999938964844,312.70001220703125
2026-05-21,226.8000030517578,1953.0,1209.4000244140625,165.9600067138672,1208.15380859375,276.59222412109375,50.73567199707031,527.2000122070312,286.0,311.79998779296875
2026-05-22,229.6999969482422,1993.5,1227.199951171875,169.52000427246094,1248.7523193359375,281.83331298828125,51.69406509399414,529.9000244140625,291.3999938964844,311.5
2026-05-25,232.10000610351562,1993.5,1243.5999755859375,174.25999450683594,1248.7523193359375,298.1499938964844,51.39765548706055,539.4000244140625,295.79998779296875,311.5
2026-05-26,230.3000030517578,1990.0,1237.199951171875,172.27999877929688,1261.1517333984375,295.1000061035156,52.00035858154297,540.5,293.6000061035156,320.0
2026-05-27,233.1999969482422,1965.5,1232.800048828125,173.6999969482422,1297.150390625,299.0,51.03208541870117,536.7000122070312,295.20001220703125,318.79998779296875
2026-05-28,239.60000610351562,2019.0,1284.0,177.6999969482422,1314.5498046875,303.0,53.768943786621094,576.2000122070312,303.20001220703125,333.1000061035156
2026-05-29,239.5,2023.0,1293.4000244140625,179.6999969482422,1337.348876953125,305.70001220703125,53.768943786621094,569.2999877929688,304.79998779296875,332.1000061035156
2026-06-01,230.0,1921.0,1207.0,173.17999267578125,1272.75146484375,297.0,51.8422737121582,536.2000122070312,291.20001220703125,322.8999938964844
2026-06-02,226.60000610351562,1908.5,1190.0,172.67999267578125,1280.551025390625,298.0,51.713829040527344,524.9000244140625,292.0,315.70001220703125
2026-06-03,224.89999389648438,1900.0,1200.4000244140625,169.3000030517578,1258.15185546875,293.79998779296875,50.26141357421875,517.5,286.6000061035156,307.5
2026-06-04,230.0,1916.0,1190.199951171875,177.0,1263.1517333984375,300.29998779296875,50.64674758911133,525.7999877929688,295.6000061035156,305.6000061035156
2026-06-05,232.39999389648438,1930.5,1209.800048828125,178.9600067138672,1259.951904296875,298.5,51.23957061767578,528.4000244140625,297.79998779296875,312.0
2026-06-08,232.3000030517578,1953.5,1199.800048828125,176.9600067138672,1261.1517333984375,294.5,50.77519226074219,531.7999877929688,298.3999938964844,316.3999938964844
2026-06-09,231.5,1933.5,1207.199951171875,175.74000549316406,1225.1531982421875,295.6000061035156,51.407535552978516,524.0999755859375,295.3999938964844,313.79998779296875
2026-06-10,234.0,1940.0,1197.199951171875,174.9600067138672,1233.5528564453125,291.5,51.69406509399414,524.5999755859375,297.79998779296875,298.0
2026-06-11,237.8000030517578,1942.5,1220.0,175.25999450683594,1252.752197265625,295.29998779296875,53.06743621826172,538.2999877929688,300.20001220703125,301.8999938964844
2026-06-12,234.6999969482422,1911.0,1205.5999755859375,179.27999877929688,1307.9500732421875,306.1000061035156,52.84019088745117,521.5999755859375,297.0,294.20001220703125
2026-06-15,230.60000610351562,1820.5,1150.199951171875,183.67999267578125,1358.34814453125,316.3999938964844,51.37789535522461,502.8999938964844,297.20001220703125,290.0
2026-06-16,228.10000610351562,1860.5,1145.5999755859375,185.3000030517578,1392.94677734375,324.0,51.081485748291016,505.29998779296875,299.20001220703125,292.29998779296875
2026-06-17,231.0,1865.0,1170.199951171875,187.02000427246094,1389.9468994140625,324.0,51.68418884277344,509.29998779296875,301.6000061035156,296.20001220703125
2026-06-18,232.60000610351562,1840.0,1178.5999755859375,191.94000244140625,1409.546142578125,333.5,51.1802864074707,503.3999938964844,301.20001220703125,294.0
2026-06-19,232.39999389648438,1846.5,1202.5999755859375,189.4199981689453,1408.1461181640625,329.3999938964844,52.029998779296875,503.3999938964844,302.0,306.1000061035156
2026-06-22,226.3000030517578,1811.0,1189.4000244140625,189.52000427246094,1411.74609375,331.20001220703125,50.08000183105469,502.8999938964844,293.0,293.3999938964844
2026-06-23,228.0,1825.0,1166.5999755859375,193.25999450683594,1391.1468505859375,331.1000061035156,50.43000030517578,505.20001220703125,296.6000061035156,301.3999938964844
2026-06-24,225.3000030517578,1824.5,949.0,195.10000610351562,1419.145751953125,338.3999938964844,48.029998779296875,491.0,295.0,290.79998779296875
2026-06-25,218.39999389648438,1792.0,949.0,195.0800018310547,1431.9453125,343.70001220703125,46.125,489.3500061035156,289.20001220703125,285.5
2026-06-26,216.5,1808.0,946.5999755859375,191.89999389648438,1406.146240234375,332.70001220703125,46.255001068115234,487.3999938964844,287.79998779296875,278.3999938964844
2026-06-29,220.5,1808.0,970.9000244140625,191.5800018310547,1415.1458740234375,336.5,46.060001373291016,498.8500061035156,283.6000061035156,293.1000061035156
2026-06-30,224.8000030517578,1844.0,990.5,194.5399932861328,1444.5447998046875,345.0,46.92499923706055,502.79998779296875,287.20001220703125,298.29998779296875
2026-07-01,229.39999389648438,1880.0,1050.5999755859375,198.22000122070312,1460.9442138671875,349.8999938964844,48.7599983215332,519.5,292.3999938964844,307.6000061035156
2026-07-02,240.39999389648438,1982.5,1115.0,203.89999389648438,1475.1435546875,353.29998779296875,51.939998626708984,564.2000122070312,307.20001220703125,323.5
2026-07-03,238.1999969482422,1981.5,1093.4000244140625,206.14999389648438,1504.1424560546875,356.70001220703125,52.529998779296875,562.7999877929688,306.0,328.1000061035156
2026-07-06,241.10000610351562,2025.0,1130.0,209.39999389648438,1503.9425048828125,357.1000061035156,54.91999816894531,587.7000122070312,311.20001220703125,331.20001220703125
2026-07-07,237.60000610351562,1971.0,1111.5999755859375,203.9499969482422,1447.7447509765625,347.20001220703125,53.93000030517578,600.0,303.79998779296875,323.5
2026-07-08,233.6999969482422,1925.7230224609375,1058.800048828125,197.36000061035156,1399.3465576171875,332.5,53.369998931884766,586.0,297.20001220703125,321.79998779296875
2026-07-09,226.8000030517578,1839.0,1013.2000122070312,196.52000427246094,1436.3450927734375,340.0,52.189998626708984,564.0,289.6000061035156,312.6000061035156
2026-07-10,223.3000030517578,1851.0,992.0,197.25999450683594,1438.3450927734375,336.1000061035156,51.81999969482422,546.5,287.0,299.5
2026-07-13,221.10000610351562,1848.0,979.2000122070312,195.27999877929688,1415.345947265625,330.1000061035156,51.150001525878906,529.5,283.6000061035156,279.0
2026-07-14,220.0,1853.0,979.9000244140625,195.94000244140625,1402.1463623046875,327.79998779296875,51.0,524.4000244140625,284.6000061035156,279.29998779296875
2026-07-15,220.5,1813.0,976.0999755859375,195.3800048828125,1391.346923828125,330.79998779296875,50.369998931884766,520.4000244140625,280.20001220703125,275.1000061035156
2026-07-16,220.10000610351562,1834.0,963.9000244140625,195.6199951171875,1378.347412109375,329.1000061035156,49.61000061035156,516.7000122070312,278.79998779296875,272.29998779296875
2026-07-17,223.10000610351562,1880.0,984.2000122070312,194.32000732421875,1365.5478515625,329.5,50.75,567.0,285.3999938964844,277.5
2026-07-20,223.89999389648438,1875.0,990.2999877929688,191.77999877929688,1357.9481201171875,324.70001220703125,49.904998779296875,574.5999755859375,282.0,277.1000061035156
2026-07-21,225.10000610351562,1909.0,995.4000244140625,194.60000610351562,1372.5474853515625,322.8999938964844,50.65999984741211,575.7999877929688,283.6000061035156,276.79998779296875
2026-07-22,226.8000030517578,1924.0,1007.7999877929688,208.3000030517578,1391.94677734375,327.29998779296875,51.15999984741211,586.7999877929688,288.0,282.20001220703125
2026-07-23,238.3000030517578,1965.0,1017.0,204.5,1358.9481201171875,321.3999938964844,51.880001068115234,597.0,304.6000061035156,291.79998779296875
2026-07-24,236.39999389648438,1971.0,1037.5999755859375,206.0500030517578,1415.5458984375,329.79998779296875,52.2599983215332,587.4000244140625,299.20001220703125,289.79998779296875
2026-07-27,243.39999389648438,2000.0,1050.5999755859375,208.89999389648438,1413.5460205078125,333.20001220703125,53.04999923706055,601.0,304.79998779296875,291.3999938964844
2026-07-28,249.3000030517578,2025.0,1086.800048828125,212.0,1419.3458251953125,343.0,54.04999923706055,615.4000244140625,310.20001220703125,296.5
2026-07-29,245.39999389648438,2020.0,1153.4000244140625,209.89999389648438,1379.947265625,339.79998779296875,53.72999954223633,599.5999755859375,303.0,293.5
2026-07-30,243.3000030517578,2050.0,1139.5999755859375,204.0,1462.944091796875,340.29998779296875,53.720001220703125,591.2999877929688,300.0,294.8999938964844
2026-07-31,243.3000030517578,2094.0,1139.5999755859375,204.0,1467.7440185546875,340.29998779296875,53.720001220703125,591.2999877929688,300.0,294.8999938964844
2026-08-03,253.8000030517578,2143.0,1175.0,208.0,1506.742431640625,351.29998779296875,54.709999084472656,615.0999755859375,304.79998779296875,302.8999938964844
2026-08-04,262.3999938964844,2184.0,1200.800048828125,214.10000610351562,1529.341552734375,356.3999938964844,56.529998779296875,619.7000122070312,310.20001220703125,308.20001220703125
2026-08-05,261.70001220703125,2156.0,1200.5999755859375,214.9499969482422,1570.3399658203125,358.5,57.400001525878906,624.9000244140625,310.79998779296875,311.70001220703125
